area_fips,locality_name,industry_code,industry_title,annual_avg_emplvl,locality_published_employment,local_industry_share,state_industry_share,location_quotient,is_specialized,ranking_eligible_specialization
51001,Accomack County,11,"Agriculture, Forestry, Fishing and Hunting",199.0,8289.0,0.024007721076124984,0.0013468139528155627,17.825566052338548,True,True
51001,Accomack County,23,Construction,349.0,8289.0,0.04210399324405839,0.06470425061563047,0.6507144869689198,False,False
51001,Accomack County,31-33,Manufacturing,3229.0,8289.0,0.38955241886837977,0.0672927065446581,5.788924816240781,True,True
51001,Accomack County,42,Wholesale Trade,167.0,8289.0,0.020147183013632525,0.02169027363433848,0.9288579458830318,False,False
51001,Accomack County,44-45,Retail Trade,1176.0,8289.0,0.1418747737965979,0.1306402726983419,1.0859956954024224,False,False
51001,Accomack County,51,Information,96.0,8289.0,0.01158161418747738,0.014621627646955715,0.7920878897424748,False,False
51001,Accomack County,52,Finance and Insurance,199.0,8289.0,0.024007721076124984,0.03703244844786244,0.6482887867899197,False,False
51001,Accomack County,53,Real Estate and Rental and Leasing,148.0,8289.0,0.017854988539027627,0.01976416290424415,0.9034022146818802,False,False
51001,Accomack County,54,"Professional, Scientific, and Technical Services",905.0,8289.0,0.10918084207986488,0.1370489560234782,0.7966557735847389,False,False
51001,Accomack County,71,"Arts, Entertainment, and Recreation",173.0,8289.0,0.02087103390034986,0.022075563852834112,0.9454360504440927,False,False
51001,Accomack County,72,Accommodation and Food Services,1337.0,8289.0,0.1612981059235131,0.11121647217792784,1.4503076996136237,True,True
51001,Accomack County,81,Other Services,287.0,8289.0,0.03462420074797925,0.04436895963131947,0.7803699035471293,False,False
51001,Accomack County,99,Unclassified,24.0,8289.0,0.002895403546869345,0.002188870490411141,1.3227843125270944,True,False
51003,Albemarle County,11,"Agriculture, Forestry, Fishing and Hunting",719.0,40694.0,0.01766845235169804,0.0013468139528155627,13.118703080526831,True,True
51003,Albemarle County,21,"Mining, Quarrying, and Oil and Gas Extraction",43.0,40694.0,0.0010566668304909815,0.0003393412966785737,3.113876326970788,True,False
51003,Albemarle County,22,Utilities,24.0,40694.0,0.000589767533297292,0.002142581206210252,0.27526029425995907,False,False
51003,Albemarle County,23,Construction,2266.0,40694.0,0.05568388460215265,0.06470425061563047,0.8605908278412425,False,False
51003,Albemarle County,31-33,Manufacturing,2428.0,40694.0,0.059664815451909374,0.0672927065446581,0.8866460945855023,False,False
51003,Albemarle County,42,Wholesale Trade,675.0,40694.0,0.016587211873986336,0.02169027363433848,0.7647304111335256,False,False
51003,Albemarle County,44-45,Retail Trade,5478.0,40694.0,0.1346144394751069,0.1306402726983419,1.0304206864750016,False,False
51003,Albemarle County,48-49,Transportation and Warehousing,825.0,40694.0,0.020273258957094413,0.05047574152199847,0.4016436083115068,False,False
51003,Albemarle County,51,Information,822.0,40694.0,0.02019953801543225,0.014621627646955715,1.3814835463709731,True,True
51003,Albemarle County,52,Finance and Insurance,1043.0,40694.0,0.02563031405121148,0.03703244844786244,0.6921042254955437,False,False
51003,Albemarle County,53,Real Estate and Rental and Leasing,1139.0,40694.0,0.02798938418440065,0.01976416290424415,1.4161684620799304,True,True
51003,Albemarle County,54,"Professional, Scientific, and Technical Services",4035.0,40694.0,0.09915466653560721,0.1370489560234782,0.7234981528689703,False,False
51003,Albemarle County,55,Management of Companies and Enterprises,1234.0,40694.0,0.030323880670369095,0.02744546118252103,1.1048777963214267,False,False
51003,Albemarle County,56,Administrative and Support and Waste Management,2124.0,40694.0,0.05219442669681034,0.06910888022477532,0.7552492028093779,False,False
51003,Albemarle County,61,Educational Services,1096.0,40694.0,0.026932717353909667,0.020240329879222408,1.330646166076438,True,True
51003,Albemarle County,62,Health Care and Social Assistance,8447.0,40694.0,0.20757359807342607,0.15625628606777636,1.3284175843229165,True,True
51003,Albemarle County,71,"Arts, Entertainment, and Recreation",1783.0,40694.0,0.04381481299454465,0.022075563852834112,1.984765294632309,True,True
51003,Albemarle County,72,Accommodation and Food Services,4516.0,40694.0,0.11097459084877377,0.11121647217792784,0.9978251303568855,False,False
51003,Albemarle County,81,Other Services,1859.0,40694.0,0.04568241018331941,0.04436895963131947,1.0296029152568362,False,False
51003,Albemarle County,99,Unclassified,138.0,40694.0,0.003391163316459429,0.002188870490411141,1.5492754511128972,True,True
51005,Alleghany County,31-33,Manufacturing,339.0,1765.0,0.19206798866855523,0.0672927065446581,2.8542170248582783,True,True
51005,Alleghany County,44-45,Retail Trade,240.0,1765.0,0.1359773371104816,0.1306402726983419,1.0408531328196426,False,False
51005,Alleghany County,48-49,Transportation and Warehousing,91.0,1765.0,0.05155807365439093,0.05047574152199847,1.0214426197566757,False,False
51005,Alleghany County,54,"Professional, Scientific, and Technical Services",77.0,1765.0,0.04362606232294618,0.1370489560234782,0.31832465995196996,False,False
51005,Alleghany County,61,Educational Services,69.0,1765.0,0.039093484419263455,0.020240329879222408,1.9314647860257772,True,False
51005,Alleghany County,62,Health Care and Social Assistance,830.0,1765.0,0.4702549575070821,0.15625628606777636,3.009510652922523,True,True
51005,Alleghany County,81,Other Services,119.0,1765.0,0.06742209631728045,0.04436895963131947,1.519578031072157,True,True
51007,Amelia County,23,Construction,444.0,1207.0,0.36785418392709196,0.06470425061563047,5.68516257320242,True,True
51007,Amelia County,31-33,Manufacturing,212.0,1207.0,0.1756420878210439,0.0672927065446581,2.6101207224364034,True,True
51007,Amelia County,42,Wholesale Trade,117.0,1207.0,0.09693454846727423,0.02169027363433848,4.469032991534714,True,True
51007,Amelia County,44-45,Retail Trade,211.0,1207.0,0.1748135874067937,0.1306402726983419,1.3381293822805411,True,True
51007,Amelia County,52,Finance and Insurance,32.0,1207.0,0.026512013256006627,0.03703244844786244,0.715913053746165,False,False
51007,Amelia County,54,"Professional, Scientific, and Technical Services",101.0,1207.0,0.08367854183927093,0.1370489560234782,0.6105740916766688,False,False
51007,Amelia County,81,Other Services,90.0,1207.0,0.07456503728251865,0.04436895963131947,1.6805676288583553,True,False
51009,Amherst County,31-33,Manufacturing,1386.0,3931.0,0.35258204019333506,0.0672927065446581,5.239528298053336,True,True
51009,Amherst County,42,Wholesale Trade,132.0,3931.0,0.03357924192317476,0.02169027363433848,1.54812440309718,True,True
51009,Amherst County,44-45,Retail Trade,1074.0,3931.0,0.2732129229203765,0.1306402726983419,2.0913376654628197,True,True
51009,Amherst County,48-49,Transportation and Warehousing,127.0,3931.0,0.03230730094123633,0.05047574152199847,0.6400559945643607,False,False
51009,Amherst County,52,Finance and Insurance,109.0,3931.0,0.02772831340625795,0.03703244844786244,0.7487572269302237,False,False
51009,Amherst County,53,Real Estate and Rental and Leasing,20.0,3931.0,0.005087763927753753,0.01976416290424415,0.2574236992683969,False,False
51009,Amherst County,54,"Professional, Scientific, and Technical Services",188.0,3931.0,0.047824980920885274,0.1370489560234782,0.3489627524976714,False,False
51009,Amherst County,71,"Arts, Entertainment, and Recreation",80.0,3931.0,0.02035105571101501,0.022075563852834112,0.9218815812218674,False,False
51009,Amherst County,72,Accommodation and Food Services,641.0,3931.0,0.16306283388450776,0.11121647217792784,1.4661752049070067,True,True
51009,Amherst County,81,Other Services,174.0,3931.0,0.04426354617145765,0.04436895963131947,0.9976241620101588,False,False
51011,Appomattox County,23,Construction,421.0,1918.0,0.21949947862356622,0.06470425061563047,3.3923502171052453,True,True
51011,Appomattox County,31-33,Manufacturing,98.0,1918.0,0.051094890510948905,0.0672927065446581,0.7592931408850425,False,False
51011,Appomattox County,42,Wholesale Trade,50.0,1918.0,0.026068821689259645,0.02169027363433848,1.2018668887601935,False,False
51011,Appomattox County,44-45,Retail Trade,669.0,1918.0,0.3488008342022941,0.1306402726983419,2.6699334515911572,True,True
51011,Appomattox County,52,Finance and Insurance,52.0,1918.0,0.027111574556830033,0.03703244844786244,0.7321032146983235,False,False
51011,Appomattox County,56,Administrative and Support and Waste Management,53.0,1918.0,0.027632950990615225,0.06910888022477532,0.3998466029364038,False,False
51011,Appomattox County,71,"Arts, Entertainment, and Recreation",70.0,1918.0,0.0364963503649635,0.022075563852834112,1.6532465765434126,True,False
51011,Appomattox County,72,Accommodation and Food Services,335.0,1918.0,0.17466110531803963,0.11121647217792784,1.5704607590736286,True,True
51011,Appomattox County,81,Other Services,170.0,1918.0,0.0886339937434828,0.04436895963131947,1.997657697633217,True,True
51013,Arlington County,22,Utilities,412.0,135689.0,0.003036355194599415,0.002142581206210252,1.4171482442759074,True,True
51013,Arlington County,23,Construction,2199.0,135689.0,0.016206177361466293,0.06470425061563047,0.25046542085368656,False,False
51013,Arlington County,42,Wholesale Trade,1361.0,135689.0,0.010030289854004377,0.02169027363433848,0.46243261026108695,False,False
51013,Arlington County,44-45,Retail Trade,7419.0,135689.0,0.05467650288527441,0.1306402726983419,0.41852716437240234,False,False
51013,Arlington County,48-49,Transportation and Warehousing,11007.0,135689.0,0.08111932433727126,0.05047574152199847,1.6070952479602032,True,True
51013,Arlington County,52,Finance and Insurance,3149.0,135689.0,0.023207481815032908,0.03703244844786244,0.6266796495431961,False,False
51013,Arlington County,53,Real Estate and Rental and Leasing,4112.0,135689.0,0.030304593592700955,0.01976416290424415,1.5333102514649561,True,True
51013,Arlington County,54,"Professional, Scientific, and Technical Services",48108.0,135689.0,0.35454605752861323,0.1370489560234782,2.5870029791972664,True,True
51013,Arlington County,55,Management of Companies and Enterprises,7881.0,135689.0,0.05808134778795628,0.02744546118252103,2.1162460124716755,True,True
51013,Arlington County,56,Administrative and Support and Waste Management,6975.0,135689.0,0.05140431427750223,0.06910888022477532,0.7438163389467558,False,False
51013,Arlington County,61,Educational Services,3595.0,135689.0,0.02649441001112839,0.020240329879222408,1.3089910178947266,True,True
51013,Arlington County,62,Health Care and Social Assistance,11159.0,135689.0,0.08223953304984191,0.15625628606777636,0.526311837554941,False,False
51013,Arlington County,71,"Arts, Entertainment, and Recreation",2942.0,135689.0,0.02168193442357155,0.022075563852834112,0.9821689977258711,False,False
51013,Arlington County,72,Accommodation and Food Services,14802.0,135689.0,0.10908769318072946,0.11121647217792784,0.9808591393387062,False,False
51013,Arlington County,81,Other Services,10568.0,135689.0,0.07788398470030732,0.04436895963131947,1.7553709924117769,True,True
51015,Augusta County,23,Construction,2141.0,25050.0,0.0854690618762475,0.06470425061563047,1.320918812335351,True,True
51015,Augusta County,31-33,Manufacturing,6744.0,25050.0,0.26922155688622756,0.0672927065446581,4.000753881218338,True,True
51015,Augusta County,44-45,Retail Trade,2115.0,25050.0,0.0844311377245509,0.1306402726983419,0.6462872128222562,False,False
51015,Augusta County,48-49,Transportation and Warehousing,4326.0,25050.0,0.17269461077844311,0.05047574152199847,3.421338757414369,True,True
51015,Augusta County,51,Information,57.0,25050.0,0.0022754491017964074,0.014621627646955715,0.1556221480082736,False,False
51015,Augusta County,52,Finance and Insurance,330.0,25050.0,0.013173652694610778,0.03703244844786244,0.3557326951567303,False,False
51015,Augusta County,53,Real Estate and Rental and Leasing,213.0,25050.0,0.008502994011976048,0.01976416290424415,0.43022282568568176,False,False
51015,Augusta County,54,"Professional, Scientific, and Technical Services",467.0,25050.0,0.018642714570858282,0.1370489560234782,0.1360295992890639,False,False
51015,Augusta County,55,Management of Companies and Enterprises,70.0,25050.0,0.0027944111776447107,0.02744546118252103,0.10181687817380765,False,False
51015,Augusta County,56,Administrative and Support and Waste Management,1300.0,25050.0,0.05189620758483034,0.06910888022477532,0.7509339959790827,False,False
51015,Augusta County,61,Educational Services,542.0,25050.0,0.02163672654690619,0.020240329879222408,1.0689908057831232,False,False
51015,Augusta County,62,Health Care and Social Assistance,4673.0,25050.0,0.18654690618762476,0.15625628606777636,1.1938521699326055,False,False
51015,Augusta County,71,"Arts, Entertainment, and Recreation",74.0,25050.0,0.0029540918163672653,0.022075563852834112,0.13381727579239214,False,False
51015,Augusta County,72,Accommodation and Food Services,1542.0,25050.0,0.06155688622754491,0.11121647217792784,0.553487132095542,False,False
51015,Augusta County,81,Other Services,398.0,25050.0,0.015888223552894213,0.04436895963131947,0.358093218432801,False,False
51015,Augusta County,99,Unclassified,58.0,25050.0,0.002315369261477046,0.002188870490411141,1.0577918024935977,False,False
51017,Bath County,44-45,Retail Trade,53.0,216.0,0.24537037037037038,0.1306402726983419,1.8782138562811237,True,False
51017,Bath County,54,"Professional, Scientific, and Technical Services",125.0,216.0,0.5787037037037037,0.1370489560234782,4.222605705982646,True,True
51017,Bath County,81,Other Services,38.0,216.0,0.17592592592592593,0.04436895963131947,3.9650676370996565,True,False
51019,Bedford County,23,Construction,1330.0,15292.0,0.08697358095736332,0.06470425061563047,1.3441710572311814,True,True
51019,Bedford County,31-33,Manufacturing,1858.0,15292.0,0.12150143866073763,0.0672927065446581,1.8055662329483577,True,True
51019,Bedford County,42,Wholesale Trade,707.0,15292.0,0.04623332461417735,0.02169027363433848,2.131523345145083,True,True
51019,Bedford County,44-45,Retail Trade,2536.0,15292.0,0.16583834684802512,0.1306402726983419,1.2694274393544644,True,True
51019,Bedford County,51,Information,69.0,15292.0,0.0045121632226000526,0.014621627646955715,0.30859513944328243,False,False
51019,Bedford County,52,Finance and Insurance,445.0,15292.0,0.0291001831022757,0.03703244844786244,0.7858022983072673,False,False
51019,Bedford County,53,Real Estate and Rental and Leasing,436.0,15292.0,0.02851164007324091,0.01976416290424415,1.442592849056022,True,True
51019,Bedford County,54,"Professional, Scientific, and Technical Services",1067.0,15292.0,0.06977504577556892,0.1370489560234782,0.5091249711060593,False,False
51019,Bedford County,55,Management of Companies and Enterprises,240.0,15292.0,0.01569448077426105,0.02744546118252103,0.5718424868100329,False,False
51019,Bedford County,56,Administrative and Support and Waste Management,939.0,15292.0,0.061404656029296366,0.06910888022477532,0.8885204886778499,False,False
51019,Bedford County,61,Educational Services,211.0,15292.0,0.013798064347371174,0.020240329879222408,0.6817114360144642,False,False
51019,Bedford County,62,Health Care and Social Assistance,2446.0,15292.0,0.1599529165576772,0.15625628606777636,1.0236574833750844,False,False
51019,Bedford County,71,"Arts, Entertainment, and Recreation",390.0,15292.0,0.025503531258174207,0.022075563852834112,1.1552833453402371,False,False
51019,Bedford County,72,Accommodation and Food Services,1566.0,15292.0,0.10240648705205337,0.11121647217792784,0.9207852492229751,False,False
51019,Bedford County,81,Other Services,958.0,15292.0,0.06264713575725869,0.04436895963131947,1.4119586367996986,True,True
51019,Bedford County,99,Unclassified,94.0,15292.0,0.006147004969918912,0.002188870490411141,2.8082999870697263,True,False
51021,Bland County,31-33,Manufacturing,722.0,1021.0,0.7071498530852106,0.0672927065446581,10.508566074926975,True,True
51021,Bland County,44-45,Retail Trade,120.0,1021.0,0.11753183153770813,0.1306402726983419,0.8996600291021886,False,False
51021,Bland County,54,"Professional, Scientific, and Technical Services",63.0,1021.0,0.061704211557296766,0.1370489560234782,0.45023481643104285,False,False
51021,Bland County,56,Administrative and Support and Waste Management,84.0,1021.0,0.08227228207639568,0.06910888022477532,1.190473377788884,False,False
51021,Bland County,81,Other Services,32.0,1021.0,0.031341821743388835,0.04436895963131947,0.7063907291002842,False,False
51023,Botetourt County,22,Utilities,13.0,9346.0,0.0013909693986732291,0.002142581206210252,0.6492026508220631,False,False
51023,Botetourt County,23,Construction,712.0,9346.0,0.07618232398887224,0.06470425061563047,1.1773928801281726,False,False
51023,Botetourt County,31-33,Manufacturing,2288.0,9346.0,0.24481061416648833,0.0672927065446581,3.6379962515554687,True,True
51023,Botetourt County,42,Wholesale Trade,1758.0,9346.0,0.1881018617590413,0.02169027363433848,8.672175599539324,True,True
51023,Botetourt County,44-45,Retail Trade,781.0,9346.0,0.08356516156644554,0.1306402726983419,0.6396585053018352,False,False
51023,Botetourt County,48-49,Transportation and Warehousing,920.0,9346.0,0.09843783436764392,0.05047574152199847,1.9502008568758218,True,True
51023,Botetourt County,51,Information,26.0,9346.0,0.0027819387973464582,0.014621627646955715,0.19026190958471506,False,False
51023,Botetourt County,52,Finance and Insurance,194.0,9346.0,0.02075754333404665,0.03703244844786244,0.5605231142972078,False,False
51023,Botetourt County,53,Real Estate and Rental and Leasing,105.0,9346.0,0.01123475283543762,0.01976416290424415,0.5684406109112303,False,False
51023,Botetourt County,54,"Professional, Scientific, and Technical Services",289.0,9346.0,0.030922319708966403,0.1370489560234782,0.2256297355790804,False,False
51023,Botetourt County,55,Management of Companies and Enterprises,153.0,9346.0,0.01637063984592339,0.02744546118252103,0.5964789491804651,False,False
51023,Botetourt County,56,Administrative and Support and Waste Management,901.0,9346.0,0.09640487909265996,0.06910888022477532,1.3949709325213333,True,True
51023,Botetourt County,71,"Arts, Entertainment, and Recreation",25.0,9346.0,0.0026749411512946714,0.022075563852834112,0.12117204204282447,False,False
51023,Botetourt County,72,Accommodation and Food Services,913.0,9346.0,0.09768885084528141,0.11121647217792784,0.8783667466901441,False,False
51023,Botetourt County,81,Other Services,216.0,9346.0,0.02311149154718596,0.04436895963131947,0.5208932492271435,False,False
51023,Botetourt County,99,Unclassified,52.0,9346.0,0.0055638775946929165,0.002188870490411141,2.541894378432522,True,False
51025,Brunswick County,23,Construction,196.0,1214.0,0.1614497528830313,0.06470425061563047,2.495195467792501,True,True
51025,Brunswick County,31-33,Manufacturing,261.0,1214.0,0.21499176276771004,0.0672927065446581,3.1948746574048554,True,True
51025,Brunswick County,44-45,Retail Trade,245.0,1214.0,0.20181219110378912,0.1306402726983419,1.54479309431471,True,True
51025,Brunswick County,48-49,Transportation and Warehousing,166.0,1214.0,0.13673805601317957,0.05047574152199847,2.7089855817885513,True,True
51025,Brunswick County,52,Finance and Insurance,107.0,1214.0,0.08813838550247118,0.03703244844786244,2.3800312751818233,True,True
51025,Brunswick County,53,Real Estate and Rental and Leasing,9.0,1214.0,0.007413509060955519,0.01976416290424415,0.375098560807933,False,False
51025,Brunswick County,56,Administrative and Support and Waste Management,230.0,1214.0,0.18945634266886327,0.06910888022477532,2.7414182092469175,True,True
51027,Buchanan County,23,Construction,106.0,2419.0,0.043819760231500623,0.06470425061563047,0.6772315545667594,False,False
51027,Buchanan County,31-33,Manufacturing,249.0,2419.0,0.10293509714758164,0.0672927065446581,1.529662015886816,True,True
51027,Buchanan County,42,Wholesale Trade,187.0,2419.0,0.07730467135179826,0.02169027363433848,3.564024717024089,True,True
51027,Buchanan County,44-45,Retail Trade,600.0,2419.0,0.24803637866887143,0.1306402726983419,1.898621103169356,True,True
51027,Buchanan County,51,Information,17.0,2419.0,0.007027697395618024,0.014621627646955715,0.4806371469240102,False,False
51027,Buchanan County,52,Finance and Insurance,93.0,2419.0,0.03844563869367507,0.03703244844786244,1.038160864459239,False,False
51027,Buchanan County,53,Real Estate and Rental and Leasing,28.0,2419.0,0.011575031004547334,0.01976416290424415,0.5856575388812301,False,False
51027,Buchanan County,54,"Professional, Scientific, and Technical Services",170.0,2419.0,0.07027697395618024,0.1370489560234782,0.5127873717194965,False,False
51027,Buchanan County,61,Educational Services,166.0,2419.0,0.06862339809838776,0.020240329879222408,3.390428837270716,True,True
51027,Buchanan County,62,Health Care and Social Assistance,678.0,2419.0,0.2802811078958247,0.15625628606777636,1.7937269274034353,True,True
51027,Buchanan County,81,Other Services,120.0,2419.0,0.049607275733774284,0.04436895963131947,1.1180626308568469,False,False
51027,Buchanan County,99,Unclassified,5.0,2419.0,0.002066969822240595,0.002188870490411141,0.9443088713084853,False,False
51029,Buckingham County,23,Construction,184.0,1551.0,0.11863313990973566,0.06470425061563047,1.8334674890907043,True,True
51029,Buckingham County,31-33,Manufacturing,125.0,1551.0,0.08059316569954868,0.0672927065446581,1.1976508278213458,False,False
51029,Buckingham County,44-45,Retail Trade,250.0,1551.0,0.16118633139909735,0.1306402726983419,1.233818087407767,False,False
51029,Buckingham County,48-49,Transportation and Warehousing,97.0,1551.0,0.06254029658284978,0.05047574152199847,1.2390168959794934,False,False
51029,Buckingham County,52,Finance and Insurance,47.0,1551.0,0.030303030303030304,0.03703244844786244,0.8182831968481262,False,False
51029,Buckingham County,54,"Professional, Scientific, and Technical Services",78.0,1551.0,0.05029013539651837,0.1370489560234782,0.36695015311100254,False,False
51029,Buckingham County,55,Management of Companies and Enterprises,31.0,1551.0,0.019987105093488073,0.02744546118252103,0.7282481048712383,False,False
51029,Buckingham County,56,Administrative and Support and Waste Management,46.0,1551.0,0.029658284977433915,0.06910888022477532,0.4291530246325929,False,False
51029,Buckingham County,61,Educational Services,53.0,1551.0,0.03417150225660864,0.020240329879222408,1.688287812526573,True,False
51029,Buckingham County,62,Health Care and Social Assistance,463.0,1551.0,0.2985170857511283,0.15625628606777636,1.9104324905152688,True,True
51029,Buckingham County,72,Accommodation and Food Services,96.0,1551.0,0.061895551257253385,0.11121647217792784,0.5565322298501864,False,False
51029,Buckingham County,81,Other Services,81.0,1551.0,0.05222437137330754,0.04436895963131947,1.1770474630746817,False,False
51031,Campbell County,22,Utilities,88.0,14438.0,0.006095027012051531,0.002142581206210252,2.8447122537923653,True,False
51031,Campbell County,23,Construction,1971.0,14438.0,0.136514752735836,0.06470425061563047,2.10982665647098,True,True
51031,Campbell County,31-33,Manufacturing,4662.0,14438.0,0.32289790829754816,0.0672927065446581,4.798408696539205,True,True
51031,Campbell County,42,Wholesale Trade,853.0,14438.0,0.05908020501454495,0.02169027363433848,2.7238109583372623,True,True
51031,Campbell County,44-45,Retail Trade,2309.0,14438.0,0.1599251973957612,0.1306402726983419,1.2241646017154324,False,False
51031,Campbell County,48-49,Transportation and Warehousing,445.0,14438.0,0.030821443413215126,0.05047574152199847,0.6106189326566395,False,False
51031,Campbell County,51,Information,161.0,14438.0,0.011151128965230642,0.014621627646955715,0.7626462138469484,False,False
51031,Campbell County,52,Finance and Insurance,419.0,14438.0,0.029020639977836264,0.03703244844786244,0.7836543678361989,False,False
51031,Campbell County,53,Real Estate and Rental and Leasing,162.0,14438.0,0.011220390635822136,0.01976416290424415,0.567713932038714,False,False
51031,Campbell County,54,"Professional, Scientific, and Technical Services",578.0,14438.0,0.04003324560188392,0.1370489560234782,0.29210908833939403,False,False
51031,Campbell County,55,Management of Companies and Enterprises,96.0,14438.0,0.006649120376783488,0.02744546118252103,0.2422666659730994,False,False
51031,Campbell County,56,Administrative and Support and Waste Management,736.0,14438.0,0.050976589555340075,0.06910888022477532,0.737627196237874,False,False
51031,Campbell County,71,"Arts, Entertainment, and Recreation",180.0,14438.0,0.01246710070646904,0.022075563852834112,0.5647466488095381,False,False
51031,Campbell County,72,Accommodation and Food Services,1326.0,14438.0,0.09184097520432193,0.11121647217792784,0.8257857258535557,False,False
51031,Campbell County,81,Other Services,360.0,14438.0,0.02493420141293808,0.04436895963131947,0.561973993082708,False,False
51031,Campbell County,99,Unclassified,92.0,14438.0,0.006372073694417509,0.002188870490411141,2.9111241264989722,True,False
51033,Caroline County,22,Utilities,128.0,2757.0,0.04642727602466449,0.002142581206210252,21.668852452404348,True,True
51033,Caroline County,23,Construction,363.0,2757.0,0.13166485310119697,0.06470425061563047,2.034871771923296,True,True
51033,Caroline County,42,Wholesale Trade,358.0,2757.0,0.1298512876314835,0.02169027363433848,5.9866136232561065,True,True
51033,Caroline County,44-45,Retail Trade,663.0,2757.0,0.24047878128400435,0.1306402726983419,1.840770662193026,True,True
51033,Caroline County,48-49,Transportation and Warehousing,262.0,2757.0,0.09503083061298513,0.05047574152199847,1.8827030123285766,True,True
51033,Caroline County,52,Finance and Insurance,66.0,2757.0,0.023939064200217627,0.03703244844786244,0.6464348214491181,False,False
51033,Caroline County,71,"Arts, Entertainment, and Recreation",69.0,2757.0,0.025027203482045703,0.022075563852834112,1.1337061942738398,False,False
51033,Caroline County,72,Accommodation and Food Services,459.0,2757.0,0.16648531011969533,0.11121647217792784,1.4969483104386423,True,True
51033,Caroline County,81,Other Services,310.0,2757.0,0.11244105912223432,0.04436895963131947,2.5342279840806463,True,True
51033,Caroline County,99,Unclassified,79.0,2757.0,0.028654334421472614,0.002188870490411141,13.090922714249029,True,False
51035,Carroll County,23,Construction,210.0,2353.0,0.08924776880577985,0.06470425061563047,1.3793184830460035,True,True
51035,Carroll County,31-33,Manufacturing,643.0,2353.0,0.2732681682957926,0.0672927065446581,4.060888353694631,True,True
51035,Carroll County,42,Wholesale Trade,249.0,2353.0,0.10582235444113897,0.02169027363433848,4.878792966152747,True,True
51035,Carroll County,44-45,Retail Trade,767.0,2353.0,0.3259668508287293,0.1306402726983419,2.4951482731623726,True,True
51035,Carroll County,51,Information,6.0,2353.0,0.0025499362515937103,0.014621627646955715,0.17439482889065486,False,False
51035,Carroll County,52,Finance and Insurance,65.0,2353.0,0.027624309392265192,0.03703244844786244,0.7459487706074078,False,False
51035,Carroll County,53,Real Estate and Rental and Leasing,15.0,2353.0,0.006374840628984276,0.01976416290424415,0.32254544044541067,False,False
51035,Carroll County,54,"Professional, Scientific, and Technical Services",192.0,2353.0,0.08159796005099873,0.1370489560234782,0.595392788231236,False,False
51035,Carroll County,81,Other Services,168.0,2353.0,0.07139821504462389,0.04436895963131947,1.6091929050827873,True,True
51035,Carroll County,99,Unclassified,38.0,2353.0,0.016149596260093498,0.002188870490411141,7.378050154561716,True,False
51036,Charles City County,23,Construction,482.0,1329.0,0.36267870579382994,0.06470425061563047,5.605175894058163,True,True
51036,Charles City County,31-33,Manufacturing,132.0,1329.0,0.09932279909706546,0.0672927065446581,1.4759816360061386,True,True
51036,Charles City County,42,Wholesale Trade,78.0,1329.0,0.05869074492099323,0.02169027363433848,2.7058554405730626,True,False
51036,Charles City County,48-49,Transportation and Warehousing,496.0,1329.0,0.3732129420617005,0.05047574152199847,7.3939070691818545,True,True
51036,Charles City County,56,Administrative and Support and Waste Management,61.0,1329.0,0.04589917231000752,0.06910888022477532,0.6641573725506958,False,False
51036,Charles City County,71,"Arts, Entertainment, and Recreation",31.0,1329.0,0.023325808878856283,0.022075563852834112,1.0566347946696575,False,False
51036,Charles City County,72,Accommodation and Food Services,49.0,1329.0,0.03686982693754703,0.11121647217792784,0.3315140843396061,False,False
51037,Charlotte County,23,Construction,135.0,1307.0,0.10328997704667177,0.06470425061563047,1.5963399013807638,True,True
51037,Charlotte County,31-33,Manufacturing,457.0,1307.0,0.3496557000765111,0.0672927065446581,5.196041562757856,True,True
51037,Charlotte County,42,Wholesale Trade,90.0,1307.0,0.06885998469778118,0.02169027363433848,3.1746941444190453,True,False
51037,Charlotte County,44-45,Retail Trade,240.0,1307.0,0.18362662586074982,0.1306402726983419,1.4055897317725088,True,True
51037,Charlotte County,48-49,Transportation and Warehousing,176.0,1307.0,0.13465952563121653,0.05047574152199847,2.667806783433362,True,True
51037,Charlotte County,51,Information,10.0,1307.0,0.0076511094108645756,0.014621627646955715,0.5232734409330667,False,False
51037,Charlotte County,52,Finance and Insurance,48.0,1307.0,0.036725325172149964,0.03703244844786244,0.9917066440760764,False,False
51037,Charlotte County,53,Real Estate and Rental and Leasing,8.0,1307.0,0.00612088752869166,0.01976416290424415,0.3096962698772971,False,False
51037,Charlotte County,71,"Arts, Entertainment, and Recreation",29.0,1307.0,0.02218821729150727,0.022075563852834112,1.0051030831839294,False,False
51037,Charlotte County,72,Accommodation and Food Services,52.0,1307.0,0.03978576893649579,0.11121647217792784,0.3577327005377871,False,False
51037,Charlotte County,81,Other Services,37.0,1307.0,0.028309104820198928,0.04436895963131947,0.6380385083497856,False,False
51037,Charlotte County,99,Unclassified,25.0,1307.0,0.019127773527161437,0.002188870490411141,8.738650190111805,True,False
51041,Chesterfield County,11,"Agriculture, Forestry, Fishing and Hunting",223.0,124705.0,0.001788220199671224,0.0013468139528155627,1.3277410706451964,True,True
51041,Chesterfield County,21,"Mining, Quarrying, and Oil and Gas Extraction",53.0,124705.0,0.00042500300709674834,0.0003393412966785737,1.2524352657829148,True,False
51041,Chesterfield County,22,Utilities,522.0,124705.0,0.004185878673669861,0.002142581206210252,1.9536616215698754,True,True
51041,Chesterfield County,23,Construction,11245.0,124705.0,0.09017280782647047,0.06470425061563047,1.3936149011621133,True,True
51041,Chesterfield County,31-33,Manufacturing,8877.0,124705.0,0.07118399422637424,0.0672927065446581,1.0578262917562058,False,False
51041,Chesterfield County,42,Wholesale Trade,4651.0,124705.0,0.03729601860390522,0.02169027363433848,1.7194812399628212,True,True
51041,Chesterfield County,44-45,Retail Trade,18615.0,124705.0,0.1492722825869051,0.1306402726983419,1.1426207210358927,False,False
51041,Chesterfield County,48-49,Transportation and Warehousing,12614.0,124705.0,0.1011507156890261,0.05047574152199847,2.0039470969424458,True,True
51041,Chesterfield County,51,Information,1445.0,124705.0,0.011587346136883043,0.014621627646955715,0.7924799083018352,False,False
51041,Chesterfield County,52,Finance and Insurance,3367.0,124705.0,0.026999719337636823,0.03703244844786244,0.7290827495689198,False,False
51041,Chesterfield County,53,Real Estate and Rental and Leasing,1700.0,124705.0,0.013632171925744757,0.01976416290424415,0.6897419330022517,False,False
51041,Chesterfield County,54,"Professional, Scientific, and Technical Services",8522.0,124705.0,0.06833727597129224,0.1370489560234782,0.49863404986160725,False,False
51041,Chesterfield County,55,Management of Companies and Enterprises,1374.0,124705.0,0.011018002485866644,0.02744546118252103,0.4014508050199423,False,False
51041,Chesterfield County,56,Administrative and Support and Waste Management,8848.0,124705.0,0.07095144541117036,0.06910888022477532,1.02666177169131,False,False
51041,Chesterfield County,61,Educational Services,1657.0,124705.0,0.013287358165270038,0.020240329879222408,0.656479328378442,False,False
51041,Chesterfield County,62,Health Care and Social Assistance,18656.0,124705.0,0.1496010584980554,0.15625628606777636,0.9574082570551162,False,False
51041,Chesterfield County,71,"Arts, Entertainment, and Recreation",3280.0,124705.0,0.02630207289202518,0.022075563852834112,1.1914564478337644,False,False
51041,Chesterfield County,72,Accommodation and Food Services,13149.0,124705.0,0.1054408403833046,0.11121647217792784,0.9480685578177378,False,False
51041,Chesterfield County,81,Other Services,5464.0,124705.0,0.04381540435427609,0.04436895963131947,0.9875238166131659,False,False
51041,Chesterfield County,99,Unclassified,443.0,124705.0,0.0035523836253558397,0.002188870490411141,1.622930018435484,True,True
51043,Clarke County,23,Construction,526.0,3032.0,0.17348284960422164,0.06470425061563047,2.681166197794025,True,True
51043,Clarke County,31-33,Manufacturing,587.0,3032.0,0.19360158311345646,0.0672927065446581,2.877006930683859,True,True
51043,Clarke County,42,Wholesale Trade,100.0,3032.0,0.032981530343007916,0.02169027363433848,1.5205677392097963,True,True
51043,Clarke County,44-45,Retail Trade,330.0,3032.0,0.10883905013192612,0.1306402726983419,0.8331202001027934,False,False
51043,Clarke County,48-49,Transportation and Warehousing,24.0,3032.0,0.0079155672823219,0.05047574152199847,0.1568192371948041,False,False
51043,Clarke County,51,Information,25.0,3032.0,0.008245382585751979,0.014621627646955715,0.5639168760715024,False,False
51043,Clarke County,52,Finance and Insurance,80.0,3032.0,0.026385224274406333,0.03703244844786244,0.7124893270709278,False,False
51043,Clarke County,53,Real Estate and Rental and Leasing,25.0,3032.0,0.008245382585751979,0.01976416290424415,0.417188556160978,False,False
51043,Clarke County,54,"Professional, Scientific, and Technical Services",269.0,3032.0,0.0887203166226913,0.1370489560234782,0.6473622214786693,False,False
51043,Clarke County,61,Educational Services,298.0,3032.0,0.09828496042216359,0.020240329879222408,4.855897162182986,True,True
51043,Clarke County,62,Health Care and Social Assistance,343.0,3032.0,0.11312664907651715,0.15625628606777636,0.7239814277132398,False,False
51043,Clarke County,71,"Arts, Entertainment, and Recreation",34.0,3032.0,0.011213720316622692,0.022075563852834112,0.5079698254313467,False,False
51043,Clarke County,72,Accommodation and Food Services,243.0,3032.0,0.08014511873350924,0.11121647217792784,0.7206227383771928,False,False
51043,Clarke County,81,Other Services,136.0,3032.0,0.044854881266490766,0.04436895963131947,1.0109518374829842,False,False
51043,Clarke County,99,Unclassified,12.0,3032.0,0.00395778364116095,0.002188870490411141,1.8081397042442424,True,False
51045,Craig County,44-45,Retail Trade,106.0,106.0,1.0,0.1306402726983419,7.654607414277788,True,True
51047,Culpeper County,11,"Agriculture, Forestry, Fishing and Hunting",248.0,11318.0,0.021911998586322673,0.0013468139528155627,16.269506668322567,True,True
51047,Culpeper County,31-33,Manufacturing,1175.0,11318.0,0.1038169287860046,0.0672927065446581,1.5427664321557282,True,True
51047,Culpeper County,42,Wholesale Trade,449.0,11318.0,0.03967132002120516,0.02169027363433848,1.8289912192901236,True,True
51047,Culpeper County,44-45,Retail Trade,2353.0,11318.0,0.20789892207103727,0.1306402726983419,1.5913846303053218,True,True
51047,Culpeper County,52,Finance and Insurance,202.0,11318.0,0.017847676267891854,0.03703244844786244,0.48194696856243235,False,False
51047,Culpeper County,53,Real Estate and Rental and Leasing,127.0,11318.0,0.011221063792189432,0.01976416290424415,0.5677479914810774,False,False
51047,Culpeper County,54,"Professional, Scientific, and Technical Services",1003.0,11318.0,0.0886198975083937,0.1370489560234782,0.64662949707703,False,False
51047,Culpeper County,55,Management of Companies and Enterprises,71.0,11318.0,0.006273193143664958,0.02744546118252103,0.2285694199833711,False,False
51047,Culpeper County,56,Administrative and Support and Waste Management,963.0,11318.0,0.08508570418801908,0.06910888022477532,1.2311833719672414,False,False
51047,Culpeper County,61,Educational Services,95.0,11318.0,0.008393709135889733,0.020240329879222408,0.4147021904275506,False,False
51047,Culpeper County,62,Health Care and Social Assistance,2293.0,11318.0,0.20259763209047535,0.15625628606777636,1.2965726831789561,True,True
51047,Culpeper County,71,"Arts, Entertainment, and Recreation",104.0,11318.0,0.009188902632974024,0.022075563852834112,0.4162476978722485,False,False
51047,Culpeper County,72,Accommodation and Food Services,1288.0,11318.0,0.1138010249160629,0.11121647217792784,1.023238938329209,False,False
51047,Culpeper County,81,Other Services,947.0,11318.0,0.08367202685986923,0.04436895963131947,1.8858235026274144,True,True
51049,Cumberland County,11,"Agriculture, Forestry, Fishing and Hunting",43.0,747.0,0.05756358768406961,0.0013468139528155627,42.74056380521666,True,False
51049,Cumberland County,23,Construction,126.0,747.0,0.1686746987951807,0.06470425061563047,2.606856538640358,True,True
51049,Cumberland County,31-33,Manufacturing,144.0,747.0,0.1927710843373494,0.0672927065446581,2.8646653439242913,True,True
51049,Cumberland County,42,Wholesale Trade,35.0,747.0,0.04685408299866131,0.02169027363433848,2.160142549999245,True,False
51049,Cumberland County,44-45,Retail Trade,149.0,747.0,0.1994645247657296,0.1306402726983419,1.526822630157149,True,True
51049,Cumberland County,48-49,Transportation and Warehousing,35.0,747.0,0.04685408299866131,0.05047574152199847,0.9282495231544294,False,False
51049,Cumberland County,52,Finance and Insurance,18.0,747.0,0.024096385542168676,0.03703244844786244,0.6506830239997148,False,False
51049,Cumberland County,54,"Professional, Scientific, and Technical Services",117.0,747.0,0.1566265060240964,0.1370489560234782,1.1428507780625803,False,False
51049,Cumberland County,72,Accommodation and Food Services,40.0,747.0,0.0535475234270415,0.11121647217792784,0.4814711560116237,False,False
51049,Cumberland County,81,Other Services,40.0,747.0,0.0535475234270415,0.04436895963131947,1.206869033486262,False,False
51051,Dickenson County,44-45,Retail Trade,364.0,1037.0,0.3510125361620058,0.1306402726983419,2.6868631618101393,True,True
51051,Dickenson County,56,Administrative and Support and Waste Management,80.0,1037.0,0.07714561234329798,0.06910888022477532,1.1162908745212385,False,False
51051,Dickenson County,62,Health Care and Social Assistance,385.0,1037.0,0.3712632594021215,0.15625628606777636,2.375989272144134,True,True
51051,Dickenson County,72,Accommodation and Food Services,161.0,1037.0,0.15525554484088716,0.11121647217792784,1.3959761697215511,True,True
51051,Dickenson County,81,Other Services,47.0,1037.0,0.04532304725168756,0.04436895963131947,1.021503493169459,False,False
51053,Dinwiddie County,31-33,Manufacturing,792.0,5187.0,0.15268941584731058,0.0672927065446581,2.269033654427019,True,True
51053,Dinwiddie County,44-45,Retail Trade,618.0,5187.0,0.11914401388085599,0.1306402726983419,0.9120006520192159,False,False
51053,Dinwiddie County,48-49,Transportation and Warehousing,2331.0,5187.0,0.4493927125506073,0.05047574152199847,8.903142361063717,True,True
51053,Dinwiddie County,54,"Professional, Scientific, and Technical Services",72.0,5187.0,0.013880855986119144,0.1370489560234782,0.10128392356189259,False,False
51053,Dinwiddie County,55,Management of Companies and Enterprises,60.0,5187.0,0.01156737998843262,0.02744546118252103,0.4214678671823319,False,False
51053,Dinwiddie County,56,Administrative and Support and Waste Management,336.0,5187.0,0.06477732793522267,0.06910888022477532,0.9373227828975906,False,False
51053,Dinwiddie County,61,Educational Services,63.0,5187.0,0.012145748987854251,0.020240329879222408,0.6000766321660794,False,False
51053,Dinwiddie County,62,Health Care and Social Assistance,379.0,5187.0,0.07306728359359939,0.15625628606777636,0.46761180258633794,False,False
51053,Dinwiddie County,71,"Arts, Entertainment, and Recreation",46.0,5187.0,0.008868324657798342,0.022075563852834112,0.40172585021694956,False,False
51053,Dinwiddie County,72,Accommodation and Food Services,318.0,5187.0,0.061307113938692884,0.11121647217792784,0.5512413110947424,False,False
51053,Dinwiddie County,81,Other Services,172.0,5187.0,0.03315982263350684,0.04436895963131947,0.7473653407482594,False,False
51057,Essex County,31-33,Manufacturing,284.0,2223.0,0.1277552856500225,0.0672927065446581,1.8985012226434828,True,True
51057,Essex County,42,Wholesale Trade,201.0,2223.0,0.09041835357624832,0.02169027363433848,4.168612858488999,True,True
51057,Essex County,44-45,Retail Trade,808.0,2223.0,0.3634727845254161,0.1306402726983419,2.7822414713164427,True,True
51057,Essex County,48-49,Transportation and Warehousing,31.0,2223.0,0.013945119208277103,0.05047574152199847,0.27627368687985504,False,False
51057,Essex County,52,Finance and Insurance,76.0,2223.0,0.03418803418803419,0.03703244844786244,0.9231912990081425,False,False
51057,Essex County,53,Real Estate and Rental and Leasing,31.0,2223.0,0.013945119208277103,0.01976416290424415,0.7055760102686935,False,False
51057,Essex County,56,Administrative and Support and Waste Management,234.0,2223.0,0.10526315789473684,0.06910888022477532,1.5231495222085847,True,True
51057,Essex County,71,"Arts, Entertainment, and Recreation",26.0,2223.0,0.011695906432748537,0.022075563852834112,0.5298123531846726,False,False
51057,Essex County,72,Accommodation and Food Services,392.0,2223.0,0.1763382816014395,0.11121647217792784,1.5855410457483996,True,True
51057,Essex County,81,Other Services,140.0,2223.0,0.06297795771479982,0.04436895963131947,1.4194147944443687,True,True
51059,Fairfax County,11,"Agriculture, Forestry, Fishing and Hunting",82.0,548131.0,0.00014959927462595621,0.0013468139528155627,0.11107642173829102,False,False
51059,Fairfax County,21,"Mining, Quarrying, and Oil and Gas Extraction",69.0,548131.0,0.00012588231645354852,0.0003393412966785737,0.37096079282323563,False,False
51059,Fairfax County,22,Utilities,1285.0,548131.0,0.0023443300962726066,0.002142581206210252,1.0941616072602462,False,False
51059,Fairfax County,23,Construction,26559.0,548131.0,0.048453745546228916,0.06470425061563047,0.7488494972929035,False,False
51059,Fairfax County,31-33,Manufacturing,5532.0,548131.0,0.010092477893058411,0.0672927065446581,0.1499787779580636,False,False
51059,Fairfax County,42,Wholesale Trade,12100.0,548131.0,0.022075014914317927,0.02169027363433848,1.0177379634054202,False,False
51059,Fairfax County,44-45,Retail Trade,49306.0,548131.0,0.08995294920374874,0.1306402726983419,0.6885545119111683,False,False
51059,Fairfax County,48-49,Transportation and Warehousing,11252.0,548131.0,0.020527939488917794,0.05047574152199847,0.4066892108949257,False,False
51059,Fairfax County,51,Information,22130.0,548131.0,0.0403735603350294,0.014621627646955715,2.7612220273873103,True,True
51059,Fairfax County,52,Finance and Insurance,25726.0,548131.0,0.046934035841796944,0.03703244844786244,1.2673759853571345,True,True
51059,Fairfax County,53,Real Estate and Rental and Leasing,9419.0,548131.0,0.01718384838660831,0.01976416290424415,0.8694447859928465,False,False
51059,Fairfax County,54,"Professional, Scientific, and Technical Services",154006.0,548131.0,0.2809656815615245,0.1370489560234782,2.0501117973740097,True,True
51059,Fairfax County,55,Management of Companies and Enterprises,24482.0,548131.0,0.04466450538283732,0.02744546118252103,1.6273913229515138,True,True
51059,Fairfax County,56,Administrative and Support and Waste Management,45451.0,548131.0,0.08291995891493092,0.06910888022477532,1.1998452101269088,False,False
51059,Fairfax County,61,Educational Services,11036.0,548131.0,0.02013387310697625,0.020240329879222408,0.9947403637746319,False,False
51059,Fairfax County,62,Health Care and Social Assistance,75707.0,548131.0,0.138118442489113,0.15625628606777636,0.8839224709923283,False,False
51059,Fairfax County,71,"Arts, Entertainment, and Recreation",9788.0,548131.0,0.017857045122425114,0.022075563852834112,0.8089055048137574,False,False
51059,Fairfax County,72,Accommodation and Food Services,44087.0,548131.0,0.08043150268822599,0.11121647217792784,0.7231977522137996,False,False
51059,Fairfax County,81,Other Services,18879.0,548131.0,0.0344424964105296,0.04436895963131947,0.7762746004577734,False,False
51059,Fairfax County,99,Unclassified,1235.0,548131.0,0.0022531110263787307,0.002188870490411141,1.0293487148961122,False,False
51061,Fauquier County,22,Utilities,128.0,16721.0,0.00765504455475151,0.002142581206210252,3.572814198389976,True,True
51061,Fauquier County,23,Construction,2622.0,16721.0,0.15680880330123798,0.06470425061563047,2.4234698927701976,True,True
51061,Fauquier County,42,Wholesale Trade,474.0,16721.0,0.028347586866814187,0.02169027363433848,1.306926198567469,True,True
51061,Fauquier County,44-45,Retail Trade,2903.0,16721.0,0.1736140183003409,0.1306402726983419,1.328947151704349,True,True
51061,Fauquier County,48-49,Transportation and Warehousing,372.0,16721.0,0.022247473237246577,0.05047574152199847,0.4407557485322058,False,False
51061,Fauquier County,52,Finance and Insurance,580.0,16721.0,0.03468692063871778,0.03703244844786244,0.9366629021992188,False,False
51061,Fauquier County,53,Real Estate and Rental and Leasing,218.0,16721.0,0.013037497757311165,0.01976416290424415,0.6596534252665717,False,False
51061,Fauquier County,54,"Professional, Scientific, and Technical Services",2322.0,16721.0,0.1388672926260391,0.1370489560234782,1.0132677887911048,False,False
51061,Fauquier County,61,Educational Services,638.0,16721.0,0.03815561270258956,0.020240329879222408,1.8851280058314652,True,True
51061,Fauquier County,62,Health Care and Social Assistance,2701.0,16721.0,0.16153340111237366,0.15625628606777636,1.0337721776025595,False,False
51061,Fauquier County,71,"Arts, Entertainment, and Recreation",291.0,16721.0,0.017403265354942885,0.022075563852834112,0.7883497550033638,False,False
51061,Fauquier County,72,Accommodation and Food Services,2025.0,16721.0,0.12110519705759225,0.11121647217792784,1.0889142110517955,False,False
51061,Fauquier County,81,Other Services,1447.0,16721.0,0.08653788649004246,0.04436895963131947,1.9504150471212873,True,True
51063,Floyd County,31-33,Manufacturing,383.0,2558.0,0.14972634870992962,0.0672927065446581,2.2250011390248554,True,True
51063,Floyd County,42,Wholesale Trade,32.0,2558.0,0.012509773260359656,0.02169027363433848,0.5767457557822177,False,False
51063,Floyd County,44-45,Retail Trade,413.0,2558.0,0.1614542611415168,0.1306402726983419,1.2358689844005966,False,False
51063,Floyd County,48-49,Transportation and Warehousing,11.0,2558.0,0.004300234558248631,0.05047574152199847,0.08519408390215509,False,False
51063,Floyd County,52,Finance and Insurance,75.0,2558.0,0.029319781078967943,0.03703244844786244,0.791732178342108,False,False
51063,Floyd County,54,"Professional, Scientific, and Technical Services",96.0,2558.0,0.03752931978107897,0.1370489560234782,0.27383878629947195,False,False
51063,Floyd County,56,Administrative and Support and Waste Management,94.0,2558.0,0.03674745895230649,0.06910888022477532,0.5317328081830595,False,False
51063,Floyd County,61,Educational Services,43.0,2558.0,0.016810007818608287,0.020240329879222408,0.8305204469945178,False,False
51063,Floyd County,62,Health Care and Social Assistance,922.0,2558.0,0.3604378420641126,0.15625628606777636,2.3067093883683647,True,True
51063,Floyd County,71,"Arts, Entertainment, and Recreation",31.0,2558.0,0.012118842845973418,0.022075563852834112,0.5489709312415851,False,False
51063,Floyd County,72,Accommodation and Food Services,262.0,2558.0,0.10242376856919469,0.11121647217792784,0.9209406355322413,False,False
51063,Floyd County,81,Other Services,196.0,2558.0,0.0766223612197029,0.04436895963131947,1.7269361701601895,True,True
51065,Fluvanna County,23,Construction,688.0,2978.0,0.2310275352585628,0.06470425061563047,3.5705155853045913,True,True
51065,Fluvanna County,31-33,Manufacturing,258.0,2978.0,0.08663532572196105,0.0672927065446581,1.2874400536180903,True,True
51065,Fluvanna County,44-45,Retail Trade,392.0,2978.0,0.13163196776359973,0.1306402726983419,1.007591036399225,False,False
51065,Fluvanna County,48-49,Transportation and Warehousing,63.0,2978.0,0.021155137676292814,0.05047574152199847,0.41911494588094217,False,False
51065,Fluvanna County,51,Information,59.0,2978.0,0.019811954331766288,0.014621627646955715,1.35497598558333,True,False
51065,Fluvanna County,52,Finance and Insurance,136.0,2978.0,0.04566823371390195,0.03703244844786244,1.2331950931680289,False,False
51065,Fluvanna County,53,Real Estate and Rental and Leasing,51.0,2978.0,0.01712558764271323,0.01976416290424415,0.8664969888016703,False,False
51065,Fluvanna County,56,Administrative and Support and Waste Management,315.0,2978.0,0.10577568838146408,0.06910888022477532,1.530565797585356,True,True
51065,Fluvanna County,61,Educational Services,168.0,2978.0,0.056413700470114174,0.020240329879222408,2.7871927387915414,True,True
51065,Fluvanna County,62,Health Care and Social Assistance,367.0,2978.0,0.12323707186030894,0.15625628606777636,0.7886855304295067,False,False
51065,Fluvanna County,71,"Arts, Entertainment, and Recreation",24.0,2978.0,0.008059100067159167,0.022075563852834112,0.36506882093181603,False,False
51065,Fluvanna County,72,Accommodation and Food Services,219.0,2978.0,0.0735392881128274,0.11121647217792784,0.661226585169657,False,False
51065,Fluvanna County,81,Other Services,210.0,2978.0,0.07051712558764271,0.04436895963131947,1.5893346649008555,True,True
51065,Fluvanna County,99,Unclassified,28.0,2978.0,0.009402283411685695,0.002188870490411141,4.295495531999082,True,False
51067,Franklin County,23,Construction,1492.0,10953.0,0.13621838765634986,0.06470425061563047,2.1052463533739445,True,True
51067,Franklin County,31-33,Manufacturing,3262.0,10953.0,0.29781794942025014,0.0672927065446581,4.425709184733212,True,True
51067,Franklin County,42,Wholesale Trade,419.0,10953.0,0.03825435953620013,0.02169027363433848,1.7636642202447173,True,True
51067,Franklin County,44-45,Retail Trade,1968.0,10953.0,0.1796768008764722,0.1306402726983419,1.3753553721627576,True,True
51067,Franklin County,51,Information,109.0,10953.0,0.009951611430658267,0.014621627646955715,0.6806090040687252,False,False
51067,Franklin County,52,Finance and Insurance,330.0,10953.0,0.030128731854286498,0.03703244844786244,0.8135765556172824,False,False
51067,Franklin County,53,Real Estate and Rental and Leasing,93.0,10953.0,0.008490824431662557,0.01976416290424415,0.429607085956534,False,False
51067,Franklin County,54,"Professional, Scientific, and Technical Services",387.0,10953.0,0.03533278553820871,0.1370489560234782,0.2578114169082453,False,False
51067,Franklin County,55,Management of Companies and Enterprises,49.0,10953.0,0.0044736601844243586,0.02744546118252103,0.1630018222201878,False,False
51067,Franklin County,56,Administrative and Support and Waste Management,756.0,10953.0,0.06902218570254724,0.06910888022477532,0.9987455371589569,False,False
51067,Franklin County,71,"Arts, Entertainment, and Recreation",360.0,10953.0,0.03286770747740345,0.022075563852834112,1.4888728413242238,True,True
51067,Franklin County,72,Accommodation and Food Services,1217.0,10953.0,0.1111111111111111,0.11121647217792784,0.9990526487241191,False,False
51067,Franklin County,81,Other Services,430.0,10953.0,0.039258650598009676,0.04436895963131947,0.8848224282071628,False,False
51067,Franklin County,99,Unclassified,81.0,10953.0,0.007395234182415777,0.002188870490411141,3.3785617809789703,True,False
51069,Frederick County,23,Construction,2311.0,30543.0,0.0756638182234882,0.06470425061563047,1.1693794071267745,False,False
51069,Frederick County,31-33,Manufacturing,6335.0,30543.0,0.20741250040925907,0.0672927065446581,3.0822433969365153,True,True
51069,Frederick County,44-45,Retail Trade,4398.0,30543.0,0.14399371378057166,0.1306402726983419,1.1022153491141573,False,False
51069,Frederick County,48-49,Transportation and Warehousing,4453.0,30543.0,0.14579445372098354,0.05047574152199847,2.8884063774960693,True,True
51069,Frederick County,51,Information,220.0,30543.0,0.007202959761647513,0.014621627646955715,0.49262366239692884,False,False
51069,Frederick County,52,Finance and Insurance,2953.0,30543.0,0.09668336443702322,0.03703244844786244,2.610774293607473,True,True
51069,Frederick County,53,Real Estate and Rental and Leasing,321.0,30543.0,0.010509773106767508,0.01976416290424415,0.5317590812060471,False,False
51069,Frederick County,54,"Professional, Scientific, and Technical Services",1220.0,30543.0,0.03994368595095439,0.1370489560234782,0.29145560177861946,False,False
51069,Frederick County,55,Management of Companies and Enterprises,444.0,30543.0,0.014536882428052254,0.02744546118252103,0.5296643525637034,False,False
51069,Frederick County,56,Administrative and Support and Waste Management,1780.0,30543.0,0.05827849261696624,0.06910888022477532,0.8432851527534023,False,False
51069,Frederick County,61,Educational Services,207.0,30543.0,0.006777330321186524,0.020240329879222408,0.33484287863034057,False,False
51069,Frederick County,62,Health Care and Social Assistance,2071.0,30543.0,0.06780604393805455,0.15625628606777636,0.4339412233863256,False,False
51069,Frederick County,71,"Arts, Entertainment, and Recreation",406.0,30543.0,0.013292734832858593,0.022075563852834112,0.6021470129358458,False,False
51069,Frederick County,72,Accommodation and Food Services,2448.0,30543.0,0.08014929771142323,0.11121647217792784,0.7206603135477783,False,False
51069,Frederick County,81,Other Services,893.0,30543.0,0.029237468487051044,0.04436895963131947,0.6589622278727648,False,False
51069,Frederick County,99,Unclassified,83.0,30543.0,0.002717480273712471,0.002188870490411141,1.2414988852090743,False,False
51071,Giles County,31-33,Manufacturing,855.0,2750.0,0.3109090909090909,0.0672927065446581,4.620249457536075,True,True
51071,Giles County,44-45,Retail Trade,817.0,2750.0,0.29709090909090907,0.1306402726983419,2.2741142754418004,True,True
51071,Giles County,48-49,Transportation and Warehousing,54.0,2750.0,0.019636363636363636,0.05047574152199847,0.38902575859743765,False,False
51071,Giles County,52,Finance and Insurance,72.0,2750.0,0.02618181818181818,0.03703244844786244,0.706996682076781,False,False
51071,Giles County,53,Real Estate and Rental and Leasing,18.0,2750.0,0.006545454545454545,0.01976416290424415,0.3311779293242405,False,False
51071,Giles County,54,"Professional, Scientific, and Technical Services",266.0,2750.0,0.09672727272727273,0.1370489560234782,0.7057862791067314,False,False
51071,Giles County,71,"Arts, Entertainment, and Recreation",26.0,2750.0,0.009454545454545455,0.022075563852834112,0.42828104041073717,False,False
51071,Giles County,72,Accommodation and Food Services,453.0,2750.0,0.16472727272727272,0.11121647217792784,1.4811409632175396,True,True
51071,Giles County,81,Other Services,189.0,2750.0,0.06872727272727273,0.04436895963131947,1.5489944614062812,True,True
51073,Gloucester County,23,Construction,606.0,7241.0,0.08369009805275514,0.06470425061563047,1.2934250417319306,True,True
51073,Gloucester County,31-33,Manufacturing,153.0,7241.0,0.02112967822124016,0.0672927065446581,0.3139965578174162,False,False
51073,Gloucester County,44-45,Retail Trade,1863.0,7241.0,0.25728490539980664,0.1306402726983419,1.969414944455119,True,True
51073,Gloucester County,48-49,Transportation and Warehousing,203.0,7241.0,0.02803480182295263,0.05047574152199847,0.5554113912469107,False,False
51073,Gloucester County,51,Information,50.0,7241.0,0.006905123601712471,0.014621627646955715,0.4722540997787033,False,False
51073,Gloucester County,52,Finance and Insurance,214.0,7241.0,0.029553929015329373,0.03703244844786244,0.7980549559648483,False,False
51073,Gloucester County,53,Real Estate and Rental and Leasing,146.0,7241.0,0.020162960917000414,0.01976416290424415,1.0201778347349397,False,False
51073,Gloucester County,56,Administrative and Support and Waste Management,332.0,7241.0,0.0458500207153708,0.06910888022477532,0.6634461528857721,False,False
51073,Gloucester County,61,Educational Services,85.0,7241.0,0.0117387101229112,0.020240329879222408,0.5799663440743377,False,False
51073,Gloucester County,62,Health Care and Social Assistance,1740.0,7241.0,0.24029830133959398,0.15625628606777636,1.537847259695935,True,True
51073,Gloucester County,71,"Arts, Entertainment, and Recreation",92.0,7241.0,0.012705427427150947,0.022075563852834112,0.5755426004903514,False,False
51073,Gloucester County,72,Accommodation and Food Services,1187.0,7241.0,0.16392763430465404,0.11121647217792784,1.4739510352602907,True,True
51073,Gloucester County,81,Other Services,556.0,7241.0,0.07678497445104267,0.04436895963131947,1.7306011925697973,True,True
51073,Gloucester County,99,Unclassified,14.0,7241.0,0.0019334346084794918,0.002188870490411141,0.8833024233043272,False,False
51075,Goochland County,21,"Mining, Quarrying, and Oil and Gas Extraction",108.0,8770.0,0.012314709236031927,0.0003393412966785737,36.29004001742971,True,True
51075,Goochland County,23,Construction,1227.0,8770.0,0.13990877993158496,0.06470425061563047,2.1622811268258086,True,True
51075,Goochland County,42,Wholesale Trade,439.0,8770.0,0.050057012542759405,0.02169027363433848,2.3078091768981994,True,True
51075,Goochland County,44-45,Retail Trade,981.0,8770.0,0.11185860889395667,0.1306402726983419,0.85623373699048,False,False
51075,Goochland County,48-49,Transportation and Warehousing,130.0,8770.0,0.014823261117445839,0.05047574152199847,0.29367099264872665,False,False
51075,Goochland County,54,"Professional, Scientific, and Technical Services",424.0,8770.0,0.0483466362599772,0.1370489560234782,0.35276909553178076,False,False
51075,Goochland County,55,Management of Companies and Enterprises,2008.0,8770.0,0.2289623717217788,0.02744546118252103,8.342449419927993,True,True
51075,Goochland County,56,Administrative and Support and Waste Management,629.0,8770.0,0.0717217787913341,0.06910888022477532,1.0378084344307181,False,False
51075,Goochland County,61,Educational Services,127.0,8770.0,0.014481185860889395,0.020240329879222408,0.7154619488566227,False,False
51075,Goochland County,62,Health Care and Social Assistance,967.0,8770.0,0.11026225769669327,0.15625628606777636,0.7056500603685594,False,False
51075,Goochland County,71,"Arts, Entertainment, and Recreation",682.0,8770.0,0.07776510832383124,0.022075563852834112,3.522678235638705,True,True
51075,Goochland County,72,Accommodation and Food Services,663.0,8770.0,0.07559863169897378,0.11121647217792784,0.6797431191490102,False,False
51075,Goochland County,81,Other Services,385.0,8770.0,0.04389965792474344,0.04436895963131947,0.9894227471079861,False,False
51077,Grayson County,11,"Agriculture, Forestry, Fishing and Hunting",84.0,810.0,0.1037037037037037,0.0013468139528155627,76.99927928939807,True,False
51077,Grayson County,31-33,Manufacturing,354.0,810.0,0.43703703703703706,0.0672927065446581,6.494567680183914,True,True
51077,Grayson County,42,Wholesale Trade,32.0,810.0,0.03950617283950617,0.02169027363433848,1.8213773373961886,True,False
51077,Grayson County,44-45,Retail Trade,232.0,810.0,0.28641975308641976,0.1306402726983419,2.1924307655709216,True,True
51077,Grayson County,52,Finance and Insurance,98.0,810.0,0.12098765432098765,0.03703244844786244,3.267071430378815,True,False
51077,Grayson County,53,Real Estate and Rental and Leasing,10.0,810.0,0.012345679012345678,0.01976416290424415,0.6246497295210297,False,False
51079,Greene County,23,Construction,305.0,2306.0,0.13226366001734605,0.06470425061563047,2.04412629400572,True,True
51079,Greene County,31-33,Manufacturing,44.0,2306.0,0.019080659150043366,0.0672927065446581,0.2835472093454985,False,False
51079,Greene County,44-45,Retail Trade,792.0,2306.0,0.3434518647007806,0.1306402726983419,2.6289891899861266,True,True
51079,Greene County,51,Information,15.0,2306.0,0.006504770164787511,0.014621627646955715,0.4448731920855495,False,False
51079,Greene County,52,Finance and Insurance,89.0,2306.0,0.038594969644405897,0.03703244844786244,1.0421932997150678,False,False
51079,Greene County,53,Real Estate and Rental and Leasing,34.0,2306.0,0.014744145706851692,0.01976416290424415,0.7460040568520885,False,False
51079,Greene County,54,"Professional, Scientific, and Technical Services",164.0,2306.0,0.07111882046834345,0.1370489560234782,0.5189300417301969,False,False
51079,Greene County,56,Administrative and Support and Waste Management,202.0,2306.0,0.08759757155247182,0.06910888022477532,1.2675298929394079,True,True
51079,Greene County,71,"Arts, Entertainment, and Recreation",52.0,2306.0,0.022549869904596703,0.022075563852834112,1.021485569062903,False,False
51079,Greene County,72,Accommodation and Food Services,422.0,2306.0,0.18300086730268864,0.11121647217792784,1.6454475107780593,True,True
51079,Greene County,81,Other Services,170.0,2306.0,0.07372072853425846,0.04436895963131947,1.661538362558764,True,True
51079,Greene County,99,Unclassified,17.0,2306.0,0.007372072853425846,0.002188870490411141,3.367980374225399,True,False
51081,Greensville County,23,Construction,128.0,1213.0,0.1055234954657873,0.06470425061563047,1.630858783801388,True,True
51081,Greensville County,31-33,Manufacturing,560.0,1213.0,0.46166529266281947,0.0672927065446581,6.860554677741192,True,True
51081,Greensville County,44-45,Retail Trade,243.0,1213.0,0.20032976092333057,0.1306402726983419,1.5334456732642228,True,True
51081,Greensville County,48-49,Transportation and Warehousing,196.0,1213.0,0.1615828524319868,0.05047574152199847,3.2011981906509557,True,True
51081,Greensville County,56,Administrative and Support and Waste Management,86.0,1213.0,0.07089859851607584,0.06910888022477532,1.0258970813226824,False,False
51083,Halifax County,23,Construction,846.0,7336.0,0.1153217011995638,0.06470425061563047,1.7822894184281886,True,True
51083,Halifax County,31-33,Manufacturing,1961.0,7336.0,0.26731188658669575,0.0672927065446581,3.972375318405376,True,True
51083,Halifax County,44-45,Retail Trade,1230.0,7336.0,0.16766630316248637,0.1306402726983419,1.2834197273121155,True,True
51083,Halifax County,48-49,Transportation and Warehousing,1013.0,7336.0,0.13808615049073064,0.05047574152199847,2.7356933514399104,True,True
51083,Halifax County,51,Information,43.0,7336.0,0.005861504907306434,0.014621627646955715,0.40087909833532276,False,False
51083,Halifax County,52,Finance and Insurance,174.0,7336.0,0.02371864776444929,0.03703244844786244,0.6404828402810715,False,False
51083,Halifax County,53,Real Estate and Rental and Leasing,57.0,7336.0,0.007769901853871319,0.01976416290424415,0.3931308344054791,False,False
51083,Halifax County,54,"Professional, Scientific, and Technical Services",236.0,7336.0,0.0321701199563795,0.1370489560234782,0.23473451305144097,False,False
51083,Halifax County,55,Management of Companies and Enterprises,35.0,7336.0,0.004770992366412214,0.02744546118252103,0.17383538701294177,False,False
51083,Halifax County,56,Administrative and Support and Waste Management,224.0,7336.0,0.030534351145038167,0.06910888022477532,0.44182963239638334,False,False
51083,Halifax County,71,"Arts, Entertainment, and Recreation",308.0,7336.0,0.04198473282442748,0.022075563852834112,1.9018645731686434,True,True
51083,Halifax County,72,Accommodation and Food Services,853.0,7336.0,0.11627589967284624,0.11121647217792784,1.0454917099584329,False,False
51083,Halifax County,81,Other Services,306.0,7336.0,0.04171210468920392,0.04436895963131947,0.9401190615197543,False,False
51083,Halifax County,99,Unclassified,50.0,7336.0,0.006815703380588877,0.002188870490411141,3.1137992907513987,True,False
51085,Hanover County,23,Construction,6468.0,42191.0,0.15330283709795928,0.06470425061563047,2.3692854123083875,True,True
51085,Hanover County,31-33,Manufacturing,3444.0,42191.0,0.08162878338982248,0.0672927065446581,1.2130405742507977,False,False
51085,Hanover County,44-45,Retail Trade,7715.0,42191.0,0.18285890355763076,0.1306402726983419,1.3997131189389473,True,True
51085,Hanover County,51,Information,408.0,42191.0,0.009670308833637505,0.014621627646955715,0.6613702022189647,False,False
51085,Hanover County,52,Finance and Insurance,791.0,42191.0,0.018748074233841342,0.03703244844786244,0.5062607259208514,False,False
51085,Hanover County,53,Real Estate and Rental and Leasing,764.0,42191.0,0.018108127325732977,0.01976416290424415,0.9162101837282692,False,False
51085,Hanover County,54,"Professional, Scientific, and Technical Services",2406.0,42191.0,0.05702638003365647,0.1370489560234782,0.41610225782301574,False,False
51085,Hanover County,55,Management of Companies and Enterprises,444.0,42191.0,0.010523571377781992,0.02744546118252103,0.38343576403387436,False,False
51085,Hanover County,56,Administrative and Support and Waste Management,3903.0,42191.0,0.09250788082766467,0.06910888022477532,1.3385816775902684,True,True
51085,Hanover County,61,Educational Services,889.0,42191.0,0.02107084449290133,0.020240329879222408,1.0410326619494221,False,False
51085,Hanover County,62,Health Care and Social Assistance,6774.0,42191.0,0.1605555687231874,0.15625628606777636,1.0275143020713178,False,False
51085,Hanover County,71,"Arts, Entertainment, and Recreation",2254.0,42191.0,0.05342371595837975,0.022075563852834112,2.4200385690950807,True,True
51085,Hanover County,72,Accommodation and Food Services,4029.0,42191.0,0.09549429973217037,0.11121647217792784,0.8586344977693178,False,False
51085,Hanover County,81,Other Services,1731.0,42191.0,0.041027707330947356,0.04436895963131947,0.9246939227753818,False,False
51085,Hanover County,99,Unclassified,171.0,42191.0,0.0040529970846863075,0.002188870490411141,1.8516385973685556,True,True
51087,Henrico County,22,Utilities,596.0,162080.0,0.003677196446199408,0.002142581206210252,1.7162460099720316,True,True
51087,Henrico County,23,Construction,12190.0,162080.0,0.07520977295162883,0.06470425061563047,1.162362166875333,False,False
51087,Henrico County,42,Wholesale Trade,7041.0,162080.0,0.04344151036525173,0.02169027363433848,2.0028106190637565,True,True
51087,Henrico County,44-45,Retail Trade,20297.0,162080.0,0.12522828232971372,0.1306402726983419,0.9585733383982987,False,False
51087,Henrico County,48-49,Transportation and Warehousing,8876.0,162080.0,0.05476307996051333,0.05047574152199847,1.0849385924651813,False,False
51087,Henrico County,52,Finance and Insurance,11163.0,162080.0,0.0688733958538993,0.03703244844786244,1.8598121037248017,True,True
51087,Henrico County,53,Real Estate and Rental and Leasing,4744.0,162080.0,0.02926949654491609,0.01976416290424415,1.4809378310998826,True,True
51087,Henrico County,54,"Professional, Scientific, and Technical Services",20276.0,162080.0,0.12509871668311945,0.1370489560234782,0.9128031348278821,False,False
51087,Henrico County,55,Management of Companies and Enterprises,7839.0,162080.0,0.048365004935834156,0.02744546118252103,1.762222343949388,True,True
51087,Henrico County,56,Administrative and Support and Waste Management,13778.0,162080.0,0.08500740375123396,0.06910888022477532,1.2300503708749004,False,False
51087,Henrico County,61,Educational Services,2827.0,162080.0,0.017442003948667326,0.020240329879222408,0.8617450433242352,False,False
51087,Henrico County,62,Health Care and Social Assistance,27470.0,162080.0,0.16948420533070088,0.15625628606777636,1.0846552775303189,False,False
51087,Henrico County,71,"Arts, Entertainment, and Recreation",3734.0,162080.0,0.02303800592300099,0.022075563852834112,1.043597621178918,False,False
51087,Henrico County,72,Accommodation and Food Services,15139.0,162080.0,0.09340449160908193,0.11121647217792784,0.8398440427030476,False,False
51087,Henrico County,81,Other Services,6110.0,162080.0,0.037697433366238896,0.04436895963131947,0.8496352783451062,False,False
51089,Henry County,23,Construction,437.0,12105.0,0.03610078479966956,0.06470425061563047,0.5579352895086118,False,False
51089,Henry County,31-33,Manufacturing,4229.0,12105.0,0.3493597686906237,0.0672927065446581,5.191643888758951,True,True
51089,Henry County,44-45,Retail Trade,1933.0,12105.0,0.15968608013217678,0.1306402726983419,1.2223342529367172,False,False
51089,Henry County,48-49,Transportation and Warehousing,1044.0,12105.0,0.0862453531598513,0.05047574152199847,1.7086495524243783,True,True
51089,Henry County,51,Information,179.0,12105.0,0.014787277984304006,0.014621627646955715,1.0113291311574866,False,False
51089,Henry County,52,Finance and Insurance,193.0,12105.0,0.01594382486575795,0.03703244844786244,0.43053661137758903,False,False
51089,Henry County,53,Real Estate and Rental and Leasing,75.0,12105.0,0.006195786864931847,0.01976416290424415,0.3134859237373198,False,False
51089,Henry County,56,Administrative and Support and Waste Management,891.0,12105.0,0.07360594795539034,0.06910888022477532,1.065072212369646,False,False
51089,Henry County,61,Educational Services,69.0,12105.0,0.005700123915737299,0.020240329879222408,0.2816220856947953,False,False
51089,Henry County,62,Health Care and Social Assistance,1698.0,12105.0,0.140272614622057,0.15625628606777636,0.8977086180149807,False,False
51089,Henry County,71,"Arts, Entertainment, and Recreation",88.0,12105.0,0.007269723254853366,0.022075563852834112,0.32931087528801956,False,False
51089,Henry County,72,Accommodation and Food Services,863.0,12105.0,0.07129285419248245,0.11121647217792784,0.6410278333449181,False,False
51089,Henry County,81,Other Services,388.0,12105.0,0.03205287071458075,0.04436895963131947,0.7224165493381335,False,False
51089,Henry County,99,Unclassified,18.0,12105.0,0.001486988847583643,0.002188870490411141,0.6793407166379855,False,False
51091,Highland County,23,Construction,47.0,196.0,0.23979591836734693,0.06470425061563047,3.7060303780014716,True,False
51091,Highland County,51,Information,108.0,196.0,0.5510204081632653,0.014621627646955715,37.68529889201426,True,True
51091,Highland County,54,"Professional, Scientific, and Technical Services",25.0,196.0,0.12755102040816327,0.1370489560234782,0.9306967678492363,False,False
51091,Highland County,56,Administrative and Support and Waste Management,16.0,196.0,0.08163265306122448,0.06910888022477532,1.1812179968148206,False,False
51093,Isle of Wight County,23,Construction,538.0,6696.0,0.08034647550776583,0.06470425061563047,1.2417495719880371,False,False
51093,Isle of Wight County,31-33,Manufacturing,1730.0,6696.0,0.258363201911589,0.0672927065446581,3.8393938240562364,True,True
51093,Isle of Wight County,44-45,Retail Trade,1157.0,6696.0,0.17278972520908004,0.1306402726983419,1.3226375116964455,True,True
51093,Isle of Wight County,48-49,Transportation and Warehousing,371.0,6696.0,0.05540621266427718,0.05047574152199847,1.0976800140742835,False,False
51093,Isle of Wight County,51,Information,11.0,6696.0,0.0016427718040621267,0.014621627646955715,0.11235218429352896,False,False
51093,Isle of Wight County,52,Finance and Insurance,156.0,6696.0,0.023297491039426525,0.03703244844786244,0.6291101997273228,False,False
51093,Isle of Wight County,53,Real Estate and Rental and Leasing,96.0,6696.0,0.014336917562724014,0.01976416290424415,0.7253996858953894,False,False
51093,Isle of Wight County,54,"Professional, Scientific, and Technical Services",289.0,6696.0,0.04316009557945042,0.1370489560234782,0.31492465781393153,False,False
51093,Isle of Wight County,55,Management of Companies and Enterprises,375.0,6696.0,0.05600358422939068,0.02744546118252103,2.040540833216431,True,True
51093,Isle of Wight County,56,Administrative and Support and Waste Management,315.0,6696.0,0.04704301075268817,0.06910888022477532,0.6807086238364979,False,False
51093,Isle of Wight County,71,"Arts, Entertainment, and Recreation",180.0,6696.0,0.026881720430107527,0.022075563852834112,1.2177138762712234,False,False
51093,Isle of Wight County,72,Accommodation and Food Services,1115.0,6696.0,0.1665173237753883,0.11121647217792784,1.497236160386281,True,True
51093,Isle of Wight County,81,Other Services,327.0,6696.0,0.04883512544802868,0.04436895963131947,1.100659692132078,False,False
51093,Isle of Wight County,99,Unclassified,36.0,6696.0,0.005376344086021506,0.002188870490411141,2.4562184512851895,True,False
51095,James City County,23,Construction,1650.0,24988.0,0.06603169521370257,0.06470425061563047,1.0205155702359905,False,False
51095,James City County,31-33,Manufacturing,1676.0,24988.0,0.06707219465343364,0.0672927065446581,0.9967230937415466,False,False
51095,James City County,44-45,Retail Trade,3609.0,24988.0,0.14442932607651673,0.1306402726983419,1.105549790224449,False,False
51095,James City County,48-49,Transportation and Warehousing,1175.0,24988.0,0.04702257083400032,0.05047574152199847,0.9315875193929903,False,False
51095,James City County,51,Information,160.0,24988.0,0.006403073475268129,0.014621627646955715,0.43791796849656994,False,False
51095,James City County,52,Finance and Insurance,555.0,24988.0,0.02221066111733632,0.03703244844786244,0.5997621558457432,False,False
51095,James City County,53,Real Estate and Rental and Leasing,869.0,24988.0,0.034776692812550025,0.01976416290424415,1.7595833924786204,True,True
51095,James City County,54,"Professional, Scientific, and Technical Services",1672.0,24988.0,0.06691211781655194,0.1370489560234782,0.48823515156940755,False,False
51095,James City County,55,Management of Companies and Enterprises,224.0,24988.0,0.00896430286537538,0.02744546118252103,0.3266224169366264,False,False
51095,James City County,56,Administrative and Support and Waste Management,1385.0,24988.0,0.05542660477028974,0.06910888022477532,0.8020185624483533,False,False
51095,James City County,61,Educational Services,252.0,24988.0,0.010084840723547303,0.020240329879222408,0.4982547608524818,False,False
51095,James City County,62,Health Care and Social Assistance,4627.0,24988.0,0.18516888106291018,0.15625628606777636,1.1850331639303966,False,False
51095,James City County,71,"Arts, Entertainment, and Recreation",3006.0,24988.0,0.12029774291659996,0.022075563852834112,5.449362187011856,True,True
51095,James City County,72,Accommodation and Food Services,3046.0,24988.0,0.121898511285417,0.11121647217792784,1.096047275177005,False,False
51095,James City County,81,Other Services,989.0,24988.0,0.03957899791900112,0.04436895963131947,0.8920425055687541,False,False
51095,James City County,99,Unclassified,93.0,24988.0,0.0037217864574995998,0.002188870490411141,1.7003228257696177,True,False
51097,King and Queen County,11,"Agriculture, Forestry, Fishing and Hunting",86.0,520.0,0.16538461538461538,0.0013468139528155627,122.79692754806477,True,False
51097,King and Queen County,23,Construction,142.0,520.0,0.27307692307692305,0.06470425061563047,4.2203861489581405,True,True
51097,King and Queen County,31-33,Manufacturing,47.0,520.0,0.09038461538461538,0.0672927065446581,1.3431561907029639,True,False
51097,King and Queen County,48-49,Transportation and Warehousing,77.0,520.0,0.14807692307692308,0.05047574152199847,2.933625512215364,True,False
51097,King and Queen County,54,"Professional, Scientific, and Technical Services",98.0,520.0,0.18846153846153846,0.1370489560234782,1.3751402705267792,True,False
51097,King and Queen County,56,Administrative and Support and Waste Management,70.0,520.0,0.1346153846153846,0.06910888022477532,1.9478739082090555,True,False
51099,King George County,23,Construction,381.0,5586.0,0.0682062298603652,0.06470425061563047,1.0541228622758945,False,False
51099,King George County,42,Wholesale Trade,120.0,5586.0,0.021482277121374866,0.02169027363433848,0.990410609083588,False,False
51099,King George County,44-45,Retail Trade,926.0,5586.0,0.16577157178660937,0.1306402726983419,1.2689163024742625,True,True
51099,King George County,48-49,Transportation and Warehousing,69.0,5586.0,0.012352309344790547,0.05047574152199847,0.24471773910259706,False,False
51099,King George County,52,Finance and Insurance,89.0,5586.0,0.01593268886501969,0.03703244844786244,0.43023590210221024,False,False
51099,King George County,53,Real Estate and Rental and Leasing,46.0,5586.0,0.008234872896527032,0.01976416290424415,0.41665680132390925,False,False
51099,King George County,54,"Professional, Scientific, and Technical Services",3014.0,5586.0,0.539563193698532,0.1370489560234782,3.9370106081369793,True,True
51099,King George County,71,"Arts, Entertainment, and Recreation",69.0,5586.0,0.012352309344790547,0.022075563852834112,0.5595467199450368,False,False
51099,King George County,72,Accommodation and Food Services,601.0,5586.0,0.10759040458288578,0.11121647217792784,0.9673963080824849,False,False
51099,King George County,81,Other Services,271.0,5586.0,0.048514142499104906,0.04436895963131947,1.0934252888106804,False,False
51101,King William County,11,"Agriculture, Forestry, Fishing and Hunting",61.0,2632.0,0.02317629179331307,0.0013468139528155627,17.208235588042584,True,False
51101,King William County,31-33,Manufacturing,775.0,2632.0,0.2944528875379939,0.0672927065446581,4.375702845932989,True,True
51101,King William County,44-45,Retail Trade,429.0,2632.0,0.16299392097264437,0.1306402726983419,1.2476544759594113,False,False
51101,King William County,48-49,Transportation and Warehousing,383.0,2632.0,0.14551671732522797,0.05047574152199847,2.8829040037343185,True,True
51101,King William County,52,Finance and Insurance,105.0,2632.0,0.0398936170212766,0.03703244844786244,1.0772611235101661,False,False
51101,King William County,53,Real Estate and Rental and Leasing,25.0,2632.0,0.009498480243161094,0.01976416290424415,0.48059107229486525,False,False
51101,King William County,54,"Professional, Scientific, and Technical Services",108.0,2632.0,0.041033434650455926,0.1370489560234782,0.29940713042298833,False,False
51101,King William County,56,Administrative and Support and Waste Management,162.0,2632.0,0.06155015197568389,0.06910888022477532,0.8906258034494726,False,False
51101,King William County,71,"Arts, Entertainment, and Recreation",68.0,2632.0,0.025835866261398176,0.022075563852834112,1.1703377740941059,False,False
51101,King William County,72,Accommodation and Food Services,321.0,2632.0,0.12196048632218845,0.11121647217792784,1.0966045220987768,False,False
51101,King William County,81,Other Services,195.0,2632.0,0.07408814589665653,0.04436895963131947,1.6698193176555505,True,True
51103,Lancaster County,11,"Agriculture, Forestry, Fishing and Hunting",16.0,2849.0,0.005616005616005616,0.0013468139528155627,4.169845140277286,True,False
51103,Lancaster County,23,Construction,332.0,2849.0,0.11653211653211654,0.06470425061563047,1.80099630894985,True,True
51103,Lancaster County,31-33,Manufacturing,268.0,2849.0,0.09406809406809406,0.0672927065446581,1.3978943469254985,True,True
51103,Lancaster County,44-45,Retail Trade,654.0,2849.0,0.22955422955422955,0.1306402726983419,1.7571475075246306,True,True
51103,Lancaster County,48-49,Transportation and Warehousing,116.0,2849.0,0.040716040716040715,0.05047574152199847,0.806645717097504,False,False
51103,Lancaster County,51,Information,52.0,2849.0,0.018252018252018252,0.014621627646955715,1.2482890887881692,False,False
51103,Lancaster County,52,Finance and Insurance,201.0,2849.0,0.07055107055107056,0.03703244844786244,1.9051149332023942,True,True
51103,Lancaster County,53,Real Estate and Rental and Leasing,77.0,2849.0,0.02702702702702703,0.01976416290424415,1.3674764348973896,True,False
51103,Lancaster County,54,"Professional, Scientific, and Technical Services",140.0,2849.0,0.04914004914004914,0.1370489560234782,0.35855836166771554,False,False
51103,Lancaster County,71,"Arts, Entertainment, and Recreation",123.0,2849.0,0.04317304317304317,0.022075563852834112,1.9556937915993713,True,True
51103,Lancaster County,72,Accommodation and Food Services,594.0,2849.0,0.2084942084942085,0.11121647217792784,1.8746702211579997,True,True
51103,Lancaster County,81,Other Services,216.0,2849.0,0.07581607581607581,0.04436895963131947,1.7087638846180706,True,True
51103,Lancaster County,99,Unclassified,60.0,2849.0,0.02106002106002106,0.002188870490411141,9.621410290046581,True,False
51105,Lee County,11,"Agriculture, Forestry, Fishing and Hunting",24.0,1694.0,0.014167650531286895,0.0013468139528155627,10.51938205842679,True,False
51105,Lee County,21,"Mining, Quarrying, and Oil and Gas Extraction",64.0,1694.0,0.03778040141676505,0.0003393412966785737,111.33452304966848,True,False
51105,Lee County,22,Utilities,50.0,1694.0,0.0295159386068477,0.002142581206210252,13.775878609079562,True,False
51105,Lee County,23,Construction,195.0,1694.0,0.11511216056670602,0.06470425061563047,1.7790509815269944,True,True
51105,Lee County,31-33,Manufacturing,144.0,1694.0,0.08500590318772137,0.0672927065446581,1.2632260991212783,True,True
51105,Lee County,42,Wholesale Trade,106.0,1694.0,0.06257378984651712,0.02169027363433848,2.88487784439265,True,True
51105,Lee County,44-45,Retail Trade,663.0,1694.0,0.39138134592680046,0.1306402726983419,2.995870552341306,True,True
51105,Lee County,48-49,Transportation and Warehousing,41.0,1694.0,0.024203069657615112,0.05047574152199847,0.47949904108029534,False,False
51105,Lee County,51,Information,14.0,1694.0,0.008264462809917356,0.014621627646955715,0.5652218076855522,False,False
51105,Lee County,52,Finance and Insurance,92.0,1694.0,0.05430932703659976,0.03703244844786244,1.4665335216239144,True,False
51105,Lee County,53,Real Estate and Rental and Leasing,29.0,1694.0,0.017119244391971666,0.01976416290424415,0.8661760417030101,False,False
51105,Lee County,54,"Professional, Scientific, and Technical Services",49.0,1694.0,0.028925619834710745,0.1370489560234782,0.2110604901634962,False,False
51105,Lee County,55,Management of Companies and Enterprises,59.0,1694.0,0.03482880755608028,0.02744546118252103,1.269018848852918,True,False
51105,Lee County,56,Administrative and Support and Waste Management,91.0,1694.0,0.05371900826446281,0.06910888022477532,0.7773097768295877,False,False
51105,Lee County,81,Other Services,70.0,1694.0,0.04132231404958678,0.04436895963131947,0.9313338512543777,False,False
51105,Lee County,99,Unclassified,3.0,1694.0,0.0017709563164108619,0.002188870490411141,0.8090731380266445,False,False
51107,Loudoun County,23,Construction,24219.0,168036.0,0.14412982932228807,0.06470425061563047,2.22751717160713,True,True
51107,Loudoun County,31-33,Manufacturing,7452.0,168036.0,0.044347639791473256,0.0672927065446581,0.6590259490015075,False,False
51107,Loudoun County,44-45,Retail Trade,17299.0,168036.0,0.10294817777142994,0.1306402726983419,0.7880278848555753,False,False
51107,Loudoun County,48-49,Transportation and Warehousing,13337.0,168036.0,0.07936989692684901,0.05047574152199847,1.5724364721270674,True,True
51107,Loudoun County,51,Information,7338.0,168036.0,0.04366921373991287,0.014621627646955715,2.986617823563917,True,True
51107,Loudoun County,52,Finance and Insurance,4162.0,168036.0,0.02476850198766931,0.03703244844786244,0.6688324165911039,False,False
51107,Loudoun County,53,Real Estate and Rental and Leasing,2353.0,168036.0,0.014002951748434859,0.01976416290424415,0.7085021417946251,False,False
51107,Loudoun County,54,"Professional, Scientific, and Technical Services",25626.0,168036.0,0.15250303506391488,0.1370489560234782,1.112763201478085,False,False
51107,Loudoun County,55,Management of Companies and Enterprises,1935.0,168036.0,0.011515389559380133,0.02744546118252103,0.4195735492582594,False,False
51107,Loudoun County,56,Administrative and Support and Waste Management,12408.0,168036.0,0.07384131971720345,0.06910888022477532,1.068478023041843,False,False
51107,Loudoun County,61,Educational Services,3324.0,168036.0,0.019781475398128974,0.020240329879222408,0.9773296935459304,False,False
51107,Loudoun County,62,Health Care and Social Assistance,19235.0,168036.0,0.1144695184365255,0.15625628606777636,0.7325754458727772,False,False
51107,Loudoun County,71,"Arts, Entertainment, and Recreation",3924.0,168036.0,0.02335213882739413,0.022075563852834112,1.0578275138551503,False,False
51107,Loudoun County,72,Accommodation and Food Services,18363.0,168036.0,0.10928015425266015,0.11121647217792784,0.982589648031904,False,False
51107,Loudoun County,81,Other Services,6457.0,168036.0,0.03842628960460854,0.04436895963131947,0.8660624437424024,False,False
51107,Loudoun County,99,Unclassified,604.0,168036.0,0.003594467852126925,0.002188870490411141,1.6421564765358811,True,True
51109,Louisa County,22,Utilities,1016.0,4344.0,0.23388581952117865,0.002142581206210252,109.16077245672777,True,True
51109,Louisa County,44-45,Retail Trade,1166.0,4344.0,0.26841620626151014,0.1306402726983419,2.0546206825616715,True,True
51109,Louisa County,52,Finance and Insurance,154.0,4344.0,0.035451197053407,0.03703244844786244,0.9573009222795067,False,False
51109,Louisa County,53,Real Estate and Rental and Leasing,147.0,4344.0,0.03383977900552486,0.01976416290424415,1.7121787130310546,True,True
51109,Louisa County,54,"Professional, Scientific, and Technical Services",259.0,4344.0,0.05962246777163904,0.1370489560234782,0.4350450342826761,False,False
51109,Louisa County,55,Management of Companies and Enterprises,49.0,4344.0,0.011279926335174955,0.02744546118252103,0.4109942354460675,False,False
51109,Louisa County,56,Administrative and Support and Waste Management,448.0,4344.0,0.10313075506445672,0.06910888022477532,1.4922938228636595,True,True
51109,Louisa County,71,"Arts, Entertainment, and Recreation",116.0,4344.0,0.026703499079189688,0.022075563852834112,1.2096406351025744,False,False
51109,Louisa County,72,Accommodation and Food Services,757.0,4344.0,0.1742633517495396,0.11121647217792784,1.5668843682682838,True,True
51109,Louisa County,81,Other Services,232.0,4344.0,0.053406998158379376,0.04436895963131947,1.20370183574645,False,False
51111,Lunenburg County,11,"Agriculture, Forestry, Fishing and Hunting",50.0,811.0,0.06165228113440197,0.0013468139528155627,45.77639027685723,True,False
51111,Lunenburg County,23,Construction,108.0,811.0,0.13316892725030827,0.06470425061563047,2.0581171404238305,True,True
51111,Lunenburg County,31-33,Manufacturing,290.0,811.0,0.35758323057953145,0.0672927065446581,5.3138482450876765,True,True
51111,Lunenburg County,42,Wholesale Trade,48.0,811.0,0.059186189889025895,0.02169027363433848,2.728697244064574,True,False
51111,Lunenburg County,44-45,Retail Trade,186.0,811.0,0.22934648581997533,0.1306402726983419,1.7555573107961386,True,True
51111,Lunenburg County,48-49,Transportation and Warehousing,34.0,811.0,0.04192355117139334,0.05047574152199847,0.8305683068196652,False,False
51111,Lunenburg County,54,"Professional, Scientific, and Technical Services",41.0,811.0,0.05055487053020962,0.1370489560234782,0.3688818360757811,False,False
51111,Lunenburg County,81,Other Services,54.0,811.0,0.06658446362515413,0.04436895963131947,1.5006992315896681,True,False
51113,Madison County,11,"Agriculture, Forestry, Fishing and Hunting",90.0,1785.0,0.05042016806722689,0.0013468139528155627,37.43662438440122,True,False
51113,Madison County,23,Construction,285.0,1785.0,0.15966386554621848,0.06470425061563047,2.4675946947394025,True,True
51113,Madison County,31-33,Manufacturing,312.0,1785.0,0.17478991596638654,0.0672927065446581,2.5974570639447983,True,True
51113,Madison County,42,Wholesale Trade,72.0,1785.0,0.040336134453781515,0.02169027363433848,1.8596415671734197,True,False
51113,Madison County,44-45,Retail Trade,430.0,1785.0,0.24089635854341737,0.1306402726983419,1.8439670521789628,True,True
51113,Madison County,48-49,Transportation and Warehousing,71.0,1785.0,0.039775910364145656,0.05047574152199847,0.7880203274836569,False,False
51113,Madison County,52,Finance and Insurance,67.0,1785.0,0.03753501400560224,0.03703244844786244,1.013570951390032,False,False
51113,Madison County,54,"Professional, Scientific, and Technical Services",91.0,1785.0,0.050980392156862744,0.1370489560234782,0.37198672383997705,False,False
51113,Madison County,71,"Arts, Entertainment, and Recreation",10.0,1785.0,0.0056022408963585435,0.022075563852834112,0.25377566497080956,False,False
51113,Madison County,72,Accommodation and Food Services,218.0,1785.0,0.12212885154061624,0.11121647217792784,1.0981183735555864,False,False
51113,Madison County,81,Other Services,139.0,1785.0,0.07787114845938375,0.04436895963131947,1.7550816856299585,True,True
51115,Mathews County,23,Construction,123.0,703.0,0.17496443812233287,0.06470425061563047,2.704064052324672,True,True
51115,Mathews County,44-45,Retail Trade,189.0,703.0,0.26884779516358465,0.1306402726983419,2.057924326171411,True,True
51115,Mathews County,48-49,Transportation and Warehousing,33.0,703.0,0.04694167852062589,0.05047574152199847,0.9299849215720317,False,False
51115,Mathews County,56,Administrative and Support and Waste Management,55.0,703.0,0.07823613086770982,0.06910888022477532,1.132070590830705,False,False
51115,Mathews County,71,"Arts, Entertainment, and Recreation",71.0,703.0,0.10099573257467995,0.022075563852834112,4.575001266013592,True,False
51115,Mathews County,72,Accommodation and Food Services,165.0,703.0,0.23470839260312945,0.11121647217792784,2.1103743717714325,True,True
51115,Mathews County,81,Other Services,67.0,703.0,0.0953058321479374,0.04436895963131947,2.1480294543724723,True,False
51117,Mecklenburg County,22,Utilities,118.0,7158.0,0.01648505169041632,0.002142581206210252,7.694014883839429,True,True
51117,Mecklenburg County,31-33,Manufacturing,789.0,7158.0,0.11022632020117351,0.0672927065446581,1.638012882243382,True,True
51117,Mecklenburg County,42,Wholesale Trade,1052.0,7158.0,0.146968426934898,0.02169027363433848,6.775775603966018,True,True
51117,Mecklenburg County,44-45,Retail Trade,1820.0,7158.0,0.254260966750489,0.1306402726983419,1.946267881249731,True,True
51117,Mecklenburg County,48-49,Transportation and Warehousing,436.0,7158.0,0.06091086895780944,0.05047574152199847,1.2067354955303253,False,False
51117,Mecklenburg County,52,Finance and Insurance,185.0,7158.0,0.02584520815870355,0.03703244844786244,0.697907085325204,False,False
51117,Mecklenburg County,53,Real Estate and Rental and Leasing,121.0,7158.0,0.01690416317407097,0.01976416290424415,0.8552936573114854,False,False
51117,Mecklenburg County,54,"Professional, Scientific, and Technical Services",313.0,7158.0,0.04372729812796871,0.1370489560234782,0.3190633434703266,False,False
51117,Mecklenburg County,55,Management of Companies and Enterprises,142.0,7158.0,0.019837943559653536,0.02744546118252103,0.7228132705704929,False,False
51117,Mecklenburg County,56,Administrative and Support and Waste Management,525.0,7158.0,0.07334450963956413,0.06910888022477532,1.061289220734188,False,False
51117,Mecklenburg County,71,"Arts, Entertainment, and Recreation",103.0,7158.0,0.014389494272143057,0.022075563852834112,0.6518290707349566,False,False
51117,Mecklenburg County,72,Accommodation and Food Services,1179.0,7158.0,0.1647108130762783,0.11121647217792784,1.480992966696232,True,True
51117,Mecklenburg County,81,Other Services,375.0,7158.0,0.052388935456831515,0.04436895963131947,1.1807564543354956,False,False
51119,Middlesex County,23,Construction,229.0,1647.0,0.13904068002428657,0.06470425061563047,2.1488646990171434,True,True
51119,Middlesex County,31-33,Manufacturing,131.0,1647.0,0.07953855494839102,0.0672927065446581,1.1819788359323322,False,False
51119,Middlesex County,42,Wholesale Trade,70.0,1647.0,0.042501517911353974,0.02169027363433848,1.95947356994467,True,False
51119,Middlesex County,44-45,Retail Trade,329.0,1647.0,0.1997571341833637,0.1306402726983419,1.5290624403748585,True,True
51119,Middlesex County,48-49,Transportation and Warehousing,88.0,1647.0,0.05343047965998786,0.05047574152199847,1.0585377856549496,False,False
51119,Middlesex County,51,Information,33.0,1647.0,0.020036429872495445,0.014621627646955715,1.3703282805636974,True,False
51119,Middlesex County,52,Finance and Insurance,53.0,1647.0,0.03217972070431087,0.03703244844786244,0.8689601161429099,False,False
51119,Middlesex County,53,Real Estate and Rental and Leasing,18.0,1647.0,0.01092896174863388,0.01976416290424415,0.5529686130186166,False,False
51119,Middlesex County,54,"Professional, Scientific, and Technical Services",94.0,1647.0,0.05707346690953248,0.1370489560234782,0.4164458348719934,False,False
51119,Middlesex County,71,"Arts, Entertainment, and Recreation",139.0,1647.0,0.08439587128111718,0.022075563852834112,3.823044876395411,True,True
51119,Middlesex County,72,Accommodation and Food Services,329.0,1647.0,0.1997571341833637,0.11121647217792784,1.796111046066859,True,True
51119,Middlesex County,81,Other Services,121.0,1647.0,0.0734669095324833,0.04436895963131947,1.6558177190304002,True,True
51119,Middlesex County,99,Unclassified,13.0,1647.0,0.007893139040680024,0.002188870490411141,3.606032917551662,True,False
51121,Montgomery County,11,"Agriculture, Forestry, Fishing and Hunting",50.0,29062.0,0.001720459706833666,0.0013468139528155627,1.2774293756290418,True,False
51121,Montgomery County,21,"Mining, Quarrying, and Oil and Gas Extraction",49.0,29062.0,0.0016860505126969926,0.0003393412966785737,4.9685980727952215,True,False
51121,Montgomery County,22,Utilities,55.0,29062.0,0.0018925056775170325,0.002142581206210252,0.8832830569182731,False,False
51121,Montgomery County,23,Construction,1257.0,29062.0,0.04325235702979836,0.06470425061563047,0.6684623748559416,False,False
51121,Montgomery County,31-33,Manufacturing,5243.0,29062.0,0.1804074048585782,0.0672927065446581,2.6809354850195053,True,True
51121,Montgomery County,42,Wholesale Trade,336.0,29062.0,0.011561489229922235,0.02169027363433848,0.533026435020115,False,False
51121,Montgomery County,44-45,Retail Trade,4452.0,29062.0,0.15318973229646962,0.1306402726983419,1.1726072606277858,False,False
51121,Montgomery County,48-49,Transportation and Warehousing,648.0,29062.0,0.02229715780056431,0.05047574152199847,0.4417400741076128,False,False
51121,Montgomery County,51,Information,154.0,29062.0,0.005299015897047691,0.014621627646955715,0.36240944065833663,False,False
51121,Montgomery County,52,Finance and Insurance,527.0,29062.0,0.018133645310026838,0.03703244844786244,0.48966908940836007,False,False
51121,Montgomery County,53,Real Estate and Rental and Leasing,683.0,29062.0,0.023501479595347877,0.01976416290424415,1.1890956226788223,False,False
51121,Montgomery County,54,"Professional, Scientific, and Technical Services",2358.0,29062.0,0.08113687977427568,0.1370489560234782,0.592028440992837,False,False
51121,Montgomery County,55,Management of Companies and Enterprises,219.0,29062.0,0.007535613515931457,0.02744546118252103,0.2745668387868302,False,False
51121,Montgomery County,56,Administrative and Support and Waste Management,1860.0,29062.0,0.06400110109421238,0.06910888022477532,0.9260908422484927,False,False
51121,Montgomery County,61,Educational Services,442.0,29062.0,0.015208863808409608,0.020240329879222408,0.7514138306620278,False,False
51121,Montgomery County,62,Health Care and Social Assistance,4791.0,29062.0,0.16485444910880187,0.15625628606777636,1.0550260297195087,False,False
51121,Montgomery County,71,"Arts, Entertainment, and Recreation",587.0,29062.0,0.02019819695822724,0.022075563852834112,0.9149572392749619,False,False
51121,Montgomery County,72,Accommodation and Food Services,4275.0,29062.0,0.14709930493427845,0.11121647217792784,1.32263955198061,True,True
51121,Montgomery County,81,Other Services,996.0,29062.0,0.034271557360126624,0.04436895963131947,0.7724219284135475,False,False
51121,Montgomery County,99,Unclassified,80.0,29062.0,0.0027527355309338655,0.002188870490411141,1.2576054832813852,True,False
51125,Nelson County,23,Construction,238.0,2721.0,0.0874678427048879,0.06470425061563047,1.3518098405077346,True,True
51125,Nelson County,31-33,Manufacturing,527.0,2721.0,0.19367879456082324,0.0672927065446581,2.8781543276505057,True,True
51125,Nelson County,44-45,Retail Trade,273.0,2721.0,0.10033076074972437,0.1306402726983419,0.7679925851149709,False,False
51125,Nelson County,48-49,Transportation and Warehousing,52.0,2721.0,0.019110621095185593,0.05047574152199847,0.3786100118381966,False,False
51125,Nelson County,51,Information,18.0,2721.0,0.006615214994487321,0.014621627646955715,0.45242671706693594,False,False
51125,Nelson County,52,Finance and Insurance,56.0,2721.0,0.02058066887173833,0.03703244844786244,0.555746912082079,False,False
51125,Nelson County,53,Real Estate and Rental and Leasing,54.0,2721.0,0.019845644983461964,0.01976416290424415,1.0041227184582817,False,False
51125,Nelson County,56,Administrative and Support and Waste Management,127.0,2721.0,0.04667401690554943,0.06910888022477532,0.6753693122178087,False,False
51125,Nelson County,61,Educational Services,90.0,2721.0,0.03307607497243661,0.020240329879222408,1.634166793219643,True,False
51125,Nelson County,62,Health Care and Social Assistance,314.0,2721.0,0.11539875045938992,0.15625628606777636,0.7385222915725488,False,False
51125,Nelson County,71,"Arts, Entertainment, and Recreation",20.0,2721.0,0.00735023888276369,0.022075563852834112,0.33295814918992656,False,False
51125,Nelson County,72,Accommodation and Food Services,645.0,2721.0,0.237045203969129,0.11121647217792784,2.131385750034367,True,True
51125,Nelson County,81,Other Services,291.0,2721.0,0.10694597574421169,0.04436895963131947,2.4103782606775375,True,True
51125,Nelson County,99,Unclassified,16.0,2721.0,0.005880191106210952,0.002188870490411141,2.6864043039414645,True,False
51127,New Kent County,23,Construction,779.0,2568.0,0.30334890965732086,0.06470425061563047,4.688237739732689,True,True
51127,New Kent County,31-33,Manufacturing,221.0,2568.0,0.08605919003115264,0.0672927065446581,1.278878417143771,True,True
51127,New Kent County,42,Wholesale Trade,72.0,2568.0,0.028037383177570093,0.02169027363433848,1.2926246874628324,True,False
51127,New Kent County,44-45,Retail Trade,589.0,2568.0,0.22936137071651092,0.1306402726983419,1.7556712488355206,True,True
51127,New Kent County,51,Information,16.0,2568.0,0.006230529595015576,0.014621627646955715,0.4261173752644973,False,False
51127,New Kent County,52,Finance and Insurance,60.0,2568.0,0.02336448598130841,0.03703244844786244,0.630919287289443,False,False
51127,New Kent County,53,Real Estate and Rental and Leasing,56.0,2568.0,0.021806853582554516,0.01976416290424415,1.1033532605558376,False,False
51127,New Kent County,54,"Professional, Scientific, and Technical Services",215.0,2568.0,0.0837227414330218,0.1370489560234782,0.6108966012019753,False,False
51127,New Kent County,55,Management of Companies and Enterprises,19.0,2568.0,0.007398753894080997,0.02744546118252103,0.2695802356854904,False,False
51127,New Kent County,56,Administrative and Support and Waste Management,332.0,2568.0,0.1292834890965732,0.06910888022477532,1.8707218041455902,True,True
51127,New Kent County,81,Other Services,192.0,2568.0,0.07476635514018691,0.04436895963131947,1.6851049869425,True,True
51127,New Kent County,99,Unclassified,17.0,2568.0,0.00661993769470405,0.002188870490411141,3.0243624388488195,True,False
51131,Northampton County,11,"Agriculture, Forestry, Fishing and Hunting",733.0,2625.0,0.27923809523809523,0.0013468139528155627,207.33234509067717,True,True
51131,Northampton County,23,Construction,174.0,2625.0,0.06628571428571428,0.06470425061563047,1.024441418531811,False,False
51131,Northampton County,31-33,Manufacturing,287.0,2625.0,0.10933333333333334,0.0672927065446581,1.6247426942290604,True,True
51131,Northampton County,42,Wholesale Trade,35.0,2625.0,0.013333333333333334,0.02169027363433848,0.6147148513712137,False,False
51131,Northampton County,44-45,Retail Trade,553.0,2625.0,0.21066666666666667,0.1306402726983419,1.6125706286078538,True,True
51131,Northampton County,52,Finance and Insurance,56.0,2625.0,0.021333333333333333,0.03703244844786244,0.5760713705810808,False,False
51131,Northampton County,53,Real Estate and Rental and Leasing,68.0,2625.0,0.025904761904761906,0.01976416290424415,1.3106936038864123,True,False
51131,Northampton County,56,Administrative and Support and Waste Management,61.0,2625.0,0.023238095238095238,0.06910888022477532,0.33625338975995234,False,False
51131,Northampton County,61,Educational Services,93.0,2625.0,0.03542857142857143,0.020240329879222408,1.7503949609507312,True,False
51131,Northampton County,62,Health Care and Social Assistance,565.0,2625.0,0.21523809523809523,0.15625628606777636,1.3774683928218763,True,True
51133,Northumberland County,11,"Agriculture, Forestry, Fishing and Hunting",153.0,1601.0,0.09556527170518427,0.0013468139528155627,70.95655009023456,True,True
51133,Northumberland County,23,Construction,167.0,1601.0,0.10430980637101811,0.06470425061563047,1.6121012974968327,True,True
51133,Northumberland County,31-33,Manufacturing,472.0,1601.0,0.2948157401623985,0.0672927065446581,4.381094999749298,True,True
51133,Northumberland County,42,Wholesale Trade,33.0,1601.0,0.02061211742660837,0.02169027363433848,0.9502931025257675,False,False
51133,Northumberland County,44-45,Retail Trade,283.0,1601.0,0.17676452217364147,0.1306402726983419,1.3530630220116264,True,True
51133,Northumberland County,48-49,Transportation and Warehousing,42.0,1601.0,0.02623360399750156,0.05047574152199847,0.5197269659935231,False,False
51133,Northumberland County,52,Finance and Insurance,49.0,1601.0,0.030605871330418487,0.03703244844786244,0.8264609177410494,False,False
51133,Northumberland County,56,Administrative and Support and Waste Management,54.0,1601.0,0.033728919425359154,0.06910888022477532,0.4880547813198027,False,False
51133,Northumberland County,71,"Arts, Entertainment, and Recreation",122.0,1601.0,0.07620237351655215,0.022075563852834112,3.45188798005579,True,True
51133,Northumberland County,72,Accommodation and Food Services,115.0,1601.0,0.07183010618363522,0.11121647217792784,0.6458585205680595,False,False
51133,Northumberland County,81,Other Services,111.0,1601.0,0.0693316677076827,0.04436895963131947,1.5626164842220547,True,True
51135,Nottoway County,23,Construction,102.0,1571.0,0.06492679821769573,0.06470425061563047,1.003439458767358,False,False
51135,Nottoway County,31-33,Manufacturing,247.0,1571.0,0.15722469764481223,0.0672927065446581,2.3364299894888565,True,True
51135,Nottoway County,42,Wholesale Trade,141.0,1571.0,0.08975175047740293,0.02169027363433848,4.137880046626725,True,True
51135,Nottoway County,44-45,Retail Trade,580.0,1571.0,0.36919159770846594,0.1306402726983419,2.8260167411082855,True,True
51135,Nottoway County,51,Information,15.0,1571.0,0.009548058561425843,0.014621627646955715,0.653009281317172,False,False
51135,Nottoway County,52,Finance and Insurance,91.0,1571.0,0.05792488860598345,0.03703244844786244,1.5641657798439994,True,False
51135,Nottoway County,53,Real Estate and Rental and Leasing,23.0,1571.0,0.01464035646085296,0.01976416290424415,0.7407526709724243,False,False
51135,Nottoway County,54,"Professional, Scientific, and Technical Services",277.0,1571.0,0.1763208147676639,0.1370489560234782,1.2865535052850599,True,True
51135,Nottoway County,81,Other Services,73.0,1571.0,0.046467218332272436,0.04436895963131947,1.047291140436654,False,False
51135,Nottoway County,99,Unclassified,22.0,1571.0,0.014003819223424571,0.002188870490411141,6.397737684697005,True,False
51137,Orange County,23,Construction,586.0,6109.0,0.09592404648878704,0.06470425061563047,1.4824999219698074,True,True
51137,Orange County,31-33,Manufacturing,1050.0,6109.0,0.1718775577017515,0.0672927065446581,2.554178105285255,True,True
51137,Orange County,42,Wholesale Trade,537.0,6109.0,0.08790309379603863,0.02169027363433848,4.05265029284263,True,True
51137,Orange County,44-45,Retail Trade,1288.0,6109.0,0.2108364707808152,0.1306402726983419,1.61387041243899,True,True
51137,Orange County,52,Finance and Insurance,140.0,6109.0,0.02291700769356687,0.03703244844786244,0.618835876483605,False,False
51137,Orange County,56,Administrative and Support and Waste Management,326.0,6109.0,0.053363889343591424,0.06910888022477532,0.7721712342903891,False,False
51137,Orange County,61,Educational Services,102.0,6109.0,0.016696677033884433,0.020240329879222408,0.8249211911819831,False,False
51137,Orange County,62,Health Care and Social Assistance,580.0,6109.0,0.0949418890162056,0.15625628606777636,0.6076036453024644,False,False
51137,Orange County,71,"Arts, Entertainment, and Recreation",157.0,6109.0,0.025699787199214275,0.022075563852834112,1.1641735346168691,False,False
51137,Orange County,72,Accommodation and Food Services,852.0,6109.0,0.13946636110656407,0.11121647217792784,1.2540081372428458,True,True
51137,Orange County,81,Other Services,491.0,6109.0,0.08037321983958094,0.04436895963131947,1.8114740689760627,True,True
51139,Page County,31-33,Manufacturing,621.0,1774.0,0.3500563697857948,0.0672927065446581,5.20199569552881,True,True
51139,Page County,44-45,Retail Trade,791.0,1774.0,0.4458850056369786,0.1306402726983419,3.413074670064109,True,True
51139,Page County,48-49,Transportation and Warehousing,26.0,1774.0,0.014656144306651634,0.05047574152199847,0.2903601584587748,False,False
51139,Page County,52,Finance and Insurance,154.0,1774.0,0.08680947012401354,0.03703244844786244,2.3441461140824,True,True
51139,Page County,53,Real Estate and Rental and Leasing,37.0,1774.0,0.020856820744081173,0.01976416290424415,1.0552848023531716,False,False
51139,Page County,81,Other Services,145.0,1774.0,0.08173618940248027,0.04436895963131947,1.8421930575262748,True,True
51141,Patrick County,11,"Agriculture, Forestry, Fishing and Hunting",105.0,2584.0,0.04063467492260062,0.0013468139528155627,30.170963730849667,True,True
51141,Patrick County,23,Construction,130.0,2584.0,0.05030959752321981,0.06470425061563047,0.7775315693257814,False,False
51141,Patrick County,31-33,Manufacturing,913.0,2584.0,0.35332817337461303,0.0672927065446581,5.250616173985073,True,True
51141,Patrick County,42,Wholesale Trade,111.0,2584.0,0.04295665634674923,0.02169027363433848,1.980457096619719,True,True
51141,Patrick County,44-45,Retail Trade,526.0,2584.0,0.20356037151702785,0.1306402726983419,1.5581747290673824,True,True
51141,Patrick County,51,Information,65.0,2584.0,0.025154798761609906,0.014621627646955715,1.7203829401884163,True,False
51141,Patrick County,52,Finance and Insurance,56.0,2584.0,0.021671826625386997,0.03703244844786244,0.5852118218944803,False,False
51141,Patrick County,53,Real Estate and Rental and Leasing,13.0,2584.0,0.005030959752321981,0.01976416290424415,0.25454959953004813,False,False
51141,Patrick County,54,"Professional, Scientific, and Technical Services",77.0,2584.0,0.02979876160990712,0.1370489560234782,0.2174315111514036,False,False
51141,Patrick County,56,Administrative and Support and Waste Management,44.0,2584.0,0.017027863777089782,0.06910888022477532,0.2463918344749181,False,False
51141,Patrick County,71,"Arts, Entertainment, and Recreation",16.0,2584.0,0.006191950464396285,0.022075563852834112,0.28048889286247375,False,False
51141,Patrick County,72,Accommodation and Food Services,431.0,2584.0,0.16679566563467493,0.11121647217792784,1.499738863932221,True,True
51141,Patrick County,81,Other Services,81.0,2584.0,0.03134674922600619,0.04436895963131947,0.7065017860792691,False,False
51141,Patrick County,99,Unclassified,16.0,2584.0,0.006191950464396285,0.002188870490411141,2.828833634297494,True,False
51143,Pittsylvania County,22,Utilities,64.0,9506.0,0.006732589943193772,0.002142581206210252,3.1422799395791494,True,False
51143,Pittsylvania County,23,Construction,1115.0,9506.0,0.117294340416579,0.06470425061563047,1.8127764296870545,True,True
51143,Pittsylvania County,31-33,Manufacturing,2293.0,9506.0,0.24121607405848938,0.0672927065446581,3.584579762717804,True,True
51143,Pittsylvania County,42,Wholesale Trade,881.0,9506.0,0.09267830843677677,0.02169027363433848,4.272804944703655,True,True
51143,Pittsylvania County,44-45,Retail Trade,899.0,9506.0,0.09457184935830001,0.1306402726983419,0.7239103792800052,False,False
51143,Pittsylvania County,48-49,Transportation and Warehousing,348.0,9506.0,0.03660845781611614,0.05047574152199847,0.7252683509396557,False,False
51143,Pittsylvania County,52,Finance and Insurance,142.0,9506.0,0.014937933936461182,0.03703244844786244,0.40337419108250777,False,False
51143,Pittsylvania County,54,"Professional, Scientific, and Technical Services",322.0,9506.0,0.033873343151693665,0.1370489560234782,0.24716235814223014,False,False
51143,Pittsylvania County,55,Management of Companies and Enterprises,52.0,9506.0,0.00547022932884494,0.02744546118252103,0.1993127130371823,False,False
51143,Pittsylvania County,56,Administrative and Support and Waste Management,316.0,9506.0,0.03324216284451925,0.06910888022477532,0.48101145231118997,False,False
51143,Pittsylvania County,61,Educational Services,256.0,9506.0,0.026930359772775088,0.020240329879222408,1.3305296866935103,True,True
51143,Pittsylvania County,62,Health Care and Social Assistance,1736.0,9506.0,0.18262150220913106,0.15625628606777636,1.1687305951321456,False,False
51143,Pittsylvania County,71,"Arts, Entertainment, and Recreation",54.0,9506.0,0.005680622764569746,0.022075563852834112,0.25732628178557054,False,False
51143,Pittsylvania County,72,Accommodation and Food Services,640.0,9506.0,0.06732589943193773,0.11121647217792784,0.6053590633968995,False,False
51143,Pittsylvania County,81,Other Services,388.0,9506.0,0.04081632653061224,0.04436895963131947,0.9199297632798342,False,False
51145,Powhatan County,23,Construction,1918.0,6342.0,0.30242825607064017,0.06470425061563047,4.674009098214998,True,True
51145,Powhatan County,31-33,Manufacturing,267.0,6342.0,0.042100283822138124,0.0672927065446581,0.6256292246797758,False,False
51145,Powhatan County,42,Wholesale Trade,268.0,6342.0,0.042257962787764114,0.02169027363433848,1.9482447985748022,True,True
51145,Powhatan County,44-45,Retail Trade,819.0,6342.0,0.1291390728476821,0.1306402726983419,0.9885089044928268,False,False
51145,Powhatan County,51,Information,17.0,6342.0,0.0026805424156417534,0.014621627646955715,0.18332722459936626,False,False
51145,Powhatan County,52,Finance and Insurance,159.0,6342.0,0.025070955534531692,0.03703244844786244,0.6769996742135159,False,False
51145,Powhatan County,53,Real Estate and Rental and Leasing,73.0,6342.0,0.01151056449069694,0.01976416290424415,0.5823957506556053,False,False
51145,Powhatan County,56,Administrative and Support and Waste Management,707.0,6342.0,0.11147902869757174,0.06910888022477532,1.6130926783213433,True,True
51145,Powhatan County,61,Educational Services,162.0,6342.0,0.02554399243140965,0.020240329879222408,1.262034392909361,True,True
51145,Powhatan County,62,Health Care and Social Assistance,406.0,6342.0,0.0640176600441501,0.15625628606777636,0.40969654184908993,False,False
51145,Powhatan County,71,"Arts, Entertainment, and Recreation",428.0,6342.0,0.06748659728792179,0.022075563852834112,3.057072414449686,True,True
51145,Powhatan County,72,Accommodation and Food Services,674.0,6342.0,0.10627562283191422,0.11121647217792784,0.9555744823652643,False,False
51145,Powhatan County,81,Other Services,418.0,6342.0,0.06590980763166193,0.04436895963131947,1.4854936464441475,True,True
51145,Powhatan County,99,Unclassified,26.0,6342.0,0.004099653106275623,0.002188870490411141,1.8729537102515257,True,False
51147,Prince Edward County,23,Construction,455.0,4315.0,0.10544611819235226,0.06470425061563047,1.6296629230550097,True,True
51147,Prince Edward County,31-33,Manufacturing,261.0,4315.0,0.06048667439165701,0.0672927065446581,0.8988592894761286,False,False
51147,Prince Edward County,44-45,Retail Trade,1222.0,4315.0,0.2831981460023175,0.1306402726983419,2.167770628099063,True,True
51147,Prince Edward County,48-49,Transportation and Warehousing,254.0,4315.0,0.05886442641946697,0.05047574152199847,1.1661924053916577,False,False
51147,Prince Edward County,51,Information,72.0,4315.0,0.01668597914252607,0.014621627646955715,1.1411847945669826,False,False
51147,Prince Edward County,52,Finance and Insurance,134.0,4315.0,0.031054461181923523,0.03703244844786244,0.8385743444872338,False,False
51147,Prince Edward County,53,Real Estate and Rental and Leasing,87.0,4315.0,0.020162224797219002,0.01976416290424415,1.020140589556129,False,False
51147,Prince Edward County,54,"Professional, Scientific, and Technical Services",124.0,4315.0,0.0287369640787949,0.1370489560234782,0.2096839327537227,False,False
51147,Prince Edward County,55,Management of Companies and Enterprises,77.0,4315.0,0.017844727694090384,0.02744546118252103,0.6501886623590428,False,False
51147,Prince Edward County,56,Administrative and Support and Waste Management,178.0,4315.0,0.04125144843568945,0.06910888022477532,0.5969051777647084,False,False
51147,Prince Edward County,71,"Arts, Entertainment, and Recreation",55.0,4315.0,0.012746234067207415,0.022075563852834112,0.5773910986908279,False,False
51147,Prince Edward County,72,Accommodation and Food Services,1123.0,4315.0,0.26025492468134415,0.11121647217792784,2.340075346617537,True,True
51147,Prince Edward County,81,Other Services,224.0,4315.0,0.05191193511008111,0.04436895963131947,1.1700056873417684,False,False
51147,Prince Edward County,99,Unclassified,49.0,4315.0,0.011355735805330244,0.002188870490411141,5.1879432132127965,True,False
51149,Prince George County,23,Construction,629.0,8524.0,0.07379164711403097,0.06470425061563047,1.1404451239592175,False,False
51149,Prince George County,44-45,Retail Trade,996.0,8524.0,0.11684655091506335,0.1306402726983419,0.8944144749672309,False,False
51149,Prince George County,48-49,Transportation and Warehousing,2746.0,8524.0,0.3221492257156265,0.05047574152199847,6.382258407738826,True,True
51149,Prince George County,52,Finance and Insurance,109.0,8524.0,0.012787423744720788,0.03703244844786244,0.3453032213822982,False,False
51149,Prince George County,53,Real Estate and Rental and Leasing,112.0,8524.0,0.01313937118723604,0.01976416290424415,0.6648078773128557,False,False
51149,Prince George County,54,"Professional, Scientific, and Technical Services",275.0,8524.0,0.03226184889723135,0.1370489560234782,0.2354038281889903,False,False
51149,Prince George County,55,Management of Companies and Enterprises,307.0,8524.0,0.03601595495072736,0.02744546118252103,1.3122736291880768,True,True
51149,Prince George County,56,Administrative and Support and Waste Management,618.0,8524.0,0.07250117315814172,0.06910888022477532,1.0490862089261617,False,False
51149,Prince George County,61,Educational Services,54.0,8524.0,0.006335053965274519,0.020240329879222408,0.3129916361579527,False,False
51149,Prince George County,62,Health Care and Social Assistance,786.0,8524.0,0.09221022993899577,0.15625628606777636,0.5901217305203291,False,False
51149,Prince George County,71,"Arts, Entertainment, and Recreation",121.0,8524.0,0.014195213514781792,0.022075563852834112,0.6430283552172724,False,False
51149,Prince George County,72,Accommodation and Food Services,1498.0,8524.0,0.17573908962928203,0.11121647217792784,1.5801534268064963,True,True
51149,Prince George County,81,Other Services,273.0,8524.0,0.032027217268887846,0.04436895963131947,0.7218383648166555,False,False
51153,Prince William County,11,"Agriculture, Forestry, Fishing and Hunting",95.0,114002.0,0.000833318713706777,0.0013468139528155627,0.6187333536044043,False,False
51153,Prince William County,21,"Mining, Quarrying, and Oil and Gas Extraction",112.0,114002.0,0.0009824389045806213,0.0003393412966785737,2.895135116758848,True,True
51153,Prince William County,22,Utilities,479.0,114002.0,0.004201680672268907,0.002142581206210252,1.9610368372925022,True,True
51153,Prince William County,23,Construction,16875.0,114002.0,0.14802371888212487,0.06470425061563047,2.2876969824045394,True,True
51153,Prince William County,31-33,Manufacturing,2432.0,114002.0,0.021332959070893494,0.0672927065446581,0.31701740301879666,False,False
51153,Prince William County,42,Wholesale Trade,2943.0,114002.0,0.02581533657304258,0.02169027363433848,1.1901803088446794,False,False
51153,Prince William County,44-45,Retail Trade,20336.0,114002.0,0.17838283538885283,0.1306402726983419,1.365450574347407,True,True
51153,Prince William County,48-49,Transportation and Warehousing,4160.0,114002.0,0.03649058788442308,0.05047574152199847,0.7229331711455821,False,False
51153,Prince William County,51,Information,1068.0,114002.0,0.009368256697250926,0.014621627646955715,0.6407123012191763,False,False
51153,Prince William County,52,Finance and Insurance,1724.0,114002.0,0.015122541709794565,0.03703244844786244,0.4083592185670742,False,False
51153,Prince William County,53,Real Estate and Rental and Leasing,1866.0,114002.0,0.016368133892387855,0.01976416290424415,0.8281723831001699,False,False
51153,Prince William County,54,"Professional, Scientific, and Technical Services",11100.0,114002.0,0.09736671286468658,0.1370489560234782,0.7104520580806646,False,False
51153,Prince William County,55,Management of Companies and Enterprises,746.0,114002.0,0.006543744846581639,0.02744546118252103,0.23842721399591932,False,False
51153,Prince William County,56,Administrative and Support and Waste Management,7128.0,114002.0,0.06252521885580954,0.06910888022477532,0.9047349436490283,False,False
51153,Prince William County,61,Educational Services,2366.0,114002.0,0.02075402185926563,0.020240329879222408,1.0253796248929,False,False
51153,Prince William County,62,Health Care and Social Assistance,18637.0,114002.0,0.16347958807740215,0.15625628606777636,1.0462272730998654,False,False
51153,Prince William County,71,"Arts, Entertainment, and Recreation",3050.0,114002.0,0.02675391659795442,0.022075563852834112,1.211924496076674,False,False
51153,Prince William County,72,Accommodation and Food Services,13666.0,114002.0,0.11987508991070332,0.11121647217792784,1.0778537348219708,False,False
51153,Prince William County,81,Other Services,4808.0,114002.0,0.04217469868949668,0.04436895963131947,0.950545134254762,False,False
51153,Prince William County,99,Unclassified,411.0,114002.0,0.0036051999087735303,0.002188870490411141,1.6470594877892282,True,True
51155,Pulaski County,31-33,Manufacturing,3935.0,10676.0,0.36858373922817533,0.0672927065446581,5.477320770023844,True,True
51155,Pulaski County,44-45,Retail Trade,1664.0,10676.0,0.15586361933308354,0.1306402726983419,1.1930748161631919,False,False
51155,Pulaski County,48-49,Transportation and Warehousing,1300.0,10676.0,0.12176845260397152,0.05047574152199847,2.4124153292706376,True,True
51155,Pulaski County,52,Finance and Insurance,162.0,10676.0,0.015174222555264143,0.03703244844786244,0.409754774292814,False,False
51155,Pulaski County,53,Real Estate and Rental and Leasing,76.0,10676.0,0.007118771075309105,0.01976416290424415,0.360185812563831,False,False
51155,Pulaski County,56,Administrative and Support and Waste Management,700.0,10676.0,0.06556762832521544,0.06910888022477532,0.9487583666810687,False,False
51155,Pulaski County,61,Educational Services,21.0,10676.0,0.001967028849756463,0.020240329879222408,0.0971836359137459,False,False
51155,Pulaski County,62,Health Care and Social Assistance,1285.0,10676.0,0.12036343199700263,0.15625628606777636,0.7702949751717177,False,False
51155,Pulaski County,71,"Arts, Entertainment, and Recreation",119.0,10676.0,0.011146496815286623,0.022075563852834112,0.5049246709888957,False,False
51155,Pulaski County,72,Accommodation and Food Services,1027.0,10676.0,0.09619707755713751,0.11121647217792784,0.8649535061967997,False,False
51155,Pulaski County,81,Other Services,387.0,10676.0,0.036249531659797676,0.04436895963131947,0.8170020654306621,False,False
51157,Rappahannock County,11,"Agriculture, Forestry, Fishing and Hunting",89.0,735.0,0.12108843537414966,0.0013468139528155627,89.9073217358715,True,False
51157,Rappahannock County,23,Construction,114.0,735.0,0.15510204081632653,0.06470425061563047,2.39709198917542,True,True
51157,Rappahannock County,31-33,Manufacturing,78.0,735.0,0.10612244897959183,0.0672927065446581,1.5770275031093417,True,False
51157,Rappahannock County,44-45,Retail Trade,157.0,735.0,0.21360544217687075,0.1306402726983419,1.63506580141716,True,True
51157,Rappahannock County,51,Information,59.0,735.0,0.08027210884353742,0.014621627646955715,5.48995712254035,True,False
51157,Rappahannock County,53,Real Estate and Rental and Leasing,11.0,735.0,0.014965986394557823,0.01976416290424415,0.7572284476234524,False,False
51157,Rappahannock County,54,"Professional, Scientific, and Technical Services",77.0,735.0,0.10476190476190476,0.1370489560234782,0.7644122786601727,False,False
51157,Rappahannock County,61,Educational Services,54.0,735.0,0.07346938775510205,0.020240329879222408,3.6298513015107337,True,False
51157,Rappahannock County,62,Health Care and Social Assistance,96.0,735.0,0.1306122448979592,0.15625628606777636,0.835884739006954,False,False
51159,Richmond County,23,Construction,233.0,1010.0,0.2306930693069307,0.06470425061563047,3.5653464356977294,True,True
51159,Richmond County,44-45,Retail Trade,262.0,1010.0,0.2594059405940594,0.1306402726983419,1.9856506361789905,True,True
51159,Richmond County,52,Finance and Insurance,35.0,1010.0,0.034653465346534656,0.03703244844786244,0.9357594973857285,False,False
51159,Richmond County,53,Real Estate and Rental and Leasing,14.0,1010.0,0.013861386138613862,0.01976416290424415,0.7013393992840077,False,False
51159,Richmond County,54,"Professional, Scientific, and Technical Services",40.0,1010.0,0.039603960396039604,0.1370489560234782,0.288976739007446,False,False
51159,Richmond County,56,Administrative and Support and Waste Management,56.0,1010.0,0.055445544554455446,0.06910888022477532,0.8022926196187793,False,False
51159,Richmond County,71,"Arts, Entertainment, and Recreation",29.0,1010.0,0.028712871287128714,0.022075563852834112,1.3006630987340553,True,False
51159,Richmond County,72,Accommodation and Food Services,225.0,1010.0,0.22277227722772278,0.11121647217792784,2.003051102639942,True,True
51159,Richmond County,81,Other Services,116.0,1010.0,0.11485148514851486,0.04436895963131947,2.5885548388527617,True,True
51161,Roanoke County,31-33,Manufacturing,4389.0,28985.0,0.15142314990512334,0.0672927065446581,2.2502163708429967,True,True
51161,Roanoke County,44-45,Retail Trade,4768.0,28985.0,0.16449887873037777,0.1306402726983419,1.2591743367699324,True,True
51161,Roanoke County,48-49,Transportation and Warehousing,1367.0,28985.0,0.047162325340693464,0.05047574152199847,0.934356265378272,False,False
51161,Roanoke County,52,Finance and Insurance,1108.0,28985.0,0.038226668966706914,0.03703244844786244,1.0322479492687557,False,False
51161,Roanoke County,53,Real Estate and Rental and Leasing,460.0,28985.0,0.01587027772986027,0.01976416290424415,0.8029825400018481,False,False
51161,Roanoke County,54,"Professional, Scientific, and Technical Services",2993.0,28985.0,0.10326030705537347,0.1370489560234782,0.7534556267446773,False,False
51161,Roanoke County,55,Management of Companies and Enterprises,639.0,28985.0,0.022045885803001552,0.02744546118252103,0.8032616269914145,False,False
51161,Roanoke County,56,Administrative and Support and Waste Management,2395.0,28985.0,0.08262894600655511,0.06910888022477532,1.195634276489592,False,False
51161,Roanoke County,61,Educational Services,842.0,28985.0,0.02904950836639641,0.020240329879222408,1.4352289977357047,True,True
51161,Roanoke County,62,Health Care and Social Assistance,5308.0,28985.0,0.18312920476108333,0.15625628606777636,1.1719797607479983,False,False
51161,Roanoke County,71,"Arts, Entertainment, and Recreation",642.0,28985.0,0.02214938761428325,0.022075563852834112,1.0033441393362037,False,False
51161,Roanoke County,72,Accommodation and Food Services,3076.0,28985.0,0.10612385716750043,0.11121647217792784,0.9542098853641027,False,False
51161,Roanoke County,81,Other Services,998.0,28985.0,0.03443160255304468,0.04436895963131947,0.7760290716562094,False,False
51163,Rockbridge County,23,Construction,456.0,4526.0,0.10075121520106053,0.06470425061563047,1.5571035015854473,True,True
51163,Rockbridge County,31-33,Manufacturing,800.0,4526.0,0.17675651789659744,0.0672927065446581,2.6266816564926665,True,True
51163,Rockbridge County,42,Wholesale Trade,224.0,4526.0,0.049491825011047284,0.02169027363433848,2.2817519891817035,True,True
51163,Rockbridge County,44-45,Retail Trade,1165.0,4526.0,0.25740167918692003,0.1306402726983419,1.9703088019517505,True,True
51163,Rockbridge County,51,Information,28.0,4526.0,0.0061864781263809105,0.014621627646955715,0.4231046143258177,False,False
51163,Rockbridge County,52,Finance and Insurance,78.0,4526.0,0.01723376049491825,0.03703244844786244,0.46536918883938944,False,False
51163,Rockbridge County,53,Real Estate and Rental and Leasing,110.0,4526.0,0.024304021210782147,0.01976416290424415,1.2297015223226635,False,False
51163,Rockbridge County,61,Educational Services,75.0,4526.0,0.01657092355280601,0.020240329879222408,0.8187081757900001,False,False
51163,Rockbridge County,62,Health Care and Social Assistance,608.0,4526.0,0.13433495360141406,0.15625628606777636,0.8597091162345053,False,False
51163,Rockbridge County,71,"Arts, Entertainment, and Recreation",107.0,4526.0,0.02364118426866991,0.022075563852834112,1.0709209706385279,False,False
51163,Rockbridge County,72,Accommodation and Food Services,622.0,4526.0,0.13742819266460451,0.11121647217792784,1.2356819990184753,False,False
51163,Rockbridge County,81,Other Services,241.0,4526.0,0.05324790101634998,0.04436895963131947,1.2001160599394127,False,False
51163,Rockbridge County,99,Unclassified,12.0,4526.0,0.0026513477684489617,0.002188870490411141,1.211285811592696,False,False
51165,Rockingham County,23,Construction,3120.0,27716.0,0.1125703564727955,0.06470425061563047,1.7397675639813701,True,True
51165,Rockingham County,31-33,Manufacturing,6372.0,27716.0,0.22990330495020928,0.0672927065446581,3.41646690637471,True,True
51165,Rockingham County,44-45,Retail Trade,2881.0,27716.0,0.1039471785250397,0.1306402726983419,0.7956748434310256,False,False
51165,Rockingham County,48-49,Transportation and Warehousing,3345.0,27716.0,0.1206884110261221,0.05047574152199847,2.3910180888283405,True,True
51165,Rockingham County,51,Information,89.0,27716.0,0.00321114157887141,0.014621627646955715,0.2196158770012163,False,False
51165,Rockingham County,52,Finance and Insurance,320.0,27716.0,0.011545677586953384,0.03703244844786244,0.31177192086578914,False,False
51165,Rockingham County,53,Real Estate and Rental and Leasing,598.0,27716.0,0.021575984990619138,0.01976416290424415,1.0916720882717434,False,False
51165,Rockingham County,54,"Professional, Scientific, and Technical Services",839.0,27716.0,0.030271323423293403,0.1370489560234782,0.22087963528965188,False,False
51165,Rockingham County,55,Management of Companies and Enterprises,376.0,27716.0,0.013566171164670227,0.02744546118252103,0.49429561683991685,False,False
51165,Rockingham County,56,Administrative and Support and Waste Management,1112.0,27716.0,0.04012122961466301,0.06910888022477532,0.5805510013209514,False,False
51165,Rockingham County,61,Educational Services,629.0,27716.0,0.022694472506855246,0.020240329879222408,1.121250129927582,False,False
51165,Rockingham County,62,Health Care and Social Assistance,4417.0,27716.0,0.15936643094241593,0.15625628606777636,1.0199041264380913,False,False
51165,Rockingham County,71,"Arts, Entertainment, and Recreation",269.0,27716.0,0.009705585221532689,0.022075563852834112,0.43965287981926965,False,False
51165,Rockingham County,72,Accommodation and Food Services,2458.0,27716.0,0.08868523596478568,0.11121647217792784,0.7974109790400838,False,False
51165,Rockingham County,81,Other Services,777.0,27716.0,0.028034348390821185,0.04436895963131947,0.6318459712323772,False,False
51165,Rockingham County,99,Unclassified,114.0,27716.0,0.004113147640352143,0.002188870490411141,1.8791187776393115,True,True
51167,Russell County,11,"Agriculture, Forestry, Fishing and Hunting",53.0,2716.0,0.0195139911634757,0.0013468139528155627,14.48900282231336,True,False
51167,Russell County,21,"Mining, Quarrying, and Oil and Gas Extraction",181.0,2716.0,0.0666421207658321,0.0003393412966785737,196.38670983495405,True,True
51167,Russell County,23,Construction,489.0,2716.0,0.1800441826215022,0.06470425061563047,2.7825711743582007,True,True
51167,Russell County,31-33,Manufacturing,525.0,2716.0,0.19329896907216496,0.0672927065446581,2.8725099494086197,True,True
51167,Russell County,44-45,Retail Trade,750.0,2716.0,0.2761413843888071,0.1306402726983419,2.113753888331495,True,True
51167,Russell County,48-49,Transportation and Warehousing,133.0,2716.0,0.04896907216494845,0.05047574152199847,0.9701506246046256,False,False
51167,Russell County,52,Finance and Insurance,172.0,2716.0,0.06332842415316642,0.03703244844786244,1.7100793171244344,True,True
51167,Russell County,53,Real Estate and Rental and Leasing,19.0,2716.0,0.006995581737849779,0.01976416290424415,0.3539528474715997,False,False
51167,Russell County,54,"Professional, Scientific, and Technical Services",394.0,2716.0,0.14506627393225333,0.1370489560234782,1.058499664217812,False,False
51169,Scott County,31-33,Manufacturing,1118.0,2003.0,0.5581627558662007,0.0672927065446581,8.294550546808246,True,True
51169,Scott County,44-45,Retail Trade,545.0,2003.0,0.27209186220668996,0.1306402726983419,2.082756385811979,True,True
51169,Scott County,48-49,Transportation and Warehousing,75.0,2003.0,0.03744383424862706,0.05047574152199847,0.7418184085974882,False,False
51169,Scott County,51,Information,81.0,2003.0,0.040439340988517224,0.014621627646955715,2.7657208872322,True,False
51169,Scott County,52,Finance and Insurance,68.0,2003.0,0.03394907638542187,0.03703244844786244,0.9167386389052398,False,False
51169,Scott County,53,Real Estate and Rental and Leasing,22.0,2003.0,0.010983524712930605,0.01976416290424415,0.5557293150306916,False,False
51169,Scott County,81,Other Services,94.0,2003.0,0.046929605591612585,0.04436895963131947,1.0577125535863499,False,False
51171,Shenandoah County,22,Utilities,120.0,10330.0,0.011616650532429816,0.002142581206210252,5.421801749571526,True,True
51171,Shenandoah County,23,Construction,663.0,10330.0,0.06418199419167474,0.06470425061563047,0.9919285608134442,False,False
51171,Shenandoah County,31-33,Manufacturing,2606.0,10330.0,0.25227492739593416,0.0672927065446581,3.7489193160705243,True,True
51171,Shenandoah County,42,Wholesale Trade,336.0,10330.0,0.03252662149080349,0.02169027363433848,1.4995947971495243,True,True
51171,Shenandoah County,44-45,Retail Trade,1679.0,10330.0,0.16253630203291383,0.1306402726983419,1.244151582630436,False,False
51171,Shenandoah County,48-49,Transportation and Warehousing,568.0,10330.0,0.05498547918683446,0.05047574152199847,1.0893446540625964,False,False
51171,Shenandoah County,51,Information,359.0,10330.0,0.03475314617618586,0.014621627646955715,2.376831568640145,True,True
51171,Shenandoah County,52,Finance and Insurance,264.0,10330.0,0.025556631171345594,0.03703244844786244,0.6901145412333858,False,False
51171,Shenandoah County,53,Real Estate and Rental and Leasing,64.0,10330.0,0.006195546950629236,0.01976416290424415,0.3134737848825768,False,False
51171,Shenandoah County,54,"Professional, Scientific, and Technical Services",354.0,10330.0,0.03426911907066796,0.1370489560234782,0.25005020151191254,False,False
51171,Shenandoah County,61,Educational Services,102.0,10330.0,0.009874152952565343,0.020240329879222408,0.48784545565641185,False,False
51171,Shenandoah County,62,Health Care and Social Assistance,1483.0,10330.0,0.14356243949661182,0.15625628606777636,0.9187626501908629,False,False
51171,Shenandoah County,71,"Arts, Entertainment, and Recreation",134.0,10330.0,0.01297192642787996,0.022075563852834112,0.5876147270509965,False,False
51171,Shenandoah County,72,Accommodation and Food Services,1209.0,10330.0,0.1170377541142304,0.11121647217792784,1.0523419042368964,False,False
51171,Shenandoah County,81,Other Services,366.0,10330.0,0.03543078412391094,0.04436895963131947,0.7985489048722434,False,False
51171,Shenandoah County,99,Unclassified,23.0,10330.0,0.0022265246853823816,0.002188870490411141,1.0172025686929371,False,False
51173,Smyth County,23,Construction,395.0,7060.0,0.05594900849858357,0.06470425061563047,0.8646883004787955,False,False
51173,Smyth County,31-33,Manufacturing,2977.0,7060.0,0.421671388101983,0.0672927065446581,6.266227199854789,True,True
51173,Smyth County,42,Wholesale Trade,222.0,7060.0,0.031444759206798865,0.02169027363433848,1.4497170361658225,True,True
51173,Smyth County,44-45,Retail Trade,1133.0,7060.0,0.16048158640226629,0.1306402726983419,1.2284235411298488,False,False
51173,Smyth County,51,Information,5.0,7060.0,0.000708215297450425,0.014621627646955715,0.04843614640931432,False,False
51173,Smyth County,52,Finance and Insurance,88.0,7060.0,0.012464589235127478,0.03703244844786244,0.3365856095817221,False,False
51173,Smyth County,53,Real Estate and Rental and Leasing,31.0,7060.0,0.004390934844192634,0.01976416290424415,0.22216649728432092,False,False
51173,Smyth County,56,Administrative and Support and Waste Management,685.0,7060.0,0.09702549575070822,0.06910888022477532,1.4039512062000519,True,True
51173,Smyth County,61,Educational Services,103.0,7060.0,0.014589235127478754,0.020240329879222408,0.7208002643501995,False,False
51173,Smyth County,62,Health Care and Social Assistance,1201.0,7060.0,0.17011331444759206,0.15625628606777636,1.0886814139035994,False,False
51173,Smyth County,81,Other Services,185.0,7060.0,0.026203966005665724,0.04436895963131947,0.5905923019923299,False,False
51173,Smyth County,99,Unclassified,35.0,7060.0,0.004957507082152974,0.002188870490411141,2.2648699883663714,True,False
51175,Southampton County,23,Construction,103.0,1317.0,0.07820804859529233,0.06470425061563047,1.2087003226400057,False,False
51175,Southampton County,31-33,Manufacturing,369.0,1317.0,0.28018223234624146,0.0672927065446581,4.163634466987911,True,True
51175,Southampton County,42,Wholesale Trade,335.0,1317.0,0.25436598329536825,0.02169027363433848,11.727191071147868,True,True
51175,Southampton County,44-45,Retail Trade,297.0,1317.0,0.2255125284738041,0.1306402726983419,1.7262098724681114,True,True
51175,Southampton County,53,Real Estate and Rental and Leasing,32.0,1317.0,0.024297646165527716,0.01976416290424415,1.2293789665288606,False,False
51175,Southampton County,54,"Professional, Scientific, and Technical Services",114.0,1317.0,0.08656036446469248,0.1370489560234782,0.6316017792201468,False,False
51175,Southampton County,56,Administrative and Support and Waste Management,67.0,1317.0,0.05087319665907365,0.06910888022477532,0.7361311092526683,False,False
51177,Spotsylvania County,23,Construction,2177.0,30155.0,0.07219366605869673,0.06470425061563047,1.1157484303087974,False,False
51177,Spotsylvania County,31-33,Manufacturing,726.0,30155.0,0.024075609351682972,0.0672927065446581,0.35777442442005875,False,False
51177,Spotsylvania County,44-45,Retail Trade,7375.0,30155.0,0.24456972309733047,0.1306402726983419,1.8720852157286911,True,True
51177,Spotsylvania County,48-49,Transportation and Warehousing,1551.0,30155.0,0.0514342563422318,0.05047574152199847,1.0189896134525451,False,False
51177,Spotsylvania County,51,Information,333.0,30155.0,0.011042944785276074,0.014621627646955715,0.7552472988583636,False,False
51177,Spotsylvania County,52,Finance and Insurance,560.0,30155.0,0.018570717957221025,0.03703244844786244,0.5014715131073909,False,False
51177,Spotsylvania County,53,Real Estate and Rental and Leasing,563.0,30155.0,0.018670203946277567,0.01976416290424415,0.9446493654567243,False,False
51177,Spotsylvania County,54,"Professional, Scientific, and Technical Services",1935.0,30155.0,0.06416846294146908,0.1370489560234782,0.4682156274906335,False,False
51177,Spotsylvania County,55,Management of Companies and Enterprises,452.0,30155.0,0.01498922235118554,0.02744546118252103,0.5461457634653123,False,False
51177,Spotsylvania County,56,Administrative and Support and Waste Management,1874.0,30155.0,0.06214558116398607,0.06910888022477532,0.899241616444352,False,False
51177,Spotsylvania County,61,Educational Services,890.0,30155.0,0.029514176753440556,0.020240329879222408,1.458186547825891,True,True
51177,Spotsylvania County,62,Health Care and Social Assistance,4874.0,30155.0,0.16163157022052727,0.15625628606777636,1.034400434619439,False,False
51177,Spotsylvania County,71,"Arts, Entertainment, and Recreation",798.0,30155.0,0.026463273089039962,0.022075563852834112,1.1987586484973314,False,False
51177,Spotsylvania County,72,Accommodation and Food Services,4180.0,30155.0,0.1386171447521141,0.11121647217792784,1.246372430608568,False,False
51177,Spotsylvania County,81,Other Services,1708.0,30155.0,0.056640689769524126,0.04436895963131947,1.276583680126279,True,True
51177,Spotsylvania County,99,Unclassified,159.0,30155.0,0.005272757419996684,0.002188870490411141,2.4088941959312944,True,True
51179,Stafford County,23,Construction,3634.0,36261.0,0.10021786492374728,0.06470425061563047,1.5488606076142062,True,True
51179,Stafford County,44-45,Retail Trade,5655.0,36261.0,0.15595267642922148,0.1306402726983419,1.1937565132715835,False,False
51179,Stafford County,48-49,Transportation and Warehousing,6230.0,36261.0,0.17180993353740934,0.05047574152199847,3.403811976938084,True,True
51179,Stafford County,52,Finance and Insurance,2808.0,36261.0,0.0774385703648548,0.03703244844786244,2.0911004702775644,True,True
51179,Stafford County,53,Real Estate and Rental and Leasing,320.0,36261.0,0.008824908303687156,0.01976416290424415,0.44651060338063187,False,False
51179,Stafford County,54,"Professional, Scientific, and Technical Services",3974.0,36261.0,0.10959432999641489,0.1370489560234782,0.7996728554257649,False,False
51179,Stafford County,55,Management of Companies and Enterprises,125.0,36261.0,0.0034472298061277956,0.02744546118252103,0.12560291055787415,False,False
51179,Stafford County,56,Administrative and Support and Waste Management,1988.0,36261.0,0.05482474283665646,0.06910888022477532,0.7933096681401873,False,False
51179,Stafford County,61,Educational Services,701.0,36261.0,0.01933206475276468,0.020240329879222408,0.9551259721616443,False,False
51179,Stafford County,62,Health Care and Social Assistance,4734.0,36261.0,0.13055348721767188,0.15625628606777636,0.8355087049812776,False,False
51179,Stafford County,71,"Arts, Entertainment, and Recreation",632.0,36261.0,0.017429193899782137,0.022075563852834112,0.7895242910202965,False,False
51179,Stafford County,72,Accommodation and Food Services,3529.0,36261.0,0.09732219188659993,0.11121647217792784,0.8750699422555018,False,False
51179,Stafford County,81,Other Services,1931.0,36261.0,0.05325280604506219,0.04436895963131947,1.2002266108460142,False,False
51181,Surry County,23,Construction,74.0,138.0,0.5362318840579711,0.06470425061563047,8.28742901673348,True,False
51181,Surry County,42,Wholesale Trade,24.0,138.0,0.17391304347826086,0.02169027363433848,8.018019800494091,True,False
51181,Surry County,81,Other Services,40.0,138.0,0.2898550724637681,0.04436895963131947,6.532834550827809,True,False
51183,Sussex County,11,"Agriculture, Forestry, Fishing and Hunting",155.0,1174.0,0.13202725724020442,0.0013468139528155627,98.02932094978429,True,True
51183,Sussex County,21,"Mining, Quarrying, and Oil and Gas Extraction",26.0,1174.0,0.022146507666098807,0.0003393412966785737,65.26322579322294,True,False
51183,Sussex County,23,Construction,111.0,1174.0,0.09454855195911414,0.06470425061563047,1.461241743154881,True,True
51183,Sussex County,31-33,Manufacturing,113.0,1174.0,0.09625212947189098,0.0672927065446581,1.4303500990558948,True,True
51183,Sussex County,42,Wholesale Trade,131.0,1174.0,0.11158432708688246,0.02169027363433848,5.1444407280427376,True,True
51183,Sussex County,44-45,Retail Trade,337.0,1174.0,0.2870528109028961,0.1306402726983419,2.197276574626588,True,True
51183,Sussex County,56,Administrative and Support and Waste Management,259.0,1174.0,0.22061328790459966,0.06910888022477532,3.1922567286151815,True,True
51183,Sussex County,81,Other Services,42.0,1174.0,0.03577512776831346,0.04436895963131947,0.8063098180706555,False,False
51185,Tazewell County,31-33,Manufacturing,1044.0,6869.0,0.15198718881933324,0.0672927065446581,2.258598243755711,True,True
51185,Tazewell County,42,Wholesale Trade,458.0,6869.0,0.06667637210656573,0.02169027363433848,3.0740217127094467,True,True
51185,Tazewell County,44-45,Retail Trade,2628.0,6869.0,0.38258844082108023,0.1306402726983419,2.9285643157260193,True,True
51185,Tazewell County,52,Finance and Insurance,294.0,6869.0,0.0428009899548697,0.03703244844786244,1.1557699193216653,False,False
51185,Tazewell County,53,Real Estate and Rental and Leasing,97.0,6869.0,0.014121415053137283,0.01976416290424415,0.7144959855651086,False,False
51185,Tazewell County,54,"Professional, Scientific, and Technical Services",342.0,6869.0,0.04978890668219537,0.1370489560234782,0.3632928562671131,False,False
51185,Tazewell County,55,Management of Companies and Enterprises,131.0,6869.0,0.01907118940165963,0.02744546118252103,0.6948758949550954,False,False
51185,Tazewell County,56,Administrative and Support and Waste Management,306.0,6869.0,0.04454796913670112,0.06910888022477532,0.6446055701063264,False,False
51185,Tazewell County,71,"Arts, Entertainment, and Recreation",56.0,6869.0,0.008152569515213277,0.022075563852834112,0.36930288936500394,False,False
51185,Tazewell County,72,Accommodation and Food Services,1146.0,6869.0,0.16683651186490028,0.11121647217792784,1.500106131742694,True,True
51185,Tazewell County,81,Other Services,367.0,6869.0,0.05342844664434415,0.04436895963131947,1.2041852477115491,False,False
51187,Warren County,31-33,Manufacturing,1349.0,9819.0,0.13738669925654343,0.0672927065446581,2.0416283771461647,True,True
51187,Warren County,44-45,Retail Trade,1608.0,9819.0,0.16376413076688054,0.1306402726983419,1.2535501295609208,True,True
51187,Warren County,48-49,Transportation and Warehousing,1037.0,9819.0,0.10561156940625319,0.05047574152199847,2.092323286825321,True,True
51187,Warren County,52,Finance and Insurance,255.0,9819.0,0.025970058050717997,0.03703244844786244,0.7012784500944069,False,False
51187,Warren County,53,Real Estate and Rental and Leasing,84.0,9819.0,0.008554842652001222,0.01976416290424415,0.43284619204207014,False,False
51187,Warren County,54,"Professional, Scientific, and Technical Services",364.0,9819.0,0.03707098482533863,0.1370489560234782,0.2704944707421771,False,False
51187,Warren County,55,Management of Companies and Enterprises,122.0,9819.0,0.012424890518382727,0.02744546118252103,0.4527120326291207,False,False
51187,Warren County,56,Administrative and Support and Waste Management,687.0,9819.0,0.06996639168958142,0.06910888022477532,1.012408122690124,False,False
51187,Warren County,61,Educational Services,718.0,9819.0,0.07312353600162949,0.020240329879222408,3.612764042778474,True,True
51187,Warren County,62,Health Care and Social Assistance,1513.0,9819.0,0.15408901110092676,0.15625628606777636,0.9861299982138988,False,False
51187,Warren County,71,"Arts, Entertainment, and Recreation",222.0,9819.0,0.022609227008860373,0.022075563852834112,1.024174383928941,False,False
51187,Warren County,72,Accommodation and Food Services,1378.0,9819.0,0.14034015683878195,0.11121647217792784,1.2618648487092907,True,True
51187,Warren County,81,Other Services,482.0,9819.0,0.04908850188410225,0.04436895963131947,1.106370360991095,False,False
51191,Washington County,11,"Agriculture, Forestry, Fishing and Hunting",267.0,17927.0,0.014893735705918447,0.0013468139528155627,11.058495254509772,True,True
51191,Washington County,21,"Mining, Quarrying, and Oil and Gas Extraction",63.0,17927.0,0.003514252245216712,0.0003393412966785737,10.356099536406955,True,False
51191,Washington County,22,Utilities,70.0,17927.0,0.003904724716907458,0.002142581206210252,1.822439544223411,True,False
51191,Washington County,23,Construction,887.0,17927.0,0.0494784403413845,0.06470425061563047,0.7646860889450144,False,False
51191,Washington County,31-33,Manufacturing,2358.0,17927.0,0.13153344117811122,0.0672927065446581,1.95464631952083,True,True
51191,Washington County,42,Wholesale Trade,633.0,17927.0,0.035309867797177444,0.02169027363433848,1.627912510115935,True,True
51191,Washington County,44-45,Retail Trade,3191.0,17927.0,0.17799966530930997,0.1306402726983419,1.3625175578156088,True,True
51191,Washington County,48-49,Transportation and Warehousing,1358.0,17927.0,0.07575165950800468,0.05047574152199847,1.5007537724827755,True,True
51191,Washington County,51,Information,205.0,17927.0,0.011435265242371841,0.014621627646955715,0.7820788162905182,False,False
51191,Washington County,52,Finance and Insurance,439.0,17927.0,0.024488202153176774,0.03703244844786244,0.6612633833178337,False,False
51191,Washington County,53,Real Estate and Rental and Leasing,123.0,17927.0,0.0068611591454231045,0.01976416290424415,0.34715151755553186,False,False
51191,Washington County,54,"Professional, Scientific, and Technical Services",523.0,17927.0,0.029173871813465722,0.1370489560234782,0.2128719011071334,False,False
51191,Washington County,55,Management of Companies and Enterprises,547.0,17927.0,0.03051263457354828,0.02744546118252103,1.1117552141182678,False,False
51191,Washington County,56,Administrative and Support and Waste Management,673.0,17927.0,0.0375411390639817,0.06910888022477532,0.5432172962704628,False,False
51191,Washington County,61,Educational Services,465.0,17927.0,0.025938528476599543,0.020240329879222408,1.2815269628202348,True,True
51191,Washington County,62,Health Care and Social Assistance,3014.0,17927.0,0.16812628995370113,0.15625628606777636,1.075964968735889,False,False
51191,Washington County,71,"Arts, Entertainment, and Recreation",434.0,17927.0,0.02420929324482624,0.022075563852834112,1.0966557142647206,False,False
51191,Washington County,72,Accommodation and Food Services,1944.0,17927.0,0.10843978356668713,0.11121647217792784,0.9750334769943209,False,False
51191,Washington County,81,Other Services,589.0,17927.0,0.03285546940369275,0.04436895963131947,0.7405057426791793,False,False
51191,Washington County,99,Unclassified,144.0,17927.0,0.008032576560495342,0.002188870490411141,3.6697358732204224,True,True
51193,Westmoreland County,11,"Agriculture, Forestry, Fishing and Hunting",186.0,2127.0,0.08744710860366714,0.0013468139528155627,64.9288704062323,True,True
51193,Westmoreland County,23,Construction,224.0,2127.0,0.10531264692054537,0.06470425061563047,1.627600133199058,True,True
51193,Westmoreland County,31-33,Manufacturing,210.0,2127.0,0.09873060648801128,0.0672927065446581,1.4671813864774446,True,True
51193,Westmoreland County,42,Wholesale Trade,45.0,2127.0,0.021156558533145273,0.02169027363433848,0.9753938050671584,False,False
51193,Westmoreland County,44-45,Retail Trade,460.0,2127.0,0.2162670427832628,0.1306402726983419,1.6554393091526949,True,True
51193,Westmoreland County,52,Finance and Insurance,49.0,2127.0,0.0230371415138693,0.03703244844786244,0.6220798915389845,False,False
51193,Westmoreland County,54,"Professional, Scientific, and Technical Services",129.0,2127.0,0.06064880112834979,0.1370489560234782,0.4425338425632363,False,False
51193,Westmoreland County,61,Educational Services,84.0,2127.0,0.039492242595204514,0.020240329879222408,1.9511659558347931,True,False
51193,Westmoreland County,62,Health Care and Social Assistance,262.0,2127.0,0.1231781852374236,0.15625628606777636,0.7883086712044014,False,False
51193,Westmoreland County,71,"Arts, Entertainment, and Recreation",70.0,2127.0,0.032910202162670425,0.022075563852834112,1.4907978062107499,True,False
51193,Westmoreland County,72,Accommodation and Food Services,305.0,2127.0,0.14339445228020686,0.11121647217792784,1.2893274662659648,True,True
51193,Westmoreland County,81,Other Services,103.0,2127.0,0.04842501175364363,0.04436895963131947,1.0914164351841382,False,False
51195,Wise County,22,Utilities,205.0,6501.0,0.03153361021381326,0.002142581206210252,14.717579955622396,True,True
51195,Wise County,23,Construction,243.0,6501.0,0.0373788647900323,0.06470425061563047,0.5776879329316081,False,False
51195,Wise County,31-33,Manufacturing,332.0,6501.0,0.05106906629749269,0.0672927065446581,0.758909381414184,False,False
51195,Wise County,42,Wholesale Trade,230.0,6501.0,0.03537917243501,0.02169027363433848,1.6311077043767783,True,True
51195,Wise County,44-45,Retail Trade,1671.0,6501.0,0.25703737886479006,0.1306402726983419,1.9675202260049505,True,True
51195,Wise County,48-49,Transportation and Warehousing,153.0,6501.0,0.023534840793724043,0.05047574152199847,0.4662604269709842,False,False
51195,Wise County,51,Information,46.0,6501.0,0.007075834487002,0.014621627646955715,0.4839293311148721,False,False
51195,Wise County,52,Finance and Insurance,208.0,6501.0,0.031995077680356865,0.03703244844786244,0.863974136773656,False,False
51195,Wise County,53,Real Estate and Rental and Leasing,51.0,6501.0,0.007844946931241348,0.01976416290424415,0.396927862275246,False,False
51195,Wise County,56,Administrative and Support and Waste Management,680.0,6501.0,0.1045992924165513,0.06910888022477532,1.5135434415424485,True,True
51195,Wise County,61,Educational Services,25.0,6501.0,0.003845562221196739,0.020240329879222408,0.18999503684692307,False,False
51195,Wise County,62,Health Care and Social Assistance,1493.0,6501.0,0.22965697584986924,0.15625628606777636,1.4697455163516124,True,True
51195,Wise County,71,"Arts, Entertainment, and Recreation",24.0,6501.0,0.0036917397323488694,0.022075563852834112,0.16723195642746472,False,False
51195,Wise County,72,Accommodation and Food Services,957.0,6501.0,0.14720812182741116,0.11121647217792784,1.3236179762284015,True,True
51195,Wise County,81,Other Services,149.0,6501.0,0.022919550838332563,0.04436895963131947,0.5165672359410914,False,False
51195,Wise County,99,Unclassified,34.0,6501.0,0.005229964620827565,0.002188870490411141,2.389344021831647,True,False
51197,Wythe County,11,"Agriculture, Forestry, Fishing and Hunting",54.0,7717.0,0.00699753790333031,0.0013468139528155627,5.195623262367981,True,False
51197,Wythe County,21,"Mining, Quarrying, and Oil and Gas Extraction",136.0,7717.0,0.01762342879357263,0.0003393412966785737,51.93422953842738,True,True
51197,Wythe County,23,Construction,324.0,7717.0,0.041985227419981855,0.06470425061563047,0.6488789688546299,False,False
51197,Wythe County,31-33,Manufacturing,2519.0,7717.0,0.32642218478683427,0.0672927065446581,4.850781036280768,True,True
51197,Wythe County,44-45,Retail Trade,1724.0,7717.0,0.2234028767655825,0.1306402726983419,1.7100613168608145,True,True
51197,Wythe County,48-49,Transportation and Warehousing,239.0,7717.0,0.030970584423998963,0.05047574152199847,0.6135736393392316,False,False
51197,Wythe County,51,Information,21.0,7717.0,0.0027212647401840093,0.014621627646955715,0.186112299252169,False,False
51197,Wythe County,52,Finance and Insurance,198.0,7717.0,0.0256576389788778,0.03703244844786244,0.6928420899579703,False,False
51197,Wythe County,53,Real Estate and Rental and Leasing,67.0,7717.0,0.008682130361539458,0.01976416290424415,0.43928652094215737,False,False
51197,Wythe County,54,"Professional, Scientific, and Technical Services",189.0,7717.0,0.024491382661656083,0.1370489560234782,0.17870535735755919,False,False
51197,Wythe County,55,Management of Companies and Enterprises,11.0,7717.0,0.0014254243877154335,0.02744546118252103,0.05193661634016309,False,False
51197,Wythe County,56,Administrative and Support and Waste Management,483.0,7717.0,0.06258908902423221,0.06910888022477532,0.9056591399059338,False,False
51197,Wythe County,71,"Arts, Entertainment, and Recreation",78.0,7717.0,0.010107554749254892,0.022075563852834112,0.45786167984820286,False,False
51197,Wythe County,72,Accommodation and Food Services,1404.0,7717.0,0.18193598548658804,0.11121647217792784,1.6358726537874781,True,True
51197,Wythe County,81,Other Services,246.0,7717.0,0.03187767267072697,0.04436895963131947,0.7184678869104008,False,False
51197,Wythe County,99,Unclassified,24.0,7717.0,0.0031100168459245823,0.002188870490411141,1.4208318215027973,True,False
51199,York County,11,"Agriculture, Forestry, Fishing and Hunting",14.0,18100.0,0.0007734806629834254,0.0013468139528155627,0.5743040167993779,False,False
51199,York County,22,Utilities,34.0,18100.0,0.0018784530386740331,0.002142581206210252,0.8767243142193883,False,False
51199,York County,23,Construction,1646.0,18100.0,0.09093922651933702,0.06470425061563047,1.4054598523913515,True,True
51199,York County,31-33,Manufacturing,506.0,18100.0,0.027955801104972377,0.0672927065446581,0.4154358256703466,False,False
51199,York County,42,Wholesale Trade,318.0,18100.0,0.017569060773480662,0.02169027363433848,0.8099971936576489,False,False
51199,York County,44-45,Retail Trade,3444.0,18100.0,0.19027624309392266,0.1306402726983419,1.456489941147663,True,True
51199,York County,48-49,Transportation and Warehousing,331.0,18100.0,0.01828729281767956,0.05047574152199847,0.3622986461666847,False,False
51199,York County,51,Information,30.0,18100.0,0.0016574585635359116,0.014621627646955715,0.11335663877892566,False,False
51199,York County,52,Finance and Insurance,255.0,18100.0,0.01408839779005525,0.03703244844786244,0.380433873009778,False,False
51199,York County,53,Real Estate and Rental and Leasing,329.0,18100.0,0.018176795580110497,0.01976416290424415,0.9196845658566808,False,False
51199,York County,54,"Professional, Scientific, and Technical Services",1543.0,18100.0,0.08524861878453038,0.1370489560234782,0.622030413496373,False,False
51199,York County,55,Management of Companies and Enterprises,412.0,18100.0,0.02276243093922652,0.02744546118252103,0.8293695918552481,False,False
51199,York County,56,Administrative and Support and Waste Management,1309.0,18100.0,0.07232044198895028,0.06910888022477532,1.0464710432831412,False,False
51199,York County,61,Educational Services,288.0,18100.0,0.015911602209944753,0.020240329879222408,0.7861335415426561,False,False
51199,York County,62,Health Care and Social Assistance,2772.0,18100.0,0.15314917127071823,0.15625628606777636,0.9801152652782851,False,False
51199,York County,71,"Arts, Entertainment, and Recreation",687.0,18100.0,0.037955801104972375,0.022075563852834112,1.7193581716871762,True,True
51199,York County,72,Accommodation and Food Services,3310.0,18100.0,0.18287292817679557,0.11121647217792784,1.644297149474669,True,True
51199,York County,81,Other Services,787.0,18100.0,0.043480662983425414,0.04436895963131947,0.9799793221370235,False,False
51199,York County,99,Unclassified,85.0,18100.0,0.004696132596685083,0.002188870490411141,2.14545932126071,True,False
51510,Alexandria city,23,Construction,2196.0,59389.0,0.03697654447793362,0.06470425061563047,0.5714700985811476,False,False
51510,Alexandria city,44-45,Retail Trade,6456.0,59389.0,0.1087069996127229,0.1306402726983419,0.8321094052194412,False,False
51510,Alexandria city,48-49,Transportation and Warehousing,1402.0,59389.0,0.023607065281449426,0.05047574152199847,0.4676913021903984,False,False
51510,Alexandria city,52,Finance and Insurance,1993.0,59389.0,0.033558403071275826,0.03703244844786244,0.9061891524272915,False,False
51510,Alexandria city,53,Real Estate and Rental and Leasing,2077.0,59389.0,0.034972806411961814,0.01976416290424415,1.769506079331686,True,True
51510,Alexandria city,54,"Professional, Scientific, and Technical Services",12688.0,59389.0,0.2136422569836165,0.1370489560234782,1.5588754791172355,True,True
51510,Alexandria city,55,Management of Companies and Enterprises,385.0,59389.0,0.006482681978144101,0.02744546118252103,0.23620233360380458,False,False
51510,Alexandria city,56,Administrative and Support and Waste Management,4569.0,59389.0,0.07693343885231271,0.06910888022477532,1.113220740982753,False,False
51510,Alexandria city,61,Educational Services,1667.0,59389.0,0.02806917105861355,0.020240329879222408,1.3867941494089873,True,True
51510,Alexandria city,62,Health Care and Social Assistance,8813.0,59389.0,0.14839448382697132,0.15625628606777636,0.9496864898133124,False,False
51510,Alexandria city,71,"Arts, Entertainment, and Recreation",717.0,59389.0,0.012072942800855377,0.022075563852834112,0.5468917071083294,False,False
51510,Alexandria city,72,Accommodation and Food Services,8128.0,59389.0,0.13686036134637727,0.11121647217792784,1.2305763585759444,False,False
51510,Alexandria city,81,Other Services,8298.0,59389.0,0.13972284429776557,0.04436895963131947,3.1491124754509014,True,True
51520,Bristol city,31-33,Manufacturing,1531.0,5974.0,0.2562772012052226,0.0672927065446581,3.8083949117895406,True,True
51520,Bristol city,44-45,Retail Trade,1228.0,5974.0,0.20555741546702377,0.1306402726983419,1.5734613164936597,True,True
51520,Bristol city,48-49,Transportation and Warehousing,873.0,5974.0,0.14613324405758285,0.05047574152199847,2.895118321221585,True,True
51520,Bristol city,52,Finance and Insurance,270.0,5974.0,0.04519584867760294,0.03703244844786244,1.220439116825712,False,False
51520,Bristol city,53,Real Estate and Rental and Leasing,35.0,5974.0,0.005858721124874456,0.01976416290424415,0.29643153384534976,False,False
51520,Bristol city,54,"Professional, Scientific, and Technical Services",218.0,5974.0,0.0364914630063609,0.1370489560234782,0.2662658955250229,False,False
51520,Bristol city,55,Management of Companies and Enterprises,65.0,5974.0,0.01088048208905256,0.02744546118252103,0.39644012599000983,False,False
51520,Bristol city,56,Administrative and Support and Waste Management,291.0,5974.0,0.04871108135252762,0.06910888022477532,0.7048454727394765,False,False
51520,Bristol city,61,Educational Services,96.0,5974.0,0.016069635085369936,0.020240329879222408,0.7939413626783882,False,False
51520,Bristol city,62,Health Care and Social Assistance,1141.0,5974.0,0.19099430867090728,0.15625628606777636,1.2223144007663362,False,False
51520,Bristol city,81,Other Services,226.0,5974.0,0.03783059926347506,0.04436895963131947,0.8526366085169808,False,False
51530,Buena Vista city,42,Wholesale Trade,18.0,173.0,0.10404624277456648,0.02169027363433848,4.796907799717563,True,False
51530,Buena Vista city,44-45,Retail Trade,136.0,173.0,0.7861271676300579,0.1306402726983419,6.017494845906238,True,True
51530,Buena Vista city,52,Finance and Insurance,19.0,173.0,0.10982658959537572,0.03703244844786244,2.9656853434900294,True,False
51540,Charlottesville city,23,Construction,1379.0,26781.0,0.0514917292110078,0.06470425061563047,0.7958013379505713,False,False
51540,Charlottesville city,31-33,Manufacturing,911.0,26781.0,0.03401665359769986,0.0672927065446581,0.5055028300150933,False,False
51540,Charlottesville city,42,Wholesale Trade,762.0,26781.0,0.028453007729360366,0.02169027363433848,1.3117864813063314,True,True
51540,Charlottesville city,44-45,Retail Trade,2773.0,26781.0,0.10354355699936522,0.1306402726983419,0.7925852791080357,False,False
51540,Charlottesville city,51,Information,621.0,26781.0,0.023188081102274,0.014621627646955715,1.5858755032037668,True,True
51540,Charlottesville city,52,Finance and Insurance,1242.0,26781.0,0.046376162204548,0.03703244844786244,1.2523115307873978,True,True
51540,Charlottesville city,53,Real Estate and Rental and Leasing,576.0,26781.0,0.02150778537022516,0.01976416290424415,1.0882214174427083,False,False
51540,Charlottesville city,54,"Professional, Scientific, and Technical Services",2933.0,26781.0,0.10951794182442777,0.1370489560234782,0.7991154767035655,False,False
51540,Charlottesville city,55,Management of Companies and Enterprises,538.0,26781.0,0.020088868974272804,0.02744546118252103,0.7319559631618302,False,False
51540,Charlottesville city,56,Administrative and Support and Waste Management,1920.0,26781.0,0.07169261790075053,0.06910888022477532,1.0373864786634026,False,False
51540,Charlottesville city,61,Educational Services,978.0,26781.0,0.036518427243194804,0.020240329879222408,1.8042407145094301,True,True
51540,Charlottesville city,62,Health Care and Social Assistance,3667.0,26781.0,0.13692543220940218,0.15625628606777636,0.8762875123629305,False,False
51540,Charlottesville city,71,"Arts, Entertainment, and Recreation",796.0,26781.0,0.029722564504686157,0.022075563852834112,1.3464011475688902,True,True
51540,Charlottesville city,72,Accommodation and Food Services,5579.0,26781.0,0.2083193308688996,0.11121647217792784,1.8730978135650926,True,True
51540,Charlottesville city,81,Other Services,1984.0,26781.0,0.07408237183077555,0.04436895963131947,1.6696891801466036,True,True
51540,Charlottesville city,99,Unclassified,122.0,26781.0,0.00455546842911019,0.002188870490411141,2.081195963427935,True,True
51550,Chesapeake city,11,"Agriculture, Forestry, Fishing and Hunting",63.0,91242.0,0.0006904714933912014,0.0013468139528155627,0.5126702852667557,False,False
51550,Chesapeake city,21,"Mining, Quarrying, and Oil and Gas Extraction",60.0,91242.0,0.0006575918984678109,0.0003393412966785737,1.9378481337350646,True,False
51550,Chesapeake city,22,Utilities,137.0,91242.0,0.0015015015015015015,0.002142581206210252,0.7007909418552786,False,False
51550,Chesapeake city,23,Construction,10006.0,91242.0,0.10966440893448193,0.06470425061563047,1.6948563331014073,True,True
51550,Chesapeake city,31-33,Manufacturing,5515.0,91242.0,0.060443655334166284,0.0672927065446581,0.8982200068599333,False,False
51550,Chesapeake city,42,Wholesale Trade,3699.0,91242.0,0.04054054054054054,0.02169027363433848,1.869065426466528,True,True
51550,Chesapeake city,44-45,Retail Trade,12904.0,91242.0,0.1414260976304772,0.1306402726983419,1.082561255494625,False,False
51550,Chesapeake city,48-49,Transportation and Warehousing,8157.0,91242.0,0.08939961859669888,0.05047574152199847,1.7711402725552137,True,True
51550,Chesapeake city,51,Information,1824.0,91242.0,0.01999079371342145,0.014621627646955715,1.3672071397320542,True,True
51550,Chesapeake city,52,Finance and Insurance,3259.0,91242.0,0.035718199951776594,0.03703244844786244,0.9645108937926111,False,False
51550,Chesapeake city,53,Real Estate and Rental and Leasing,1518.0,91242.0,0.016637075031235616,0.01976416290424415,0.8417798978808748,False,False
51550,Chesapeake city,54,"Professional, Scientific, and Technical Services",7066.0,91242.0,0.0774424059095592,0.1370489560234782,0.5650711114960434,False,False
51550,Chesapeake city,55,Management of Companies and Enterprises,2425.0,91242.0,0.02657767256307402,0.02744546118252103,0.9683813431417334,False,False
51550,Chesapeake city,56,Administrative and Support and Waste Management,6829.0,91242.0,0.07484491791061135,0.06910888022477532,1.08300000907524,False,False
51550,Chesapeake city,61,Educational Services,1124.0,91242.0,0.01231888823129699,0.020240329879222408,0.6086308031937203,False,False
51550,Chesapeake city,62,Health Care and Social Assistance,11326.0,91242.0,0.12413143070077377,0.15625628606777636,0.7944091967406137,False,False
51550,Chesapeake city,71,"Arts, Entertainment, and Recreation",1393.0,91242.0,0.015267091909427676,0.022075563852834112,0.6915833276651573,False,False
51550,Chesapeake city,72,Accommodation and Food Services,10080.0,91242.0,0.11047543894259222,0.11121647217792784,0.9933370190510081,False,False
51550,Chesapeake city,81,Other Services,3548.0,91242.0,0.03888560092939655,0.04436895963131947,0.87641453062036,False,False
51550,Chesapeake city,99,Unclassified,309.0,91242.0,0.003386598277109226,0.002188870490411141,1.5471898826106945,True,True
51570,Colonial Heights city,42,Wholesale Trade,250.0,6164.0,0.040558079169370535,0.02169027363433848,1.8698740206376143,True,True
51570,Colonial Heights city,44-45,Retail Trade,2645.0,6164.0,0.4291044776119403,0.1306402726983419,3.284626315828155,True,True
51570,Colonial Heights city,48-49,Transportation and Warehousing,27.0,6164.0,0.004380272550292018,0.05047574152199847,0.08677975633865619,False,False
51570,Colonial Heights city,52,Finance and Insurance,228.0,6164.0,0.03698896820246593,0.03703244844786244,0.9988258879113078,False,False
51570,Colonial Heights city,53,Real Estate and Rental and Leasing,176.0,6164.0,0.02855288773523686,0.01976416290424415,1.4446798416696627,True,True
51570,Colonial Heights city,56,Administrative and Support and Waste Management,264.0,6164.0,0.04282933160285529,0.06910888022477532,0.6197370216903197,False,False
51570,Colonial Heights city,71,"Arts, Entertainment, and Recreation",143.0,6164.0,0.02319922128487995,0.022075563852834112,1.0509005087950032,False,False
51570,Colonial Heights city,72,Accommodation and Food Services,2013.0,6164.0,0.3265736534717716,0.11121647217792784,2.9363784615403743,True,True
51570,Colonial Heights city,81,Other Services,418.0,6164.0,0.06781310837118754,0.04436895963131947,1.5283907699138195,True,True
51580,Covington city,42,Wholesale Trade,41.0,866.0,0.04734411085450346,0.02169027363433848,2.182734605042127,True,False
51580,Covington city,44-45,Retail Trade,544.0,866.0,0.628175519630485,0.1306402726983419,4.808436990031312,True,True
51580,Covington city,52,Finance and Insurance,88.0,866.0,0.10161662817551963,0.03703244844786244,2.743988918760922,True,False
51580,Covington city,53,Real Estate and Rental and Leasing,26.0,866.0,0.03002309468822171,0.01976416290424415,1.5190673560869385,True,False
51580,Covington city,56,Administrative and Support and Waste Management,53.0,866.0,0.061200923787528866,0.06910888022477532,0.8855724993441367,False,False
51580,Covington city,81,Other Services,114.0,866.0,0.13163972286374134,0.04436895963131947,2.966932827760482,True,True
51590,Danville city,31-33,Manufacturing,3341.0,20549.0,0.16258698720132367,0.0672927065446581,2.416116033220101,True,True
51590,Danville city,42,Wholesale Trade,560.0,20549.0,0.027251934400700763,0.02169027363433848,1.2564126603528625,True,True
51590,Danville city,44-45,Retail Trade,3645.0,20549.0,0.17738089444741836,0.1306402726983419,1.3577811097884342,True,True
51590,Danville city,52,Finance and Insurance,584.0,20549.0,0.028419874446445084,0.03703244844786244,0.7674316886299619,False,False
51590,Danville city,53,Real Estate and Rental and Leasing,358.0,20549.0,0.017421772349019416,0.01976416290424415,0.8814829362329467,False,False
51590,Danville city,54,"Professional, Scientific, and Technical Services",689.0,20549.0,0.033529612146576473,0.1370489560234782,0.24465426895212858,False,False
51590,Danville city,55,Management of Companies and Enterprises,181.0,20549.0,0.008808214511655069,0.02744546118252103,0.32093519773916884,False,False
51590,Danville city,56,Administrative and Support and Waste Management,1176.0,20549.0,0.057229062241471604,0.06910888022477532,0.8280999786906569,False,False
51590,Danville city,61,Educational Services,397.0,20549.0,0.019319674923353933,0.020240329879222408,0.9545138364165908,False,False
51590,Danville city,62,Health Care and Social Assistance,4660.0,20549.0,0.2267750255486885,0.15625628606777636,1.4513017764310905,True,True
51590,Danville city,71,"Arts, Entertainment, and Recreation",122.0,20549.0,0.005937028565866952,0.022075563852834112,0.2689411969472636,False,False
51590,Danville city,72,Accommodation and Food Services,3971.0,20549.0,0.19324541340211202,0.11121647217792784,1.7375610790185068,True,True
51590,Danville city,81,Other Services,865.0,20549.0,0.042094505815368145,0.04436895963131947,0.9487377248677741,False,False
51595,Emporia city,44-45,Retail Trade,562.0,1760.0,0.31931818181818183,0.1306402726983419,2.444255322059157,True,True
51595,Emporia city,52,Finance and Insurance,44.0,1760.0,0.025,0.03703244844786244,0.6750836373997041,False,False
51595,Emporia city,53,Real Estate and Rental and Leasing,23.0,1760.0,0.013068181818181817,0.01976416290424415,0.6612059352827718,False,False
51595,Emporia city,56,Administrative and Support and Waste Management,199.0,1760.0,0.11306818181818182,0.06910888022477532,1.6360875975768918,True,True
51595,Emporia city,62,Health Care and Social Assistance,860.0,1760.0,0.48863636363636365,0.15625628606777636,3.127146919544837,True,True
51595,Emporia city,81,Other Services,72.0,1760.0,0.04090909090909091,0.04436895963131947,0.9220205127418339,False,False
51600,Fairfax city,42,Wholesale Trade,159.0,19876.0,0.007999597504528074,0.02169027363433848,0.368810354326913,False,False
51600,Fairfax city,44-45,Retail Trade,3170.0,19876.0,0.15948883075065406,0.1306402726983419,1.2208243863584518,False,False
51600,Fairfax city,52,Finance and Insurance,894.0,19876.0,0.04497886898772389,0.03703244844786244,1.2145799392942955,False,False
51600,Fairfax city,53,Real Estate and Rental and Leasing,240.0,19876.0,0.012074864157778226,0.01976416290424415,0.6109474110429071,False,False
51600,Fairfax city,54,"Professional, Scientific, and Technical Services",3496.0,19876.0,0.17589052123163615,0.1370489560234782,1.2834137985079135,True,True
51600,Fairfax city,55,Management of Companies and Enterprises,193.0,19876.0,0.009710203260213322,0.02744546118252103,0.3537999669831521,False,False
51600,Fairfax city,56,Administrative and Support and Waste Management,1863.0,19876.0,0.09373113302475347,0.06910888022477532,1.3562820395858641,True,True
51600,Fairfax city,61,Educational Services,348.0,19876.0,0.017508553028778427,0.020240329879222408,0.86503298776527,False,False
51600,Fairfax city,62,Health Care and Social Assistance,4624.0,19876.0,0.2326423827731938,0.15625628606777636,1.4888513520171909,True,True
51600,Fairfax city,71,"Arts, Entertainment, and Recreation",605.0,19876.0,0.030438720064399277,0.022075563852834112,1.37884224689878,True,True
51600,Fairfax city,72,Accommodation and Food Services,3357.0,19876.0,0.16889716240692293,0.11121647217792784,1.5186344171816166,True,True
51600,Fairfax city,81,Other Services,927.0,19876.0,0.04663916280941839,0.04436895963131947,1.051166473069529,False,False
51610,Falls Church city,23,Construction,476.0,9408.0,0.050595238095238096,0.06470425061563047,0.7819461258549204,False,False
51610,Falls Church city,31-33,Manufacturing,54.0,9408.0,0.005739795918367347,0.0672927065446581,0.08529595870182739,False,False
51610,Falls Church city,42,Wholesale Trade,112.0,9408.0,0.011904761904761904,0.02169027363433848,0.548852545867155,False,False
51610,Falls Church city,44-45,Retail Trade,1202.0,9408.0,0.12776360544217688,0.1306402726983419,0.977980241492549,False,False
51610,Falls Church city,48-49,Transportation and Warehousing,53.0,9408.0,0.005633503401360544,0.05047574152199847,0.11160813554180946,False,False
51610,Falls Church city,51,Information,361.0,9408.0,0.03837159863945578,0.014621627646955715,2.624304185960098,True,True
51610,Falls Church city,52,Finance and Insurance,271.0,9408.0,0.028805272108843538,0.03703244844786244,0.7778387148610536,False,False
51610,Falls Church city,53,Real Estate and Rental and Leasing,388.0,9408.0,0.04124149659863945,0.01976416290424415,2.086680665325991,True,True
51610,Falls Church city,54,"Professional, Scientific, and Technical Services",1166.0,9408.0,0.12393707482993198,0.1370489560234782,0.9043270260935079,False,False
51610,Falls Church city,55,Management of Companies and Enterprises,12.0,9408.0,0.0012755102040816326,0.02744546118252103,0.04647435856876606,False,False
51610,Falls Church city,56,Administrative and Support and Waste Management,192.0,9408.0,0.02040816326530612,0.06910888022477532,0.29530449920370516,False,False
51610,Falls Church city,61,Educational Services,622.0,9408.0,0.06611394557823129,0.020240329879222408,3.266446049681244,True,True
51610,Falls Church city,62,Health Care and Social Assistance,1989.0,9408.0,0.21141581632653061,0.15625628606777636,1.3530067918984632,True,True
51610,Falls Church city,71,"Arts, Entertainment, and Recreation",305.0,9408.0,0.03241921768707483,0.022075563852834112,1.4685567219571958,True,True
51610,Falls Church city,72,Accommodation and Food Services,1538.0,9408.0,0.16347789115646258,0.11121647217792784,1.4699071815092748,True,True
51610,Falls Church city,81,Other Services,626.0,9408.0,0.0665391156462585,0.04436895963131947,1.4996771661801465,True,True
51610,Falls Church city,99,Unclassified,41.0,9408.0,0.004357993197278911,0.002188870490411141,1.9909780941221145,True,False
51620,Franklin city,31-33,Manufacturing,102.0,1158.0,0.08808290155440414,0.0672927065446581,1.3089516840275823,True,True
51620,Franklin city,44-45,Retail Trade,838.0,1158.0,0.7236614853195165,0.1306402726983419,5.5393445709540465,True,True
51620,Franklin city,52,Finance and Insurance,112.0,1158.0,0.09671848013816926,0.03703244844786244,2.6117225350178535,True,True
51620,Franklin city,53,Real Estate and Rental and Leasing,14.0,1158.0,0.012089810017271158,0.01976416290424415,0.6117036211371742,False,False
51620,Franklin city,81,Other Services,92.0,1158.0,0.07944732297063903,0.04436895963131947,1.7906059468331144,True,False
51630,Fredericksburg city,23,Construction,625.0,19534.0,0.03199549503429917,0.06470425061563047,0.4944883022348162,False,False
51630,Fredericksburg city,42,Wholesale Trade,286.0,19534.0,0.0146411385276953,0.02169027363433848,0.6750093970468175,False,False
51630,Fredericksburg city,44-45,Retail Trade,3349.0,19534.0,0.17144466059178867,0.1306402726983419,1.3123415701042442,True,True
51630,Fredericksburg city,52,Finance and Insurance,526.0,19534.0,0.02692740862086618,0.03703244844786244,0.7271301183008997,False,False
51630,Fredericksburg city,53,Real Estate and Rental and Leasing,472.0,19534.0,0.024162997849902734,0.01976416290424415,1.2225662157800763,False,False
51630,Fredericksburg city,54,"Professional, Scientific, and Technical Services",1685.0,19534.0,0.08625985461247056,0.1370489560234782,0.6294090602024957,False,False
51630,Fredericksburg city,61,Educational Services,133.0,19534.0,0.006808641343298863,0.020240329879222408,0.3363898406758792,False,False
51630,Fredericksburg city,62,Health Care and Social Assistance,7066.0,19534.0,0.3617282686597727,0.15625628606777636,2.3149677863383533,True,True
51630,Fredericksburg city,71,"Arts, Entertainment, and Recreation",522.0,19534.0,0.026722637452646667,0.022075563852834112,1.2105075834434893,False,False
51630,Fredericksburg city,72,Accommodation and Food Services,4078.0,19534.0,0.20876420599979523,0.11121647217792784,1.8770978966659477,True,True
51630,Fredericksburg city,81,Other Services,792.0,19534.0,0.04054469130746391,0.04436895963131947,0.9138075727798661,False,False
51640,Galax city,31-33,Manufacturing,1007.0,3049.0,0.3302722204001312,0.0672927065446581,4.907994303676127,True,True
51640,Galax city,44-45,Retail Trade,999.0,3049.0,0.3276484093145294,0.1306402726983419,2.5080199432153196,True,True
51640,Galax city,52,Finance and Insurance,101.0,3049.0,0.033125614955723186,0.03703244844786244,0.8945024254164659,False,False
51640,Galax city,53,Real Estate and Rental and Leasing,46.0,3049.0,0.01508691374221056,0.01976416290424415,0.7633469636586937,False,False
51640,Galax city,54,"Professional, Scientific, and Technical Services",94.0,3049.0,0.03082978025582158,0.1370489560234782,0.2249545064067475,False,False
51640,Galax city,56,Administrative and Support and Waste Management,166.0,3049.0,0.05444408002623811,0.06910888022477532,0.78780150755098,False,False
51640,Galax city,71,"Arts, Entertainment, and Recreation",41.0,3049.0,0.013447031813709412,0.022075563852834112,0.6091365051127812,False,False
51640,Galax city,72,Accommodation and Food Services,490.0,3049.0,0.1607084289931125,0.11121647217792784,1.4450056349207496,True,True
51640,Galax city,81,Other Services,105.0,3049.0,0.0344375204985241,0.04436895963131947,0.7761624519637171,False,False
51650,Hampton city,44-45,Retail Trade,5231.0,30132.0,0.17360281428381788,0.1306402726983419,1.328861389356402,True,True
51650,Hampton city,48-49,Transportation and Warehousing,2095.0,30132.0,0.06952741271737688,0.05047574152199847,1.3774421260770435,True,True
51650,Hampton city,52,Finance and Insurance,545.0,30132.0,0.01808708349926988,0.03703244844786244,0.48841176474557113,False,False
51650,Hampton city,53,Real Estate and Rental and Leasing,405.0,30132.0,0.013440860215053764,0.01976416290424415,0.6800622055269276,False,False
51650,Hampton city,54,"Professional, Scientific, and Technical Services",4163.0,30132.0,0.1381587680870835,0.1370489560234782,1.0080979242440575,False,False
51650,Hampton city,55,Management of Companies and Enterprises,258.0,30132.0,0.008562325766626843,0.02744546118252103,0.31197602072286773,False,False
51650,Hampton city,56,Administrative and Support and Waste Management,2124.0,30132.0,0.07048984468339307,0.06910888022477532,1.0199824458756412,False,False
51650,Hampton city,61,Educational Services,1358.0,30132.0,0.045068365856896324,0.020240329879222408,2.226661626852287,True,True
51650,Hampton city,62,Health Care and Social Assistance,6675.0,30132.0,0.2215252887295898,0.15625628606777636,1.417704812422733,True,True
51650,Hampton city,71,"Arts, Entertainment, and Recreation",737.0,30132.0,0.024459046860480553,0.022075563852834112,1.10796929236036,False,False
51650,Hampton city,72,Accommodation and Food Services,5493.0,30132.0,0.1822978892871366,0.11121647217792784,1.6391267023421705,True,True
51650,Hampton city,81,Other Services,1048.0,30132.0,0.03478030001327492,0.04436895963131947,0.7838881123713337,False,False
51660,Harrisonburg city,31-33,Manufacturing,3884.0,21903.0,0.17732730676163083,0.0672927065446581,2.635163836722029,True,True
51660,Harrisonburg city,42,Wholesale Trade,909.0,21903.0,0.041501164224078894,0.02169027363433848,1.9133536498302741,True,True
51660,Harrisonburg city,44-45,Retail Trade,4341.0,21903.0,0.19819202848924805,0.1306402726983419,1.5170821707245525,True,True
51660,Harrisonburg city,48-49,Transportation and Warehousing,371.0,21903.0,0.01693831895174177,0.05047574152199847,0.33557345451497067,False,False
51660,Harrisonburg city,52,Finance and Insurance,712.0,21903.0,0.03250696251655025,0.03703244844786244,0.8777967398595432,False,False
51660,Harrisonburg city,53,Real Estate and Rental and Leasing,338.0,21903.0,0.015431676026115145,0.01976416290424415,0.7807907727172878,False,False
51660,Harrisonburg city,54,"Professional, Scientific, and Technical Services",981.0,21903.0,0.0447883851527188,0.1370489560234782,0.3268057375427653,False,False
51660,Harrisonburg city,55,Management of Companies and Enterprises,200.0,21903.0,0.009131169246221978,0.02744546118252103,0.3327023432215915,False,False
51660,Harrisonburg city,56,Administrative and Support and Waste Management,654.0,21903.0,0.02985892343514587,0.06910888022477532,0.4320562471570989,False,False
51660,Harrisonburg city,61,Educational Services,577.0,21903.0,0.026343423275350407,0.020240329879222408,1.3015313205143506,True,True
51660,Harrisonburg city,62,Health Care and Social Assistance,3044.0,21903.0,0.13897639592749852,0.15625628606777636,0.8894131521033166,False,False
51660,Harrisonburg city,71,"Arts, Entertainment, and Recreation",214.0,21903.0,0.009770351093457518,0.022075563852834112,0.4425867062146717,False,False
51660,Harrisonburg city,72,Accommodation and Food Services,4936.0,21903.0,0.22535725699675843,0.11121647217792784,2.026293880606322,True,True
51660,Harrisonburg city,81,Other Services,742.0,21903.0,0.03387663790348354,0.04436895963131947,0.7635211234380728,False,False
51670,Hopewell city,42,Wholesale Trade,134.0,1972.0,0.06795131845841786,0.02169027363433848,3.1328013469983254,True,True
51670,Hopewell city,44-45,Retail Trade,521.0,1972.0,0.26419878296146043,0.1306402726983419,2.022337962899963,True,True
51670,Hopewell city,52,Finance and Insurance,83.0,1972.0,0.04208924949290061,0.03703244844786244,1.1365505457236398,False,False
51670,Hopewell city,56,Administrative and Support and Waste Management,319.0,1972.0,0.16176470588235295,0.06910888022477532,2.3407224275117224,True,True
51670,Hopewell city,71,"Arts, Entertainment, and Recreation",15.0,1972.0,0.007606490872210953,0.022075563852834112,0.34456609683536643,False,False
51670,Hopewell city,72,Accommodation and Food Services,748.0,1972.0,0.3793103448275862,0.11121647217792784,3.4105590421961307,True,True
51670,Hopewell city,81,Other Services,152.0,1972.0,0.07707910750507099,0.04436895963131947,1.7372304454635412,True,True
51678,Lexington city,52,Finance and Insurance,109.0,449.0,0.24276169265033407,0.03703244844786244,6.555377859827861,True,True
51678,Lexington city,53,Real Estate and Rental and Leasing,25.0,449.0,0.0556792873051225,0.01976416290424415,2.8171841921605467,True,False
51678,Lexington city,54,"Professional, Scientific, and Technical Services",145.0,449.0,0.32293986636971045,0.1370489560234782,2.3563832643452374,True,True
51678,Lexington city,56,Administrative and Support and Waste Management,11.0,449.0,0.024498886414253896,0.06910888022477532,0.3544969377968755,False,False
51678,Lexington city,81,Other Services,159.0,449.0,0.35412026726057905,0.04436895963131947,7.9812614540235955,True,True
51680,Lynchburg city,23,Construction,1753.0,41958.0,0.041779875113208444,0.06470425061563047,0.6457052622616383,False,False
51680,Lynchburg city,31-33,Manufacturing,5343.0,41958.0,0.12734162734162735,0.0672927065446581,1.8923540734257494,True,True
51680,Lynchburg city,42,Wholesale Trade,1297.0,41958.0,0.030911864245197578,0.02169027363433848,1.4251486526320323,True,True
51680,Lynchburg city,44-45,Retail Trade,5574.0,41958.0,0.13284713284713284,0.1306402726983419,1.0168926480572091,False,False
51680,Lynchburg city,51,Information,366.0,41958.0,0.008723008723008723,0.014621627646955715,0.5965826058239755,False,False
51680,Lynchburg city,52,Finance and Insurance,1597.0,41958.0,0.03806187139520473,0.03703244844786244,1.0277978635085823,False,False
51680,Lynchburg city,53,Real Estate and Rental and Leasing,560.0,41958.0,0.01334668001334668,0.01976416290424415,0.6752970048875997,False,False
51680,Lynchburg city,54,"Professional, Scientific, and Technical Services",3205.0,41958.0,0.07638590971924306,0.1370489560234782,0.5573622151937969,False,False
51680,Lynchburg city,55,Management of Companies and Enterprises,899.0,41958.0,0.02142618809285476,0.02744546118252103,0.7806823849803,False,False
51680,Lynchburg city,56,Administrative and Support and Waste Management,1203.0,41958.0,0.02867152867152867,0.06910888022477532,0.41487473937177205,False,False
51680,Lynchburg city,61,Educational Services,1707.0,41958.0,0.04068354068354069,0.020240329879222408,2.0100235977529266,True,True
51680,Lynchburg city,62,Health Care and Social Assistance,10594.0,41958.0,0.25249058582391914,0.15625628606777636,1.6158747412849748,True,True
51680,Lynchburg city,71,"Arts, Entertainment, and Recreation",842.0,41958.0,0.020067686734353402,0.022075563852834112,0.9090452623604025,False,False
51680,Lynchburg city,72,Accommodation and Food Services,5546.0,41958.0,0.13217979884646552,0.11121647217792784,1.1884912033084438,False,False
51680,Lynchburg city,81,Other Services,1384.0,41958.0,0.03298536631869965,0.04436895963131947,0.7434333956168698,False,False
51680,Lynchburg city,99,Unclassified,88.0,41958.0,0.002097335430668764,0.002188870490411141,0.9581816009017585,False,False
51683,Manassas city,42,Wholesale Trade,510.0,15297.0,0.033339870562855464,0.02169027363433848,1.5370885183335898,True,True
51683,Manassas city,44-45,Retail Trade,2293.0,15297.0,0.149898672942407,0.1306402726983419,1.1474154932953498,False,False
51683,Manassas city,48-49,Transportation and Warehousing,455.0,15297.0,0.029744394325684775,0.05047574152199847,0.5892809779272187,False,False
51683,Manassas city,52,Finance and Insurance,319.0,15297.0,0.020853762175589985,0.03703244844786244,0.5631213449186262,False,False
51683,Manassas city,53,Real Estate and Rental and Leasing,264.0,15297.0,0.0172582859384193,0.01976416290424415,0.8732110751178468,False,False
51683,Manassas city,54,"Professional, Scientific, and Technical Services",3483.0,15297.0,0.22769170425573643,0.1370489560234782,1.6613895564204808,True,True
51683,Manassas city,61,Educational Services,269.0,15297.0,0.017585147414525725,0.020240329879222408,0.8688172336844003,False,False
51683,Manassas city,62,Health Care and Social Assistance,4544.0,15297.0,0.29705170948552,0.15625628606777636,1.9010544597013745,True,True
51683,Manassas city,71,"Arts, Entertainment, and Recreation",162.0,15297.0,0.010590311825848206,0.022075563852834112,0.4797300715147349,False,False
51683,Manassas city,72,Accommodation and Food Services,2103.0,15297.0,0.1374779368503628,0.11121647217792784,1.2361292725633393,False,False
51683,Manassas city,81,Other Services,895.0,15297.0,0.058508204223050274,0.04436895963131947,1.3186742422905517,True,True
51685,Manassas Park city,23,Construction,1078.0,2344.0,0.4598976109215017,0.06470425061563047,7.107687772376506,True,True
51685,Manassas Park city,31-33,Manufacturing,173.0,2344.0,0.07380546075085324,0.0672927065446581,1.096782467827669,False,False
51685,Manassas Park city,42,Wholesale Trade,300.0,2344.0,0.12798634812286688,0.02169027363433848,5.90063317229194,True,True
51685,Manassas Park city,44-45,Retail Trade,125.0,2344.0,0.05332764505119454,0.1306402726983419,0.4082021871948479,False,False
51685,Manassas Park city,51,Information,31.0,2344.0,0.013225255972696246,0.014621627646955715,0.9044995736469736,False,False
51685,Manassas Park city,52,Finance and Insurance,11.0,2344.0,0.00469283276450512,0.03703244844786244,0.126722184494825,False,False
51685,Manassas Park city,53,Real Estate and Rental and Leasing,22.0,2344.0,0.00938566552901024,0.01976416290424415,0.474883028159759,False,False
51685,Manassas Park city,56,Administrative and Support and Waste Management,458.0,2344.0,0.19539249146757678,0.06910888022477532,2.827313810208853,True,True
51685,Manassas Park city,81,Other Services,127.0,2344.0,0.05418088737201365,0.04436895963131947,1.2211439669134831,False,False
51685,Manassas Park city,99,Unclassified,19.0,2344.0,0.008105802047781569,0.002188870490411141,3.7031894227141033,True,False
51690,Martinsville city,31-33,Manufacturing,840.0,4353.0,0.19297036526533426,0.0672927065446581,2.867626748483827,True,True
51690,Martinsville city,44-45,Retail Trade,896.0,4353.0,0.2058350562830232,0.1306402726983419,1.575586547942315,True,True
51690,Martinsville city,52,Finance and Insurance,140.0,4353.0,0.03216172754422238,0.03703244844786244,0.8684742406244758,False,False
51690,Martinsville city,53,Real Estate and Rental and Leasing,51.0,4353.0,0.01171605789110958,0.01976416290424415,0.5927930238114805,False,False
51690,Martinsville city,54,"Professional, Scientific, and Technical Services",225.0,4353.0,0.051688490696071676,0.1370489560234782,0.3771534800105795,False,False
51690,Martinsville city,55,Management of Companies and Enterprises,194.0,4353.0,0.04456696531127958,0.02744546118252103,1.623837362939362,True,True
51690,Martinsville city,56,Administrative and Support and Waste Management,891.0,4353.0,0.20468642315644384,0.06910888022477532,2.9617962625165557,True,True
51690,Martinsville city,71,"Arts, Entertainment, and Recreation",29.0,4353.0,0.006662072134160349,0.022075563852834112,0.3017849137885127,False,False
51690,Martinsville city,72,Accommodation and Food Services,718.0,4353.0,0.1649437169767976,0.11121647217792784,1.48308711602464,True,True
51690,Martinsville city,81,Other Services,369.0,4353.0,0.08476912474155755,0.04436895963131947,1.9105502009950248,True,True
51700,Newport News city,22,Utilities,171.0,80710.0,0.0021186965679593607,0.002142581206210252,0.9888524000016139,False,False
51700,Newport News city,31-33,Manufacturing,27916.0,80710.0,0.3458803122289679,0.0672927065446581,5.139937594862944,True,True
51700,Newport News city,42,Wholesale Trade,2307.0,80710.0,0.02858381860983769,0.02169027363433848,1.317817335627608,True,True
51700,Newport News city,44-45,Retail Trade,8490.0,80710.0,0.10519142609342089,0.1306402726983419,0.8051990700931534,False,False
51700,Newport News city,48-49,Transportation and Warehousing,1370.0,80710.0,0.016974352620493124,0.05047574152199847,0.33628733543409794,False,False
51700,Newport News city,52,Finance and Insurance,1266.0,80710.0,0.01568578862594474,0.03703244844786244,0.42356876964342727,False,False
51700,Newport News city,53,Real Estate and Rental and Leasing,1805.0,80710.0,0.022364019328459918,0.01976416290424415,1.1315439685865711,False,False
51700,Newport News city,54,"Professional, Scientific, and Technical Services",4834.0,80710.0,0.05989344566968158,0.1370489560234782,0.4370222685929916,False,False
51700,Newport News city,55,Management of Companies and Enterprises,2070.0,80710.0,0.025647379506876473,0.02744546118252103,0.934485281056611,False,False
51700,Newport News city,56,Administrative and Support and Waste Management,3821.0,80710.0,0.04734233676124396,0.06910888022477532,0.6850398473722032,False,False
51700,Newport News city,61,Educational Services,1092.0,80710.0,0.013529921942758023,0.020240329879222408,0.6684635094138008,False,False
51700,Newport News city,62,Health Care and Social Assistance,15266.0,80710.0,0.1891463263536117,0.15625628606777636,1.2104877897300672,False,False
51700,Newport News city,71,"Arts, Entertainment, and Recreation",1018.0,80710.0,0.012613059100483211,0.022075563852834112,0.5713584117066127,False,False
51700,Newport News city,72,Accommodation and Food Services,7084.0,80710.0,0.08777103209019949,0.11121647217792784,0.7891909388186711,False,False
51700,Newport News city,81,Other Services,2200.0,80710.0,0.02725808450006195,0.04436895963131947,0.6143503189292909,False,False
51710,Norfolk city,22,Utilities,384.0,91732.0,0.004186107356211573,0.002142581206210252,1.953768353833301,True,True
51710,Norfolk city,42,Wholesale Trade,2951.0,91732.0,0.03216979897963633,0.02169027363433848,1.4831439898806726,True,True
51710,Norfolk city,44-45,Retail Trade,9565.0,91732.0,0.10427113766188462,0.1306402726983419,0.7981546234418418,False,False
51710,Norfolk city,48-49,Transportation and Warehousing,8572.0,91732.0,0.09344612567043126,0.05047574152199847,1.851307635167783,True,True
51710,Norfolk city,52,Finance and Insurance,4641.0,91732.0,0.05059303187546331,0.03703244844786244,1.3661811194226778,True,True
51710,Norfolk city,53,Real Estate and Rental and Leasing,2372.0,91732.0,0.02585793398159857,0.01976416290424415,1.3083242688738335,True,True
51710,Norfolk city,54,"Professional, Scientific, and Technical Services",11723.0,91732.0,0.12779618889809444,0.1370489560234782,0.9324856796151104,False,False
51710,Norfolk city,55,Management of Companies and Enterprises,1916.0,91732.0,0.020886931496097327,0.02744546118252103,0.7610340871006904,False,False
51710,Norfolk city,56,Administrative and Support and Waste Management,8968.0,91732.0,0.09776304888152444,0.06910888022477532,1.4146235413387105,True,True
51710,Norfolk city,61,Educational Services,1746.0,91732.0,0.019033706885274497,0.020240329879222408,0.9403852110539679,False,False
51710,Norfolk city,62,Health Care and Social Assistance,23268.0,91732.0,0.253651942615445,0.15625628606777636,1.6233071257397167,True,True
51710,Norfolk city,71,"Arts, Entertainment, and Recreation",1702.0,91732.0,0.018554048750708586,0.022075563852834112,0.8404790416407223,False,False
51710,Norfolk city,72,Accommodation and Food Services,10440.0,91732.0,0.11380979374700213,0.11121647217792784,1.0233177830431937,False,False
51710,Norfolk city,81,Other Services,3484.0,91732.0,0.037980203200627914,0.04436895963131947,0.8560084238220043,False,False
51720,Norton city,31-33,Manufacturing,129.0,2291.0,0.056307289393278045,0.0672927065446581,0.8367517415265546,False,False
51720,Norton city,42,Wholesale Trade,84.0,2291.0,0.036665211697948494,0.02169027363433848,1.690398761954887,True,False
51720,Norton city,44-45,Retail Trade,642.0,2291.0,0.2802269751200349,0.1306402726983419,2.145027481434456,True,True
51720,Norton city,52,Finance and Insurance,36.0,2291.0,0.01571366215626364,0.03703244844786244,0.4243214482128214,False,False
51720,Norton city,53,Real Estate and Rental and Leasing,23.0,2291.0,0.01003928415539066,0.01976416290424415,0.5079539267122124,False,False
51720,Norton city,62,Health Care and Social Assistance,891.0,2291.0,0.3889131383675251,0.15625628606777636,2.4889439532617175,True,True
51720,Norton city,72,Accommodation and Food Services,427.0,2291.0,0.18638149279790484,0.11121647217792784,1.6758443164761194,True,True
51720,Norton city,81,Other Services,59.0,2291.0,0.0257529463116543,0.04436895963131947,0.5804270942038413,False,False
51730,Petersburg city,31-33,Manufacturing,939.0,7814.0,0.12016892756590734,0.0672927065446581,1.785764516488254,True,True
51730,Petersburg city,42,Wholesale Trade,293.0,7814.0,0.03749680061428206,0.02169027363433848,1.728738016237832,True,True
51730,Petersburg city,44-45,Retail Trade,1187.0,7814.0,0.15190683388789353,0.1306402726983419,1.162787176957734,False,False
51730,Petersburg city,52,Finance and Insurance,117.0,7814.0,0.014973125159969286,0.03703244844786244,0.4043244718493237,False,False
51730,Petersburg city,53,Real Estate and Rental and Leasing,121.0,7814.0,0.015485026874840031,0.01976416290424415,0.7834901457685709,False,False
51730,Petersburg city,56,Administrative and Support and Waste Management,737.0,7814.0,0.09431789096493473,0.06910888022477532,1.3647723803101364,True,True
51730,Petersburg city,61,Educational Services,73.0,7814.0,0.009342206296391093,0.020240329879222408,0.46156393458691997,False,False
51730,Petersburg city,62,Health Care and Social Assistance,3798.0,7814.0,0.4860506782697722,0.15625628606777636,3.110599198927249,True,True
51730,Petersburg city,81,Other Services,549.0,7814.0,0.07025851036600973,0.04436895963131947,1.5835059228302295,True,True
51735,Poquoson city,44-45,Retail Trade,219.0,557.0,0.39317773788150806,0.1306402726983419,3.00962122751676,True,True
51735,Poquoson city,52,Finance and Insurance,44.0,557.0,0.07899461400359066,0.03703244844786244,2.133118854261183,True,False
51735,Poquoson city,53,Real Estate and Rental and Leasing,30.0,557.0,0.05385996409335727,0.01976416290424415,2.7251325722371678,True,False
51735,Poquoson city,56,Administrative and Support and Waste Management,140.0,557.0,0.2513464991023339,0.06910888022477532,3.6369638501569437,True,True
51735,Poquoson city,81,Other Services,124.0,557.0,0.22262118491921004,0.04436895963131947,5.017498421623226,True,True
51740,Portsmouth city,23,Construction,1980.0,22346.0,0.08860646200662312,0.06470425061563047,1.3694071280259699,True,True
51740,Portsmouth city,44-45,Retail Trade,2565.0,22346.0,0.11478564396312539,0.1306402726983419,0.8786390413327899,False,False
51740,Portsmouth city,48-49,Transportation and Warehousing,1867.0,22346.0,0.08354962856887138,0.05047574152199847,1.655243212870059,True,True
51740,Portsmouth city,52,Finance and Insurance,465.0,22346.0,0.020809093350040275,0.03703244844786244,0.5619151371894073,False,False
51740,Portsmouth city,53,Real Estate and Rental and Leasing,390.0,22346.0,0.017452787971001523,0.01976416290424415,0.8830522221233927,False,False
51740,Portsmouth city,54,"Professional, Scientific, and Technical Services",1207.0,22346.0,0.05401414123333035,0.1370489560234782,0.3941229674458597,False,False
51740,Portsmouth city,55,Management of Companies and Enterprises,80.0,22346.0,0.003580059070974671,0.02744546118252103,0.13044266398608287,False,False
51740,Portsmouth city,56,Administrative and Support and Waste Management,2958.0,22346.0,0.13237268414928846,0.06910888022477532,1.915422210846838,True,True
51740,Portsmouth city,61,Educational Services,197.0,22346.0,0.008815895462275127,0.020240329879222408,0.4355608586856597,False,False
51740,Portsmouth city,62,Health Care and Social Assistance,5637.0,22346.0,0.25225991228855277,0.15625628606777636,1.6143984900494481,True,True
51740,Portsmouth city,71,"Arts, Entertainment, and Recreation",1365.0,22346.0,0.06108475789850532,0.022075563852834112,2.767075772366427,True,True
51740,Portsmouth city,72,Accommodation and Food Services,2380.0,22346.0,0.10650675736149647,0.11121647217792784,0.957652722441181,False,False
51740,Portsmouth city,81,Other Services,1255.0,22346.0,0.05616217667591515,0.04436895963131947,1.265798818421494,True,True
51750,Radford city,31-33,Manufacturing,784.0,2490.0,0.314859437751004,0.0672927065446581,4.678953395076342,True,True
51750,Radford city,42,Wholesale Trade,58.0,2490.0,0.023293172690763052,0.02169027363433848,1.0738994391424816,False,False
51750,Radford city,44-45,Retail Trade,349.0,2490.0,0.14016064257028113,0.1306402726983419,1.0728746938084128,False,False
51750,Radford city,52,Finance and Insurance,68.0,2490.0,0.027309236947791166,0.03703244844786244,0.7374407605330101,False,False
51750,Radford city,53,Real Estate and Rental and Leasing,99.0,2490.0,0.03975903614457831,0.01976416290424415,2.011673165071943,True,False
51750,Radford city,56,Administrative and Support and Waste Management,482.0,2490.0,0.19357429718875502,0.06910888022477532,2.8010046836116906,True,True
51750,Radford city,71,"Arts, Entertainment, and Recreation",15.0,2490.0,0.006024096385542169,0.022075563852834112,0.27288527829692477,False,False
51750,Radford city,72,Accommodation and Food Services,570.0,2490.0,0.2289156626506024,0.11121647217792784,2.058289191949691,True,True
51750,Radford city,81,Other Services,65.0,2490.0,0.02610441767068273,0.04436895963131947,0.5883486538245527,False,False
51760,Richmond city,11,"Agriculture, Forestry, Fishing and Hunting",15.0,126087.0,0.0001189654762188013,0.0013468139528155627,0.0883310393169745,False,False
51760,Richmond city,21,"Mining, Quarrying, and Oil and Gas Extraction",33.0,126087.0,0.0002617240476813629,0.0003393412966785737,0.7712708421965795,False,False
51760,Richmond city,22,Utilities,196.0,126087.0,0.001554482222592337,0.002142581206210252,0.7255184625379353,False,False
51760,Richmond city,23,Construction,5751.0,126087.0,0.04561136358228842,0.06470425061563047,0.7049206682454056,False,False
51760,Richmond city,31-33,Manufacturing,4883.0,126087.0,0.038727228025093784,0.0672927065446581,0.5755040926967748,False,False
51760,Richmond city,42,Wholesale Trade,4060.0,126087.0,0.03219998889655555,0.02169027363433848,1.4845358541525657,True,True
51760,Richmond city,44-45,Retail Trade,7598.0,126087.0,0.06025997922069682,0.1306402726983419,0.46126648372697127,False,False
51760,Richmond city,48-49,Transportation and Warehousing,3574.0,126087.0,0.02834550746706639,0.05047574152199847,0.5615669351724685,False,False
51760,Richmond city,51,Information,1197.0,126087.0,0.009493445002260344,0.014621627646955715,0.6492741595862564,False,False
51760,Richmond city,52,Finance and Insurance,8896.0,126087.0,0.07055445842949709,0.03703244844786244,1.9052064172540444,True,True
51760,Richmond city,53,Real Estate and Rental and Leasing,5147.0,126087.0,0.040821020406544686,0.01976416290424415,2.065405987813367,True,True
51760,Richmond city,54,"Professional, Scientific, and Technical Services",11425.0,126087.0,0.090612037719987,0.1370489560234782,0.6611654721723238,False,False
51760,Richmond city,55,Management of Companies and Enterprises,9234.0,126087.0,0.07323514716029408,0.02744546118252103,2.668388287347664,True,True
51760,Richmond city,56,Administrative and Support and Waste Management,12240.0,126087.0,0.09707582859454186,0.06910888022477532,1.4046795184468996,True,True
51760,Richmond city,61,Educational Services,4280.0,126087.0,0.03394481588109797,0.020240329879222408,1.6770880753254827,True,True
51760,Richmond city,62,Health Care and Social Assistance,26348.0,126087.0,0.20896682449419846,0.15625628606777636,1.3373338747060635,True,True
51760,Richmond city,71,"Arts, Entertainment, and Recreation",2957.0,126087.0,0.023452060878599697,0.022075563852834112,1.0623538784758546,False,False
51760,Richmond city,72,Accommodation and Food Services,12217.0,126087.0,0.09689341486433971,0.11121647217792784,0.8712146048772917,False,False
51760,Richmond city,81,Other Services,5669.0,126087.0,0.044961018978958975,0.04436895963131947,1.0133439988802797,False,False
51760,Richmond city,99,Unclassified,367.0,126087.0,0.0029106886514866717,0.002188870490411141,1.3297674139414022,True,True
51770,Roanoke city,23,Construction,4787.0,51089.0,0.09369923075417409,0.06470425061563047,1.4481155389741793,True,True
51770,Roanoke city,44-45,Retail Trade,6721.0,51089.0,0.13155473781048757,0.1306402726983419,1.0069998714275286,False,False
51770,Roanoke city,48-49,Transportation and Warehousing,4008.0,51089.0,0.0784513300319051,0.05047574152199847,1.5542382868751763,True,True
51770,Roanoke city,52,Finance and Insurance,2107.0,51089.0,0.041241754585135744,0.03703244844786244,1.1136653479231744,False,False
51770,Roanoke city,53,Real Estate and Rental and Leasing,859.0,51089.0,0.01681379553328505,0.01976416290424415,0.8507213593991609,False,False
51770,Roanoke city,54,"Professional, Scientific, and Technical Services",2850.0,51089.0,0.05578500264244749,0.1370489560234782,0.40704434576568993,False,False
51770,Roanoke city,55,Management of Companies and Enterprises,3364.0,51089.0,0.06584587680322575,0.02744546118252103,2.3991535928410808,True,True
51770,Roanoke city,56,Administrative and Support and Waste Management,2412.0,51089.0,0.04721172855213451,0.06910888022477532,0.6831499569748383,False,False
51770,Roanoke city,61,Educational Services,541.0,51089.0,0.010589363659496174,0.020240329879222408,0.5231813771161221,False,False
51770,Roanoke city,62,Health Care and Social Assistance,13880.0,51089.0,0.27168274971128814,0.15625628606777636,1.738699648815699,True,True
51770,Roanoke city,71,"Arts, Entertainment, and Recreation",1624.0,51089.0,0.031787664663626224,0.022075563852834112,1.4399480292117317,True,True
51770,Roanoke city,72,Accommodation and Food Services,5718.0,51089.0,0.1119223316173736,0.11121647217792784,1.0063467166834468,False,False
51770,Roanoke city,81,Other Services,2218.0,51089.0,0.04341443363542054,0.04436895963131947,0.9784866266004321,False,False
51775,Salem city,31-33,Manufacturing,2835.0,15272.0,0.1856338397066527,0.0672927065446581,2.7586026664488332,True,True
51775,Salem city,42,Wholesale Trade,1956.0,15272.0,0.12807752750130957,0.02169027363433848,5.904836871147003,True,True
51775,Salem city,44-45,Retail Trade,1546.0,15272.0,0.10123101100052384,0.1306402726983419,0.774883647359446,False,False
51775,Salem city,52,Finance and Insurance,436.0,15272.0,0.0285489785227868,0.03703244844786244,0.7709179306083577,False,False
51775,Salem city,53,Real Estate and Rental and Leasing,165.0,15272.0,0.010804085908852802,0.01976416290424415,0.5466503165956367,False,False
51775,Salem city,54,"Professional, Scientific, and Technical Services",568.0,15272.0,0.03719224724986904,0.1370489560234782,0.27137928174730164,False,False
51775,Salem city,55,Management of Companies and Enterprises,258.0,15272.0,0.01689366160293347,0.02744546118252103,0.6155357161093143,False,False
51775,Salem city,56,Administrative and Support and Waste Management,909.0,15272.0,0.05952069146149817,0.06910888022477532,0.8612596712305025,False,False
51775,Salem city,61,Educational Services,619.0,15272.0,0.04053169198533264,0.020240329879222408,2.0025213139900555,True,True
51775,Salem city,62,Health Care and Social Assistance,3600.0,15272.0,0.2357255107386066,0.15625628606777636,1.5085825771921928,True,True
51775,Salem city,71,"Arts, Entertainment, and Recreation",268.0,15272.0,0.01754845468831849,0.022075563852834112,0.794926680256259,False,False
51775,Salem city,72,Accommodation and Food Services,1475.0,15272.0,0.0965819800942902,0.11121647217792784,0.868414347289987,False,False
51775,Salem city,81,Other Services,637.0,15272.0,0.04171031953902567,0.04436895963131947,0.9400788273066222,False,False
51790,Staunton city,31-33,Manufacturing,326.0,8263.0,0.03945298317802251,0.0672927065446581,0.5862891419271411,False,False
51790,Staunton city,44-45,Retail Trade,1532.0,8263.0,0.1854048166525475,0.1306402726983419,1.4192010841914038,True,True
51790,Staunton city,48-49,Transportation and Warehousing,547.0,8263.0,0.06619871717293961,0.05047574152199847,1.3114956843989842,True,True
51790,Staunton city,52,Finance and Insurance,314.0,8263.0,0.03800072612852475,0.03703244844786244,1.0261467367469785,False,False
51790,Staunton city,53,Real Estate and Rental and Leasing,125.0,8263.0,0.015127677598935012,0.01976416290424415,0.7654094773569439,False,False
51790,Staunton city,54,"Professional, Scientific, and Technical Services",378.0,8263.0,0.04574609705917947,0.1370489560234782,0.33379383824961495,False,False
51790,Staunton city,55,Management of Companies and Enterprises,402.0,8263.0,0.048650611158175,0.02744546118252103,1.7726286628828347,True,True
51790,Staunton city,56,Administrative and Support and Waste Management,300.0,8263.0,0.036306426237444026,0.06910888022477532,0.5253510998783089,False,False
51790,Staunton city,61,Educational Services,564.0,8263.0,0.06825608132639477,0.020240329879222408,3.3722810711925524,True,True
51790,Staunton city,62,Health Care and Social Assistance,1700.0,8263.0,0.20573641534551615,0.15625628606777636,1.316660087878178,True,True
51790,Staunton city,71,"Arts, Entertainment, and Recreation",142.0,8263.0,0.017185041752390173,0.022075563852834112,0.7784644535901137,False,False
51790,Staunton city,72,Accommodation and Food Services,1393.0,8263.0,0.16858283916253178,0.11121647217792784,1.5158081879528358,True,True
51790,Staunton city,81,Other Services,540.0,8263.0,0.06535156722739925,0.04436895963131947,1.4729118683519555,True,True
51800,Suffolk city,23,Construction,1855.0,35613.0,0.05208772077612108,0.06470425061563047,0.8050123489651909,False,False
51800,Suffolk city,31-33,Manufacturing,2190.0,35613.0,0.061494398113048604,0.0672927065446581,0.9138345189346558,False,False
51800,Suffolk city,44-45,Retail Trade,3904.0,35613.0,0.10962289051750765,0.1306402726983419,0.8391201905298762,False,False
51800,Suffolk city,48-49,Transportation and Warehousing,9944.0,35613.0,0.2792238789206189,0.05047574152199847,5.531843029961765,True,True
51800,Suffolk city,51,Information,133.0,35613.0,0.003734591300929436,0.014621627646955715,0.2554155659754469,False,False
51800,Suffolk city,52,Finance and Insurance,852.0,35613.0,0.02392384803302165,0.03703244844786244,0.6460239340292004,False,False
51800,Suffolk city,53,Real Estate and Rental and Leasing,240.0,35613.0,0.00673911212197793,0.01976416290424415,0.34097634970063795,False,False
51800,Suffolk city,54,"Professional, Scientific, and Technical Services",3709.0,35613.0,0.10414736191840059,0.1370489560234782,0.7599281668410436,False,False
51800,Suffolk city,55,Management of Companies and Enterprises,576.0,35613.0,0.01617386909274703,0.02744546118252103,0.5893094302619171,False,False
51800,Suffolk city,56,Administrative and Support and Waste Management,1480.0,35613.0,0.041557858085530565,0.06910888022477532,0.6013389010263864,False,False
51800,Suffolk city,61,Educational Services,368.0,35613.0,0.010333305253699491,0.020240329879222408,0.5105304762995531,False,False
51800,Suffolk city,62,Health Care and Social Assistance,5920.0,35613.0,0.16623143234212226,0.15625628606777636,1.0638383678850474,False,False
51800,Suffolk city,71,"Arts, Entertainment, and Recreation",303.0,35613.0,0.008508129053997136,0.022075563852834112,0.3854093653379025,False,False
51800,Suffolk city,72,Accommodation and Food Services,3094.0,35613.0,0.08687838710583214,0.11121647217792784,0.7811647447946486,False,False
51800,Suffolk city,81,Other Services,948.0,35613.0,0.026619492881812822,0.04436895963131947,0.5999575627421849,False,False
51800,Suffolk city,99,Unclassified,97.0,35613.0,0.0027237244826327466,0.002188870490411141,1.2443515934655152,False,False
51810,Virginia Beach city,23,Construction,9264.0,143239.0,0.06467512339516472,0.06470425061563047,0.9995498406953389,False,False
51810,Virginia Beach city,31-33,Manufacturing,6678.0,143239.0,0.04662138104845747,0.0672927065446581,0.6928147706099126,False,False
51810,Virginia Beach city,44-45,Retail Trade,21635.0,143239.0,0.1510412666941266,0.1306402726983419,1.15616159989877,False,False
51810,Virginia Beach city,51,Information,2082.0,143239.0,0.014535147550597254,0.014621627646955715,0.9940854671965015,False,False
51810,Virginia Beach city,52,Finance and Insurance,6224.0,143239.0,0.04345185319640601,0.03703244844786244,1.173345404303509,False,False
51810,Virginia Beach city,53,Real Estate and Rental and Leasing,4476.0,143239.0,0.031248472832119744,0.01976416290424415,1.5810673583048365,True,True
51810,Virginia Beach city,54,"Professional, Scientific, and Technical Services",13767.0,143239.0,0.09611209237707607,0.1370489560234782,0.7012975156163238,False,False
51810,Virginia Beach city,55,Management of Companies and Enterprises,2881.0,143239.0,0.02011323731665259,0.02744546118252103,0.7328438455777141,False,False
51810,Virginia Beach city,56,Administrative and Support and Waste Management,12013.0,143239.0,0.08386682397950279,0.06910888022477532,1.213546272298546,False,False
51810,Virginia Beach city,61,Educational Services,3534.0,143239.0,0.02467205160605701,0.020240329879222408,1.2189550147294763,False,False
51810,Virginia Beach city,62,Health Care and Social Assistance,25375.0,143239.0,0.17715147410970475,0.15625628606777636,1.1337238236474216,False,False
51810,Virginia Beach city,71,"Arts, Entertainment, and Recreation",4216.0,143239.0,0.02943332472301538,0.022075563852834112,1.333298887368472,True,True
51810,Virginia Beach city,72,Accommodation and Food Services,24635.0,143239.0,0.1719852833376385,0.11121647217792784,1.5464011757403227,True,True
51810,Virginia Beach city,81,Other Services,5904.0,143239.0,0.041217824754431406,0.04436895963131947,0.9289788423467176,False,False
51810,Virginia Beach city,99,Unclassified,555.0,143239.0,0.0038746430790497,0.002188870490411141,1.7701563870605777,True,True
51820,Waynesboro city,31-33,Manufacturing,1124.0,8484.0,0.1324846770391325,0.0672927065446581,1.968782113871589,True,True
51820,Waynesboro city,42,Wholesale Trade,182.0,8484.0,0.02145214521452145,0.02169027363433848,0.9890214192853685,False,False
51820,Waynesboro city,44-45,Retail Trade,2064.0,8484.0,0.24328147100424327,0.1306402726983419,1.8622241517054872,True,True
51820,Waynesboro city,48-49,Transportation and Warehousing,980.0,8484.0,0.11551155115511551,0.05047574152199847,2.288456745202504,True,True
51820,Waynesboro city,52,Finance and Insurance,169.0,8484.0,0.01991984912776992,0.03703244844786244,0.5379025682251296,False,False
51820,Waynesboro city,53,Real Estate and Rental and Leasing,108.0,8484.0,0.01272984441301273,0.01976416290424415,0.6440872034240888,False,False
51820,Waynesboro city,54,"Professional, Scientific, and Technical Services",348.0,8484.0,0.04101838755304102,0.1370489560234782,0.2992973368291405,False,False
51820,Waynesboro city,55,Management of Companies and Enterprises,522.0,8484.0,0.06152758132956153,0.02744546118252103,2.241812623237904,True,True
51820,Waynesboro city,56,Administrative and Support and Waste Management,125.0,8484.0,0.014733616218764733,0.06910888022477532,0.21319425478815351,False,False
51820,Waynesboro city,61,Educational Services,69.0,8484.0,0.008132956152758133,0.020240329879222408,0.40181934787075635,False,False
51820,Waynesboro city,62,Health Care and Social Assistance,856.0,8484.0,0.10089580386610089,0.15625628606777636,0.6457071674053305,False,False
51820,Waynesboro city,71,"Arts, Entertainment, and Recreation",84.0,8484.0,0.009900990099009901,0.022075563852834112,0.4485045168048466,False,False
51820,Waynesboro city,72,Accommodation and Food Services,1473.0,8484.0,0.17362093352192362,0.11121647217792784,1.561108081581288,True,True
51820,Waynesboro city,81,Other Services,380.0,8484.0,0.04479019330504479,0.04436895963131947,1.009493882147013,False,False
51830,Williamsburg city,23,Construction,102.0,2924.0,0.03488372093023256,0.06470425061563047,0.5391256462802735,False,False
51830,Williamsburg city,44-45,Retail Trade,1054.0,2924.0,0.36046511627906974,0.1306402726983419,2.759218951658272,True,True
51830,Williamsburg city,52,Finance and Insurance,123.0,2924.0,0.042065663474692205,0.03703244844786244,1.1359136443250835,False,False
51830,Williamsburg city,53,Real Estate and Rental and Leasing,128.0,2924.0,0.04377564979480164,0.01976416290424415,2.2149002721183435,True,True
51830,Williamsburg city,54,"Professional, Scientific, and Technical Services",372.0,2924.0,0.12722298221614228,0.1370489560234782,0.9283031838224831,False,False
51830,Williamsburg city,55,Management of Companies and Enterprises,453.0,2924.0,0.15492476060191518,0.02744546118252103,5.64482263830862,True,True
51830,Williamsburg city,56,Administrative and Support and Waste Management,427.0,2924.0,0.1460328317373461,0.06910888022477532,2.113083459931301,True,True
51830,Williamsburg city,81,Other Services,265.0,2924.0,0.09062927496580027,0.04436895963131947,2.0426279029050356,True,True
51840,Winchester city,31-33,Manufacturing,1368.0,19165.0,0.07138012001043569,0.0672927065446581,1.0607408094525819,False,False
51840,Winchester city,42,Wholesale Trade,263.0,19165.0,0.013722932428906862,0.02169027363433848,0.6326767776309518,False,False
51840,Winchester city,44-45,Retail Trade,3694.0,19165.0,0.19274719540829638,0.1306402726983419,1.475404111053595,True,True
51840,Winchester city,48-49,Transportation and Warehousing,171.0,19165.0,0.00892251500130446,0.05047574152199847,0.17676837887395527,False,False
51840,Winchester city,52,Finance and Insurance,526.0,19165.0,0.027445864857813723,0.03703244844786244,0.7411301711917441,False,False
51840,Winchester city,53,Real Estate and Rental and Leasing,214.0,19165.0,0.011166188364205583,0.01976416290424415,0.5649714798600329,False,False
51840,Winchester city,54,"Professional, Scientific, and Technical Services",632.0,19165.0,0.03297678058961649,0.1370489560234782,0.24062044357322326,False,False
51840,Winchester city,61,Educational Services,1036.0,19165.0,0.05405687451082703,0.020240329879222408,2.6707506662882405,True,True
51840,Winchester city,62,Health Care and Social Assistance,7640.0,19165.0,0.3986433602921993,0.15625628606777636,2.551214868368798,True,True
51840,Winchester city,71,"Arts, Entertainment, and Recreation",330.0,19165.0,0.017218888599008608,0.022075563852834112,0.7799976804124986,False,False
51840,Winchester city,72,Accommodation and Food Services,2606.0,19165.0,0.13597704148186798,0.11121647217792784,1.2226340111231666,False,False
51840,Winchester city,81,Other Services,685.0,19165.0,0.03574223845551787,0.04436895963131947,0.8055685495561606,False,False
