area_fips,locality_name,industry_code,industry_title,2019,2025,has_2019_and_2025
51001,Accomack County,11,"Agriculture, Forestry, Fishing and Hunting",150.0,199.0,True
51001,Accomack County,21,"Mining, Quarrying, and Oil and Gas Extraction",,,False
51001,Accomack County,22,Utilities,,,False
51001,Accomack County,23,Construction,391.0,349.0,True
51001,Accomack County,31-33,Manufacturing,3285.0,3229.0,True
51001,Accomack County,42,Wholesale Trade,240.0,167.0,True
51001,Accomack County,44-45,Retail Trade,1300.0,1176.0,True
51001,Accomack County,48-49,Transportation and Warehousing,,,False
51001,Accomack County,51,Information,81.0,96.0,True
51001,Accomack County,52,Finance and Insurance,145.0,199.0,True
51001,Accomack County,53,Real Estate and Rental and Leasing,100.0,148.0,True
51001,Accomack County,54,"Professional, Scientific, and Technical Services",932.0,905.0,True
51001,Accomack County,55,Management of Companies and Enterprises,,,False
51001,Accomack County,56,Administrative and Support and Waste Management,,,False
51001,Accomack County,61,Educational Services,,,False
51001,Accomack County,62,Health Care and Social Assistance,,,False
51001,Accomack County,71,"Arts, Entertainment, and Recreation",104.0,173.0,True
51001,Accomack County,72,Accommodation and Food Services,1279.0,1337.0,True
51001,Accomack County,81,Other Services,364.0,287.0,True
51001,Accomack County,99,Unclassified,15.0,24.0,True
51003,Albemarle County,11,"Agriculture, Forestry, Fishing and Hunting",719.0,719.0,True
51003,Albemarle County,21,"Mining, Quarrying, and Oil and Gas Extraction",46.0,43.0,True
51003,Albemarle County,22,Utilities,29.0,24.0,True
51003,Albemarle County,23,Construction,2262.0,2266.0,True
51003,Albemarle County,31-33,Manufacturing,2259.0,2428.0,True
51003,Albemarle County,42,Wholesale Trade,708.0,675.0,True
51003,Albemarle County,44-45,Retail Trade,6108.0,5478.0,True
51003,Albemarle County,48-49,Transportation and Warehousing,796.0,825.0,True
51003,Albemarle County,51,Information,810.0,822.0,True
51003,Albemarle County,52,Finance and Insurance,983.0,1043.0,True
51003,Albemarle County,53,Real Estate and Rental and Leasing,950.0,1139.0,True
51003,Albemarle County,54,"Professional, Scientific, and Technical Services",3778.0,4035.0,True
51003,Albemarle County,55,Management of Companies and Enterprises,1355.0,1234.0,True
51003,Albemarle County,56,Administrative and Support and Waste Management,2037.0,2124.0,True
51003,Albemarle County,61,Educational Services,877.0,1096.0,True
51003,Albemarle County,62,Health Care and Social Assistance,6746.0,8447.0,True
51003,Albemarle County,71,"Arts, Entertainment, and Recreation",1810.0,1783.0,True
51003,Albemarle County,72,Accommodation and Food Services,4263.0,4516.0,True
51003,Albemarle County,81,Other Services,2014.0,1859.0,True
51003,Albemarle County,99,Unclassified,83.0,138.0,True
51005,Alleghany County,11,"Agriculture, Forestry, Fishing and Hunting",,,False
51005,Alleghany County,21,"Mining, Quarrying, and Oil and Gas Extraction",,,False
51005,Alleghany County,22,Utilities,,,False
51005,Alleghany County,23,Construction,135.0,,False
51005,Alleghany County,31-33,Manufacturing,445.0,339.0,True
51005,Alleghany County,42,Wholesale Trade,,,False
51005,Alleghany County,44-45,Retail Trade,286.0,240.0,True
51005,Alleghany County,48-49,Transportation and Warehousing,61.0,91.0,True
51005,Alleghany County,51,Information,,,False
51005,Alleghany County,52,Finance and Insurance,,,False
51005,Alleghany County,53,Real Estate and Rental and Leasing,,,False
51005,Alleghany County,54,"Professional, Scientific, and Technical Services",,77.0,False
51005,Alleghany County,55,Management of Companies and Enterprises,,,False
51005,Alleghany County,56,Administrative and Support and Waste Management,100.0,,False
51005,Alleghany County,61,Educational Services,,69.0,False
51005,Alleghany County,62,Health Care and Social Assistance,,830.0,False
51005,Alleghany County,71,"Arts, Entertainment, and Recreation",33.0,,False
51005,Alleghany County,72,Accommodation and Food Services,385.0,,False
51005,Alleghany County,81,Other Services,118.0,119.0,True
51005,Alleghany County,99,Unclassified,,,False
51007,Amelia County,11,"Agriculture, Forestry, Fishing and Hunting",,,False
51007,Amelia County,21,"Mining, Quarrying, and Oil and Gas Extraction",,,False
51007,Amelia County,22,Utilities,,,False
51007,Amelia County,23,Construction,378.0,444.0,True
51007,Amelia County,31-33,Manufacturing,232.0,212.0,True
51007,Amelia County,42,Wholesale Trade,160.0,117.0,True
51007,Amelia County,44-45,Retail Trade,208.0,211.0,True
51007,Amelia County,48-49,Transportation and Warehousing,,,False
51007,Amelia County,51,Information,14.0,,False
51007,Amelia County,52,Finance and Insurance,35.0,32.0,True
51007,Amelia County,53,Real Estate and Rental and Leasing,7.0,,False
51007,Amelia County,54,"Professional, Scientific, and Technical Services",80.0,101.0,True
51007,Amelia County,55,Management of Companies and Enterprises,,,False
51007,Amelia County,56,Administrative and Support and Waste Management,88.0,,False
51007,Amelia County,61,Educational Services,45.0,,False
51007,Amelia County,62,Health Care and Social Assistance,342.0,,False
51007,Amelia County,71,"Arts, Entertainment, and Recreation",,,False
51007,Amelia County,72,Accommodation and Food Services,,,False
51007,Amelia County,81,Other Services,62.0,90.0,True
51007,Amelia County,99,Unclassified,24.0,,False
51009,Amherst County,11,"Agriculture, Forestry, Fishing and Hunting",49.0,,False
51009,Amherst County,23,Construction,497.0,,False
51009,Amherst County,31-33,Manufacturing,1369.0,1386.0,True
51009,Amherst County,42,Wholesale Trade,141.0,132.0,True
51009,Amherst County,44-45,Retail Trade,1084.0,1074.0,True
51009,Amherst County,48-49,Transportation and Warehousing,225.0,127.0,True
51009,Amherst County,51,Information,26.0,,False
51009,Amherst County,52,Finance and Insurance,120.0,109.0,True
51009,Amherst County,53,Real Estate and Rental and Leasing,25.0,20.0,True
51009,Amherst County,54,"Professional, Scientific, and Technical Services",158.0,188.0,True
51009,Amherst County,55,Management of Companies and Enterprises,,,False
51009,Amherst County,56,Administrative and Support and Waste Management,,,False
51009,Amherst County,61,Educational Services,,,False
51009,Amherst County,62,Health Care and Social Assistance,,,False
51009,Amherst County,71,"Arts, Entertainment, and Recreation",68.0,80.0,True
51009,Amherst County,72,Accommodation and Food Services,635.0,641.0,True
51009,Amherst County,81,Other Services,180.0,174.0,True
51009,Amherst County,99,Unclassified,15.0,,False
51011,Appomattox County,11,"Agriculture, Forestry, Fishing and Hunting",45.0,,False
51011,Appomattox County,21,"Mining, Quarrying, and Oil and Gas Extraction",,,False
51011,Appomattox County,22,Utilities,,,False
51011,Appomattox County,23,Construction,305.0,421.0,True
51011,Appomattox County,31-33,Manufacturing,87.0,98.0,True
51011,Appomattox County,42,Wholesale Trade,60.0,50.0,True
51011,Appomattox County,44-45,Retail Trade,662.0,669.0,True
51011,Appomattox County,48-49,Transportation and Warehousing,,,False
51011,Appomattox County,51,Information,10.0,,False
51011,Appomattox County,52,Finance and Insurance,46.0,52.0,True
51011,Appomattox County,53,Real Estate and Rental and Leasing,17.0,,False
51011,Appomattox County,54,"Professional, Scientific, and Technical Services",53.0,,False
51011,Appomattox County,55,Management of Companies and Enterprises,,,False
51011,Appomattox County,56,Administrative and Support and Waste Management,,53.0,False
51011,Appomattox County,61,Educational Services,,,False
51011,Appomattox County,62,Health Care and Social Assistance,,,False
51011,Appomattox County,71,"Arts, Entertainment, and Recreation",34.0,70.0,True
51011,Appomattox County,72,Accommodation and Food Services,309.0,335.0,True
51011,Appomattox County,81,Other Services,165.0,170.0,True
51011,Appomattox County,99,Unclassified,8.0,,False
51013,Arlington County,11,"Agriculture, Forestry, Fishing and Hunting",,,False
51013,Arlington County,21,"Mining, Quarrying, and Oil and Gas Extraction",,,False
51013,Arlington County,22,Utilities,355.0,412.0,True
51013,Arlington County,23,Construction,1947.0,2199.0,True
51013,Arlington County,31-33,Manufacturing,,,False
51013,Arlington County,42,Wholesale Trade,1623.0,1361.0,True
51013,Arlington County,44-45,Retail Trade,9381.0,7419.0,True
51013,Arlington County,48-49,Transportation and Warehousing,9459.0,11007.0,True
51013,Arlington County,51,Information,5578.0,,False
51013,Arlington County,52,Finance and Insurance,3828.0,3149.0,True
51013,Arlington County,53,Real Estate and Rental and Leasing,3240.0,4112.0,True
51013,Arlington County,54,"Professional, Scientific, and Technical Services",46622.0,48108.0,True
51013,Arlington County,55,Management of Companies and Enterprises,3159.0,7881.0,True
51013,Arlington County,56,Administrative and Support and Waste Management,11431.0,6975.0,True
51013,Arlington County,61,Educational Services,4034.0,3595.0,True
51013,Arlington County,62,Health Care and Social Assistance,10437.0,11159.0,True
51013,Arlington County,71,"Arts, Entertainment, and Recreation",2636.0,2942.0,True
51013,Arlington County,72,Accommodation and Food Services,15661.0,14802.0,True
51013,Arlington County,81,Other Services,11133.0,10568.0,True
51013,Arlington County,99,Unclassified,258.0,,False
51015,Augusta County,11,"Agriculture, Forestry, Fishing and Hunting",358.0,,False
51015,Augusta County,21,"Mining, Quarrying, and Oil and Gas Extraction",28.0,,False
51015,Augusta County,22,Utilities,,,False
51015,Augusta County,23,Construction,1931.0,2141.0,True
51015,Augusta County,31-33,Manufacturing,5898.0,6744.0,True
51015,Augusta County,42,Wholesale Trade,,,False
51015,Augusta County,44-45,Retail Trade,2058.0,2115.0,True
51015,Augusta County,48-49,Transportation and Warehousing,3367.0,4326.0,True
51015,Augusta County,51,Information,118.0,57.0,True
51015,Augusta County,52,Finance and Insurance,276.0,330.0,True
51015,Augusta County,53,Real Estate and Rental and Leasing,251.0,213.0,True
51015,Augusta County,54,"Professional, Scientific, and Technical Services",500.0,467.0,True
51015,Augusta County,55,Management of Companies and Enterprises,40.0,70.0,True
51015,Augusta County,56,Administrative and Support and Waste Management,1328.0,1300.0,True
51015,Augusta County,61,Educational Services,275.0,542.0,True
51015,Augusta County,62,Health Care and Social Assistance,4016.0,4673.0,True
51015,Augusta County,71,"Arts, Entertainment, and Recreation",100.0,74.0,True
51015,Augusta County,72,Accommodation and Food Services,1661.0,1542.0,True
51015,Augusta County,81,Other Services,491.0,398.0,True
51015,Augusta County,99,Unclassified,58.0,58.0,True
51017,Bath County,11,"Agriculture, Forestry, Fishing and Hunting",8.0,,False
51017,Bath County,21,"Mining, Quarrying, and Oil and Gas Extraction",,,False
51017,Bath County,22,Utilities,,,False
51017,Bath County,23,Construction,87.0,,False
51017,Bath County,31-33,Manufacturing,93.0,,False
51017,Bath County,42,Wholesale Trade,,,False
51017,Bath County,44-45,Retail Trade,58.0,53.0,True
51017,Bath County,48-49,Transportation and Warehousing,,,False
51017,Bath County,51,Information,49.0,,False
51017,Bath County,52,Finance and Insurance,,,False
51017,Bath County,53,Real Estate and Rental and Leasing,,,False
51017,Bath County,54,"Professional, Scientific, and Technical Services",112.0,125.0,True
51017,Bath County,55,Management of Companies and Enterprises,,,False
51017,Bath County,56,Administrative and Support and Waste Management,,,False
51017,Bath County,61,Educational Services,,,False
51017,Bath County,62,Health Care and Social Assistance,,,False
51017,Bath County,71,"Arts, Entertainment, and Recreation",,,False
51017,Bath County,72,Accommodation and Food Services,,,False
51017,Bath County,81,Other Services,37.0,38.0,True
51017,Bath County,99,Unclassified,4.0,,False
51019,Bedford County,11,"Agriculture, Forestry, Fishing and Hunting",127.0,,False
51019,Bedford County,21,"Mining, Quarrying, and Oil and Gas Extraction",,,False
51019,Bedford County,22,Utilities,5.0,,False
51019,Bedford County,23,Construction,1214.0,1330.0,True
51019,Bedford County,31-33,Manufacturing,2102.0,1858.0,True
51019,Bedford County,42,Wholesale Trade,1007.0,707.0,True
51019,Bedford County,44-45,Retail Trade,2334.0,2536.0,True
51019,Bedford County,48-49,Transportation and Warehousing,242.0,,False
51019,Bedford County,51,Information,70.0,69.0,True
51019,Bedford County,52,Finance and Insurance,434.0,445.0,True
51019,Bedford County,53,Real Estate and Rental and Leasing,423.0,436.0,True
51019,Bedford County,54,"Professional, Scientific, and Technical Services",1249.0,1067.0,True
51019,Bedford County,55,Management of Companies and Enterprises,,240.0,False
51019,Bedford County,56,Administrative and Support and Waste Management,,939.0,False
51019,Bedford County,61,Educational Services,47.0,211.0,True
51019,Bedford County,62,Health Care and Social Assistance,2473.0,2446.0,True
51019,Bedford County,71,"Arts, Entertainment, and Recreation",270.0,390.0,True
51019,Bedford County,72,Accommodation and Food Services,1606.0,1566.0,True
51019,Bedford County,81,Other Services,817.0,958.0,True
51019,Bedford County,99,Unclassified,63.0,94.0,True
51021,Bland County,11,"Agriculture, Forestry, Fishing and Hunting",,,False
51021,Bland County,21,"Mining, Quarrying, and Oil and Gas Extraction",,,False
51021,Bland County,22,Utilities,,,False
51021,Bland County,23,Construction,57.0,,False
51021,Bland County,31-33,Manufacturing,602.0,722.0,True
51021,Bland County,42,Wholesale Trade,,,False
51021,Bland County,44-45,Retail Trade,125.0,120.0,True
51021,Bland County,48-49,Transportation and Warehousing,,,False
51021,Bland County,51,Information,,,False
51021,Bland County,52,Finance and Insurance,,,False
51021,Bland County,53,Real Estate and Rental and Leasing,,,False
51021,Bland County,54,"Professional, Scientific, and Technical Services",,63.0,False
51021,Bland County,55,Management of Companies and Enterprises,,,False
51021,Bland County,56,Administrative and Support and Waste Management,,84.0,False
51021,Bland County,61,Educational Services,,,False
51021,Bland County,62,Health Care and Social Assistance,,,False
51021,Bland County,71,"Arts, Entertainment, and Recreation",,,False
51021,Bland County,72,Accommodation and Food Services,,,False
51021,Bland County,81,Other Services,,32.0,False
51021,Bland County,99,Unclassified,,,False
51023,Botetourt County,11,"Agriculture, Forestry, Fishing and Hunting",,,False
51023,Botetourt County,21,"Mining, Quarrying, and Oil and Gas Extraction",,,False
51023,Botetourt County,22,Utilities,,13.0,False
51023,Botetourt County,23,Construction,751.0,712.0,True
51023,Botetourt County,31-33,Manufacturing,1986.0,2288.0,True
51023,Botetourt County,42,Wholesale Trade,1519.0,1758.0,True
51023,Botetourt County,44-45,Retail Trade,754.0,781.0,True
51023,Botetourt County,48-49,Transportation and Warehousing,,920.0,False
51023,Botetourt County,51,Information,85.0,26.0,True
51023,Botetourt County,52,Finance and Insurance,137.0,194.0,True
51023,Botetourt County,53,Real Estate and Rental and Leasing,110.0,105.0,True
51023,Botetourt County,54,"Professional, Scientific, and Technical Services",214.0,289.0,True
51023,Botetourt County,55,Management of Companies and Enterprises,157.0,153.0,True
51023,Botetourt County,56,Administrative and Support and Waste Management,1267.0,901.0,True
51023,Botetourt County,61,Educational Services,,,False
51023,Botetourt County,62,Health Care and Social Assistance,,,False
51023,Botetourt County,71,"Arts, Entertainment, and Recreation",18.0,25.0,True
51023,Botetourt County,72,Accommodation and Food Services,928.0,913.0,True
51023,Botetourt County,81,Other Services,227.0,216.0,True
51023,Botetourt County,99,Unclassified,52.0,52.0,True
51025,Brunswick County,11,"Agriculture, Forestry, Fishing and Hunting",,,False
51025,Brunswick County,21,"Mining, Quarrying, and Oil and Gas Extraction",,,False
51025,Brunswick County,22,Utilities,,,False
51025,Brunswick County,23,Construction,207.0,196.0,True
51025,Brunswick County,31-33,Manufacturing,249.0,261.0,True
51025,Brunswick County,42,Wholesale Trade,,,False
51025,Brunswick County,44-45,Retail Trade,276.0,245.0,True
51025,Brunswick County,48-49,Transportation and Warehousing,109.0,166.0,True
51025,Brunswick County,51,Information,18.0,,False
51025,Brunswick County,52,Finance and Insurance,59.0,107.0,True
51025,Brunswick County,53,Real Estate and Rental and Leasing,8.0,9.0,True
51025,Brunswick County,54,"Professional, Scientific, and Technical Services",,,False
51025,Brunswick County,55,Management of Companies and Enterprises,,,False
51025,Brunswick County,56,Administrative and Support and Waste Management,582.0,230.0,True
51025,Brunswick County,61,Educational Services,,,False
51025,Brunswick County,62,Health Care and Social Assistance,,,False
51025,Brunswick County,71,"Arts, Entertainment, and Recreation",,,False
51025,Brunswick County,72,Accommodation and Food Services,,,False
51025,Brunswick County,81,Other Services,74.0,,False
51025,Brunswick County,99,Unclassified,9.0,,False
51027,Buchanan County,11,"Agriculture, Forestry, Fishing and Hunting",13.0,,False
51027,Buchanan County,21,"Mining, Quarrying, and Oil and Gas Extraction",1361.0,,False
51027,Buchanan County,22,Utilities,,,False
51027,Buchanan County,23,Construction,347.0,106.0,True
51027,Buchanan County,31-33,Manufacturing,192.0,249.0,True
51027,Buchanan County,42,Wholesale Trade,,187.0,False
51027,Buchanan County,44-45,Retail Trade,653.0,600.0,True
51027,Buchanan County,48-49,Transportation and Warehousing,168.0,,False
51027,Buchanan County,51,Information,15.0,17.0,True
51027,Buchanan County,52,Finance and Insurance,128.0,93.0,True
51027,Buchanan County,53,Real Estate and Rental and Leasing,26.0,28.0,True
51027,Buchanan County,54,"Professional, Scientific, and Technical Services",313.0,170.0,True
51027,Buchanan County,55,Management of Companies and Enterprises,69.0,,False
51027,Buchanan County,56,Administrative and Support and Waste Management,297.0,,False
51027,Buchanan County,61,Educational Services,171.0,166.0,True
51027,Buchanan County,62,Health Care and Social Assistance,673.0,678.0,True
51027,Buchanan County,71,"Arts, Entertainment, and Recreation",,,False
51027,Buchanan County,72,Accommodation and Food Services,,,False
51027,Buchanan County,81,Other Services,128.0,120.0,True
51027,Buchanan County,99,Unclassified,15.0,5.0,True
51029,Buckingham County,11,"Agriculture, Forestry, Fishing and Hunting",,,False
51029,Buckingham County,21,"Mining, Quarrying, and Oil and Gas Extraction",,,False
51029,Buckingham County,22,Utilities,,,False
51029,Buckingham County,23,Construction,175.0,184.0,True
51029,Buckingham County,31-33,Manufacturing,142.0,125.0,True
51029,Buckingham County,42,Wholesale Trade,,,False
51029,Buckingham County,44-45,Retail Trade,287.0,250.0,True
51029,Buckingham County,48-49,Transportation and Warehousing,109.0,97.0,True
51029,Buckingham County,51,Information,,,False
51029,Buckingham County,52,Finance and Insurance,31.0,47.0,True
51029,Buckingham County,53,Real Estate and Rental and Leasing,3.0,,False
51029,Buckingham County,54,"Professional, Scientific, and Technical Services",59.0,78.0,True
51029,Buckingham County,55,Management of Companies and Enterprises,29.0,31.0,True
51029,Buckingham County,56,Administrative and Support and Waste Management,85.0,46.0,True
51029,Buckingham County,61,Educational Services,69.0,53.0,True
51029,Buckingham County,62,Health Care and Social Assistance,499.0,463.0,True
51029,Buckingham County,72,Accommodation and Food Services,131.0,96.0,True
51029,Buckingham County,81,Other Services,78.0,81.0,True
51029,Buckingham County,99,Unclassified,,,False
51031,Campbell County,11,"Agriculture, Forestry, Fishing and Hunting",,,False
51031,Campbell County,21,"Mining, Quarrying, and Oil and Gas Extraction",,,False
51031,Campbell County,22,Utilities,80.0,88.0,True
51031,Campbell County,23,Construction,1991.0,1971.0,True
51031,Campbell County,31-33,Manufacturing,4832.0,4662.0,True
51031,Campbell County,42,Wholesale Trade,687.0,853.0,True
51031,Campbell County,44-45,Retail Trade,2118.0,2309.0,True
51031,Campbell County,48-49,Transportation and Warehousing,456.0,445.0,True
51031,Campbell County,51,Information,115.0,161.0,True
51031,Campbell County,52,Finance and Insurance,421.0,419.0,True
51031,Campbell County,53,Real Estate and Rental and Leasing,126.0,162.0,True
51031,Campbell County,54,"Professional, Scientific, and Technical Services",515.0,578.0,True
51031,Campbell County,55,Management of Companies and Enterprises,105.0,96.0,True
51031,Campbell County,56,Administrative and Support and Waste Management,581.0,736.0,True
51031,Campbell County,61,Educational Services,47.0,,False
51031,Campbell County,62,Health Care and Social Assistance,1119.0,,False
51031,Campbell County,71,"Arts, Entertainment, and Recreation",146.0,180.0,True
51031,Campbell County,72,Accommodation and Food Services,1201.0,1326.0,True
51031,Campbell County,81,Other Services,379.0,360.0,True
51031,Campbell County,99,Unclassified,70.0,92.0,True
51033,Caroline County,11,"Agriculture, Forestry, Fishing and Hunting",,,False
51033,Caroline County,21,"Mining, Quarrying, and Oil and Gas Extraction",,,False
51033,Caroline County,22,Utilities,127.0,128.0,True
51033,Caroline County,23,Construction,259.0,363.0,True
51033,Caroline County,31-33,Manufacturing,307.0,,False
51033,Caroline County,42,Wholesale Trade,244.0,358.0,True
51033,Caroline County,44-45,Retail Trade,576.0,663.0,True
51033,Caroline County,48-49,Transportation and Warehousing,243.0,262.0,True
51033,Caroline County,51,Information,7.0,,False
51033,Caroline County,52,Finance and Insurance,46.0,66.0,True
51033,Caroline County,53,Real Estate and Rental and Leasing,15.0,,False
51033,Caroline County,54,"Professional, Scientific, and Technical Services",,,False
51033,Caroline County,55,Management of Companies and Enterprises,,,False
51033,Caroline County,56,Administrative and Support and Waste Management,524.0,,False
51033,Caroline County,61,Educational Services,,,False
51033,Caroline County,62,Health Care and Social Assistance,,,False
51033,Caroline County,71,"Arts, Entertainment, and Recreation",62.0,69.0,True
51033,Caroline County,72,Accommodation and Food Services,507.0,459.0,True
51033,Caroline County,81,Other Services,318.0,310.0,True
51033,Caroline County,99,Unclassified,23.0,79.0,True
51035,Carroll County,11,"Agriculture, Forestry, Fishing and Hunting",,,False
51035,Carroll County,21,"Mining, Quarrying, and Oil and Gas Extraction",,,False
51035,Carroll County,22,Utilities,,,False
51035,Carroll County,23,Construction,246.0,210.0,True
51035,Carroll County,31-33,Manufacturing,1245.0,643.0,True
51035,Carroll County,42,Wholesale Trade,208.0,249.0,True
51035,Carroll County,44-45,Retail Trade,729.0,767.0,True
51035,Carroll County,48-49,Transportation and Warehousing,,,False
51035,Carroll County,51,Information,,6.0,False
51035,Carroll County,52,Finance and Insurance,75.0,65.0,True
51035,Carroll County,53,Real Estate and Rental and Leasing,22.0,15.0,True
51035,Carroll County,54,"Professional, Scientific, and Technical Services",,192.0,False
51035,Carroll County,55,Management of Companies and Enterprises,,,False
51035,Carroll County,56,Administrative and Support and Waste Management,202.0,,False
51035,Carroll County,61,Educational Services,,,False
51035,Carroll County,62,Health Care and Social Assistance,,,False
51035,Carroll County,71,"Arts, Entertainment, and Recreation",60.0,,False
51035,Carroll County,72,Accommodation and Food Services,733.0,,False
51035,Carroll County,81,Other Services,117.0,168.0,True
51035,Carroll County,99,Unclassified,,38.0,False
51036,Charles City County,11,"Agriculture, Forestry, Fishing and Hunting",,,False
51036,Charles City County,21,"Mining, Quarrying, and Oil and Gas Extraction",,,False
51036,Charles City County,22,Utilities,,,False
51036,Charles City County,23,Construction,427.0,482.0,True
51036,Charles City County,31-33,Manufacturing,195.0,132.0,True
51036,Charles City County,42,Wholesale Trade,63.0,78.0,True
51036,Charles City County,44-45,Retail Trade,,,False
51036,Charles City County,48-49,Transportation and Warehousing,149.0,496.0,True
51036,Charles City County,51,Information,,,False
51036,Charles City County,52,Finance and Insurance,,,False
51036,Charles City County,53,Real Estate and Rental and Leasing,,,False
51036,Charles City County,54,"Professional, Scientific, and Technical Services",,,False
51036,Charles City County,55,Management of Companies and Enterprises,,,False
51036,Charles City County,56,Administrative and Support and Waste Management,,61.0,False
51036,Charles City County,61,Educational Services,,,False
51036,Charles City County,62,Health Care and Social Assistance,,,False
51036,Charles City County,71,"Arts, Entertainment, and Recreation",34.0,31.0,True
51036,Charles City County,72,Accommodation and Food Services,32.0,49.0,True
51036,Charles City County,81,Other Services,34.0,,False
51036,Charles City County,99,Unclassified,,,False
51037,Charlotte County,11,"Agriculture, Forestry, Fishing and Hunting",128.0,,False
51037,Charlotte County,21,"Mining, Quarrying, and Oil and Gas Extraction",,,False
51037,Charlotte County,23,Construction,63.0,135.0,True
51037,Charlotte County,31-33,Manufacturing,467.0,457.0,True
51037,Charlotte County,42,Wholesale Trade,92.0,90.0,True
51037,Charlotte County,44-45,Retail Trade,273.0,240.0,True
51037,Charlotte County,48-49,Transportation and Warehousing,253.0,176.0,True
51037,Charlotte County,51,Information,,10.0,False
51037,Charlotte County,52,Finance and Insurance,33.0,48.0,True
51037,Charlotte County,53,Real Estate and Rental and Leasing,9.0,8.0,True
51037,Charlotte County,54,"Professional, Scientific, and Technical Services",,,False
51037,Charlotte County,55,Management of Companies and Enterprises,,,False
51037,Charlotte County,56,Administrative and Support and Waste Management,55.0,,False
51037,Charlotte County,61,Educational Services,,,False
51037,Charlotte County,62,Health Care and Social Assistance,368.0,,False
51037,Charlotte County,71,"Arts, Entertainment, and Recreation",,29.0,False
51037,Charlotte County,72,Accommodation and Food Services,,52.0,False
51037,Charlotte County,81,Other Services,52.0,37.0,True
51037,Charlotte County,99,Unclassified,,25.0,False
51041,Chesterfield County,11,"Agriculture, Forestry, Fishing and Hunting",,223.0,False
51041,Chesterfield County,21,"Mining, Quarrying, and Oil and Gas Extraction",,53.0,False
51041,Chesterfield County,22,Utilities,547.0,522.0,True
51041,Chesterfield County,23,Construction,10074.0,11245.0,True
51041,Chesterfield County,31-33,Manufacturing,7968.0,8877.0,True
51041,Chesterfield County,42,Wholesale Trade,5393.0,4651.0,True
51041,Chesterfield County,44-45,Retail Trade,18007.0,18615.0,True
51041,Chesterfield County,48-49,Transportation and Warehousing,8629.0,12614.0,True
51041,Chesterfield County,51,Information,1311.0,1445.0,True
51041,Chesterfield County,52,Finance and Insurance,4496.0,3367.0,True
51041,Chesterfield County,53,Real Estate and Rental and Leasing,1460.0,1700.0,True
51041,Chesterfield County,54,"Professional, Scientific, and Technical Services",7584.0,8522.0,True
51041,Chesterfield County,55,Management of Companies and Enterprises,1283.0,1374.0,True
51041,Chesterfield County,56,Administrative and Support and Waste Management,10979.0,8848.0,True
51041,Chesterfield County,61,Educational Services,1233.0,1657.0,True
51041,Chesterfield County,62,Health Care and Social Assistance,16039.0,18656.0,True
51041,Chesterfield County,71,"Arts, Entertainment, and Recreation",2909.0,3280.0,True
51041,Chesterfield County,72,Accommodation and Food Services,12189.0,13149.0,True
51041,Chesterfield County,81,Other Services,5116.0,5464.0,True
51041,Chesterfield County,99,Unclassified,412.0,443.0,True
51043,Clarke County,11,"Agriculture, Forestry, Fishing and Hunting",,,False
51043,Clarke County,21,"Mining, Quarrying, and Oil and Gas Extraction",,,False
51043,Clarke County,22,Utilities,,,False
51043,Clarke County,23,Construction,331.0,526.0,True
51043,Clarke County,31-33,Manufacturing,641.0,587.0,True
51043,Clarke County,42,Wholesale Trade,215.0,100.0,True
51043,Clarke County,44-45,Retail Trade,280.0,330.0,True
51043,Clarke County,48-49,Transportation and Warehousing,26.0,24.0,True
51043,Clarke County,51,Information,28.0,25.0,True
51043,Clarke County,52,Finance and Insurance,75.0,80.0,True
51043,Clarke County,53,Real Estate and Rental and Leasing,44.0,25.0,True
51043,Clarke County,54,"Professional, Scientific, and Technical Services",215.0,269.0,True
51043,Clarke County,55,Management of Companies and Enterprises,,,False
51043,Clarke County,56,Administrative and Support and Waste Management,,,False
51043,Clarke County,61,Educational Services,246.0,298.0,True
51043,Clarke County,62,Health Care and Social Assistance,272.0,343.0,True
51043,Clarke County,71,"Arts, Entertainment, and Recreation",24.0,34.0,True
51043,Clarke County,72,Accommodation and Food Services,257.0,243.0,True
51043,Clarke County,81,Other Services,182.0,136.0,True
51043,Clarke County,99,Unclassified,5.0,12.0,True
51045,Craig County,11,"Agriculture, Forestry, Fishing and Hunting",,,False
51045,Craig County,21,"Mining, Quarrying, and Oil and Gas Extraction",,,False
51045,Craig County,22,Utilities,,,False
51045,Craig County,23,Construction,,,False
51045,Craig County,31-33,Manufacturing,,,False
51045,Craig County,42,Wholesale Trade,,,False
51045,Craig County,44-45,Retail Trade,124.0,106.0,True
51045,Craig County,48-49,Transportation and Warehousing,,,False
51045,Craig County,51,Information,,,False
51045,Craig County,52,Finance and Insurance,,,False
51045,Craig County,53,Real Estate and Rental and Leasing,,,False
51045,Craig County,54,"Professional, Scientific, and Technical Services",11.0,,False
51045,Craig County,55,Management of Companies and Enterprises,,,False
51045,Craig County,56,Administrative and Support and Waste Management,35.0,,False
51045,Craig County,61,Educational Services,,,False
51045,Craig County,62,Health Care and Social Assistance,,,False
51045,Craig County,71,"Arts, Entertainment, and Recreation",,,False
51045,Craig County,72,Accommodation and Food Services,,,False
51045,Craig County,81,Other Services,33.0,,False
51045,Craig County,99,Unclassified,,,False
51047,Culpeper County,11,"Agriculture, Forestry, Fishing and Hunting",218.0,248.0,True
51047,Culpeper County,21,"Mining, Quarrying, and Oil and Gas Extraction",66.0,,False
51047,Culpeper County,22,Utilities,,,False
51047,Culpeper County,23,Construction,970.0,,False
51047,Culpeper County,31-33,Manufacturing,1249.0,1175.0,True
51047,Culpeper County,42,Wholesale Trade,407.0,449.0,True
51047,Culpeper County,44-45,Retail Trade,2213.0,2353.0,True
51047,Culpeper County,48-49,Transportation and Warehousing,,,False
51047,Culpeper County,51,Information,394.0,,False
51047,Culpeper County,52,Finance and Insurance,196.0,202.0,True
51047,Culpeper County,53,Real Estate and Rental and Leasing,205.0,127.0,True
51047,Culpeper County,54,"Professional, Scientific, and Technical Services",644.0,1003.0,True
51047,Culpeper County,55,Management of Companies and Enterprises,44.0,71.0,True
51047,Culpeper County,56,Administrative and Support and Waste Management,724.0,963.0,True
51047,Culpeper County,61,Educational Services,123.0,95.0,True
51047,Culpeper County,62,Health Care and Social Assistance,2434.0,2293.0,True
51047,Culpeper County,71,"Arts, Entertainment, and Recreation",170.0,104.0,True
51047,Culpeper County,72,Accommodation and Food Services,1376.0,1288.0,True
51047,Culpeper County,81,Other Services,914.0,947.0,True
51047,Culpeper County,99,Unclassified,24.0,,False
51049,Cumberland County,11,"Agriculture, Forestry, Fishing and Hunting",71.0,43.0,True
51049,Cumberland County,22,Utilities,,,False
51049,Cumberland County,23,Construction,141.0,126.0,True
51049,Cumberland County,31-33,Manufacturing,119.0,144.0,True
51049,Cumberland County,42,Wholesale Trade,,35.0,False
51049,Cumberland County,44-45,Retail Trade,151.0,149.0,True
51049,Cumberland County,48-49,Transportation and Warehousing,,35.0,False
51049,Cumberland County,51,Information,,,False
51049,Cumberland County,52,Finance and Insurance,,18.0,False
51049,Cumberland County,53,Real Estate and Rental and Leasing,,,False
51049,Cumberland County,54,"Professional, Scientific, and Technical Services",,117.0,False
51049,Cumberland County,55,Management of Companies and Enterprises,,,False
51049,Cumberland County,56,Administrative and Support and Waste Management,36.0,,False
51049,Cumberland County,61,Educational Services,,,False
51049,Cumberland County,62,Health Care and Social Assistance,,,False
51049,Cumberland County,72,Accommodation and Food Services,30.0,40.0,True
51049,Cumberland County,81,Other Services,29.0,40.0,True
51049,Cumberland County,99,Unclassified,32.0,,False
51051,Dickenson County,11,"Agriculture, Forestry, Fishing and Hunting",13.0,,False
51051,Dickenson County,21,"Mining, Quarrying, and Oil and Gas Extraction",721.0,,False
51051,Dickenson County,23,Construction,168.0,,False
51051,Dickenson County,31-33,Manufacturing,22.0,,False
51051,Dickenson County,42,Wholesale Trade,28.0,,False
51051,Dickenson County,44-45,Retail Trade,362.0,364.0,True
51051,Dickenson County,48-49,Transportation and Warehousing,128.0,,False
51051,Dickenson County,51,Information,16.0,,False
51051,Dickenson County,52,Finance and Insurance,,,False
51051,Dickenson County,53,Real Estate and Rental and Leasing,,,False
51051,Dickenson County,54,"Professional, Scientific, and Technical Services",244.0,,False
51051,Dickenson County,55,Management of Companies and Enterprises,13.0,,False
51051,Dickenson County,56,Administrative and Support and Waste Management,77.0,80.0,True
51051,Dickenson County,61,Educational Services,,,False
51051,Dickenson County,62,Health Care and Social Assistance,352.0,385.0,True
51051,Dickenson County,71,"Arts, Entertainment, and Recreation",,,False
51051,Dickenson County,72,Accommodation and Food Services,,161.0,False
51051,Dickenson County,81,Other Services,60.0,47.0,True
51051,Dickenson County,99,Unclassified,15.0,,False
51053,Dinwiddie County,11,"Agriculture, Forestry, Fishing and Hunting",,,False
51053,Dinwiddie County,21,"Mining, Quarrying, and Oil and Gas Extraction",,,False
51053,Dinwiddie County,22,Utilities,,,False
51053,Dinwiddie County,23,Construction,412.0,,False
51053,Dinwiddie County,31-33,Manufacturing,700.0,792.0,True
51053,Dinwiddie County,42,Wholesale Trade,,,False
51053,Dinwiddie County,44-45,Retail Trade,529.0,618.0,True
51053,Dinwiddie County,48-49,Transportation and Warehousing,2474.0,2331.0,True
51053,Dinwiddie County,51,Information,,,False
51053,Dinwiddie County,52,Finance and Insurance,265.0,,False
51053,Dinwiddie County,53,Real Estate and Rental and Leasing,45.0,,False
51053,Dinwiddie County,54,"Professional, Scientific, and Technical Services",,72.0,False
51053,Dinwiddie County,55,Management of Companies and Enterprises,,60.0,False
51053,Dinwiddie County,56,Administrative and Support and Waste Management,769.0,336.0,True
51053,Dinwiddie County,61,Educational Services,,63.0,False
51053,Dinwiddie County,62,Health Care and Social Assistance,,379.0,False
51053,Dinwiddie County,71,"Arts, Entertainment, and Recreation",70.0,46.0,True
51053,Dinwiddie County,72,Accommodation and Food Services,282.0,318.0,True
51053,Dinwiddie County,81,Other Services,160.0,172.0,True
51053,Dinwiddie County,99,Unclassified,16.0,,False
51057,Essex County,11,"Agriculture, Forestry, Fishing and Hunting",70.0,,False
51057,Essex County,23,Construction,91.0,,False
51057,Essex County,31-33,Manufacturing,296.0,284.0,True
51057,Essex County,42,Wholesale Trade,166.0,201.0,True
51057,Essex County,44-45,Retail Trade,778.0,808.0,True
51057,Essex County,48-49,Transportation and Warehousing,28.0,31.0,True
51057,Essex County,51,Information,36.0,,False
51057,Essex County,52,Finance and Insurance,111.0,76.0,True
51057,Essex County,53,Real Estate and Rental and Leasing,27.0,31.0,True
51057,Essex County,54,"Professional, Scientific, and Technical Services",,,False
51057,Essex County,55,Management of Companies and Enterprises,,,False
51057,Essex County,56,Administrative and Support and Waste Management,160.0,234.0,True
51057,Essex County,61,Educational Services,,,False
51057,Essex County,62,Health Care and Social Assistance,,,False
51057,Essex County,71,"Arts, Entertainment, and Recreation",38.0,26.0,True
51057,Essex County,72,Accommodation and Food Services,415.0,392.0,True
51057,Essex County,81,Other Services,136.0,140.0,True
51057,Essex County,99,Unclassified,4.0,,False
51059,Fairfax County,11,"Agriculture, Forestry, Fishing and Hunting",63.0,82.0,True
51059,Fairfax County,21,"Mining, Quarrying, and Oil and Gas Extraction",269.0,69.0,True
51059,Fairfax County,22,Utilities,1321.0,1285.0,True
51059,Fairfax County,23,Construction,25061.0,26559.0,True
51059,Fairfax County,31-33,Manufacturing,5672.0,5532.0,True
51059,Fairfax County,42,Wholesale Trade,13824.0,12100.0,True
51059,Fairfax County,44-45,Retail Trade,52473.0,49306.0,True
51059,Fairfax County,48-49,Transportation and Warehousing,10100.0,11252.0,True
51059,Fairfax County,51,Information,20272.0,22130.0,True
51059,Fairfax County,52,Finance and Insurance,28105.0,25726.0,True
51059,Fairfax County,53,Real Estate and Rental and Leasing,10129.0,9419.0,True
51059,Fairfax County,54,"Professional, Scientific, and Technical Services",159986.0,154006.0,True
51059,Fairfax County,55,Management of Companies and Enterprises,20460.0,24482.0,True
51059,Fairfax County,56,Administrative and Support and Waste Management,43114.0,45451.0,True
51059,Fairfax County,61,Educational Services,11484.0,11036.0,True
51059,Fairfax County,62,Health Care and Social Assistance,60322.0,75707.0,True
51059,Fairfax County,71,"Arts, Entertainment, and Recreation",8703.0,9788.0,True
51059,Fairfax County,72,Accommodation and Food Services,46272.0,44087.0,True
51059,Fairfax County,81,Other Services,20625.0,18879.0,True
51059,Fairfax County,99,Unclassified,1305.0,1235.0,True
51061,Fauquier County,11,"Agriculture, Forestry, Fishing and Hunting",,,False
51061,Fauquier County,21,"Mining, Quarrying, and Oil and Gas Extraction",,,False
51061,Fauquier County,22,Utilities,116.0,128.0,True
51061,Fauquier County,23,Construction,2530.0,2622.0,True
51061,Fauquier County,31-33,Manufacturing,923.0,,False
51061,Fauquier County,42,Wholesale Trade,485.0,474.0,True
51061,Fauquier County,44-45,Retail Trade,2873.0,2903.0,True
51061,Fauquier County,48-49,Transportation and Warehousing,239.0,372.0,True
51061,Fauquier County,51,Information,181.0,,False
51061,Fauquier County,52,Finance and Insurance,553.0,580.0,True
51061,Fauquier County,53,Real Estate and Rental and Leasing,258.0,218.0,True
51061,Fauquier County,54,"Professional, Scientific, and Technical Services",1727.0,2322.0,True
51061,Fauquier County,55,Management of Companies and Enterprises,169.0,,False
51061,Fauquier County,56,Administrative and Support and Waste Management,645.0,,False
51061,Fauquier County,61,Educational Services,484.0,638.0,True
51061,Fauquier County,62,Health Care and Social Assistance,2549.0,2701.0,True
51061,Fauquier County,71,"Arts, Entertainment, and Recreation",306.0,291.0,True
51061,Fauquier County,72,Accommodation and Food Services,2293.0,2025.0,True
51061,Fauquier County,81,Other Services,1080.0,1447.0,True
51061,Fauquier County,99,Unclassified,34.0,,False
51063,Floyd County,11,"Agriculture, Forestry, Fishing and Hunting",,,False
51063,Floyd County,21,"Mining, Quarrying, and Oil and Gas Extraction",,,False
51063,Floyd County,23,Construction,254.0,,False
51063,Floyd County,31-33,Manufacturing,408.0,383.0,True
51063,Floyd County,42,Wholesale Trade,32.0,32.0,True
51063,Floyd County,44-45,Retail Trade,381.0,413.0,True
51063,Floyd County,48-49,Transportation and Warehousing,16.0,11.0,True
51063,Floyd County,51,Information,,,False
51063,Floyd County,52,Finance and Insurance,,75.0,False
51063,Floyd County,53,Real Estate and Rental and Leasing,,,False
51063,Floyd County,54,"Professional, Scientific, and Technical Services",65.0,96.0,True
51063,Floyd County,55,Management of Companies and Enterprises,,,False
51063,Floyd County,56,Administrative and Support and Waste Management,160.0,94.0,True
51063,Floyd County,61,Educational Services,25.0,43.0,True
51063,Floyd County,62,Health Care and Social Assistance,790.0,922.0,True
51063,Floyd County,71,"Arts, Entertainment, and Recreation",38.0,31.0,True
51063,Floyd County,72,Accommodation and Food Services,232.0,262.0,True
51063,Floyd County,81,Other Services,131.0,196.0,True
51063,Floyd County,99,Unclassified,,,False
51065,Fluvanna County,11,"Agriculture, Forestry, Fishing and Hunting",91.0,,False
51065,Fluvanna County,21,"Mining, Quarrying, and Oil and Gas Extraction",,,False
51065,Fluvanna County,22,Utilities,55.0,,False
51065,Fluvanna County,23,Construction,493.0,688.0,True
51065,Fluvanna County,31-33,Manufacturing,163.0,258.0,True
51065,Fluvanna County,42,Wholesale Trade,99.0,,False
51065,Fluvanna County,44-45,Retail Trade,302.0,392.0,True
51065,Fluvanna County,48-49,Transportation and Warehousing,72.0,63.0,True
51065,Fluvanna County,51,Information,23.0,59.0,True
51065,Fluvanna County,52,Finance and Insurance,48.0,136.0,True
51065,Fluvanna County,53,Real Estate and Rental and Leasing,36.0,51.0,True
51065,Fluvanna County,54,"Professional, Scientific, and Technical Services",,,False
51065,Fluvanna County,55,Management of Companies and Enterprises,,,False
51065,Fluvanna County,56,Administrative and Support and Waste Management,329.0,315.0,True
51065,Fluvanna County,61,Educational Services,194.0,168.0,True
51065,Fluvanna County,62,Health Care and Social Assistance,325.0,367.0,True
51065,Fluvanna County,71,"Arts, Entertainment, and Recreation",23.0,24.0,True
51065,Fluvanna County,72,Accommodation and Food Services,298.0,219.0,True
51065,Fluvanna County,81,Other Services,207.0,210.0,True
51065,Fluvanna County,99,Unclassified,19.0,28.0,True
51067,Franklin County,11,"Agriculture, Forestry, Fishing and Hunting",,,False
51067,Franklin County,21,"Mining, Quarrying, and Oil and Gas Extraction",,,False
51067,Franklin County,22,Utilities,,,False
51067,Franklin County,23,Construction,1195.0,1492.0,True
51067,Franklin County,31-33,Manufacturing,3142.0,3262.0,True
51067,Franklin County,42,Wholesale Trade,412.0,419.0,True
51067,Franklin County,44-45,Retail Trade,1857.0,1968.0,True
51067,Franklin County,48-49,Transportation and Warehousing,,,False
51067,Franklin County,51,Information,82.0,109.0,True
51067,Franklin County,52,Finance and Insurance,223.0,330.0,True
51067,Franklin County,53,Real Estate and Rental and Leasing,99.0,93.0,True
51067,Franklin County,54,"Professional, Scientific, and Technical Services",284.0,387.0,True
51067,Franklin County,55,Management of Companies and Enterprises,43.0,49.0,True
51067,Franklin County,56,Administrative and Support and Waste Management,820.0,756.0,True
51067,Franklin County,61,Educational Services,395.0,,False
51067,Franklin County,62,Health Care and Social Assistance,1714.0,,False
51067,Franklin County,71,"Arts, Entertainment, and Recreation",203.0,360.0,True
51067,Franklin County,72,Accommodation and Food Services,1089.0,1217.0,True
51067,Franklin County,81,Other Services,576.0,430.0,True
51067,Franklin County,99,Unclassified,69.0,81.0,True
51069,Frederick County,11,"Agriculture, Forestry, Fishing and Hunting",,,False
51069,Frederick County,21,"Mining, Quarrying, and Oil and Gas Extraction",,,False
51069,Frederick County,22,Utilities,89.0,,False
51069,Frederick County,23,Construction,2298.0,2311.0,True
51069,Frederick County,31-33,Manufacturing,5929.0,6335.0,True
51069,Frederick County,42,Wholesale Trade,1197.0,,False
51069,Frederick County,44-45,Retail Trade,3425.0,4398.0,True
51069,Frederick County,48-49,Transportation and Warehousing,3533.0,4453.0,True
51069,Frederick County,51,Information,273.0,220.0,True
51069,Frederick County,52,Finance and Insurance,2121.0,2953.0,True
51069,Frederick County,53,Real Estate and Rental and Leasing,236.0,321.0,True
51069,Frederick County,54,"Professional, Scientific, and Technical Services",841.0,1220.0,True
51069,Frederick County,55,Management of Companies and Enterprises,165.0,444.0,True
51069,Frederick County,56,Administrative and Support and Waste Management,1578.0,1780.0,True
51069,Frederick County,61,Educational Services,143.0,207.0,True
51069,Frederick County,62,Health Care and Social Assistance,1569.0,2071.0,True
51069,Frederick County,71,"Arts, Entertainment, and Recreation",268.0,406.0,True
51069,Frederick County,72,Accommodation and Food Services,2343.0,2448.0,True
51069,Frederick County,81,Other Services,798.0,893.0,True
51069,Frederick County,99,Unclassified,43.0,83.0,True
51071,Giles County,11,"Agriculture, Forestry, Fishing and Hunting",,,False
51071,Giles County,21,"Mining, Quarrying, and Oil and Gas Extraction",,,False
51071,Giles County,22,Utilities,,,False
51071,Giles County,23,Construction,,,False
51071,Giles County,31-33,Manufacturing,863.0,855.0,True
51071,Giles County,42,Wholesale Trade,,,False
51071,Giles County,44-45,Retail Trade,618.0,817.0,True
51071,Giles County,48-49,Transportation and Warehousing,68.0,54.0,True
51071,Giles County,51,Information,23.0,,False
51071,Giles County,52,Finance and Insurance,72.0,72.0,True
51071,Giles County,53,Real Estate and Rental and Leasing,8.0,18.0,True
51071,Giles County,54,"Professional, Scientific, and Technical Services",284.0,266.0,True
51071,Giles County,55,Management of Companies and Enterprises,,,False
51071,Giles County,56,Administrative and Support and Waste Management,,,False
51071,Giles County,61,Educational Services,,,False
51071,Giles County,62,Health Care and Social Assistance,559.0,,False
51071,Giles County,71,"Arts, Entertainment, and Recreation",20.0,26.0,True
51071,Giles County,72,Accommodation and Food Services,437.0,453.0,True
51071,Giles County,81,Other Services,160.0,189.0,True
51071,Giles County,99,Unclassified,6.0,,False
51073,Gloucester County,11,"Agriculture, Forestry, Fishing and Hunting",,,False
51073,Gloucester County,21,"Mining, Quarrying, and Oil and Gas Extraction",,,False
51073,Gloucester County,22,Utilities,,,False
51073,Gloucester County,23,Construction,596.0,606.0,True
51073,Gloucester County,31-33,Manufacturing,141.0,153.0,True
51073,Gloucester County,42,Wholesale Trade,,,False
51073,Gloucester County,44-45,Retail Trade,1946.0,1863.0,True
51073,Gloucester County,48-49,Transportation and Warehousing,222.0,203.0,True
51073,Gloucester County,51,Information,73.0,50.0,True
51073,Gloucester County,52,Finance and Insurance,192.0,214.0,True
51073,Gloucester County,53,Real Estate and Rental and Leasing,93.0,146.0,True
51073,Gloucester County,54,"Professional, Scientific, and Technical Services",253.0,,False
51073,Gloucester County,55,Management of Companies and Enterprises,,,False
51073,Gloucester County,56,Administrative and Support and Waste Management,,332.0,False
51073,Gloucester County,61,Educational Services,37.0,85.0,True
51073,Gloucester County,62,Health Care and Social Assistance,1643.0,1740.0,True
51073,Gloucester County,71,"Arts, Entertainment, and Recreation",125.0,92.0,True
51073,Gloucester County,72,Accommodation and Food Services,1098.0,1187.0,True
51073,Gloucester County,81,Other Services,389.0,556.0,True
51073,Gloucester County,99,Unclassified,28.0,14.0,True
51075,Goochland County,11,"Agriculture, Forestry, Fishing and Hunting",61.0,,False
51075,Goochland County,21,"Mining, Quarrying, and Oil and Gas Extraction",94.0,108.0,True
51075,Goochland County,23,Construction,1000.0,1227.0,True
51075,Goochland County,31-33,Manufacturing,462.0,,False
51075,Goochland County,42,Wholesale Trade,436.0,439.0,True
51075,Goochland County,44-45,Retail Trade,595.0,981.0,True
51075,Goochland County,48-49,Transportation and Warehousing,187.0,130.0,True
51075,Goochland County,51,Information,,,False
51075,Goochland County,52,Finance and Insurance,,,False
51075,Goochland County,53,Real Estate and Rental and Leasing,157.0,,False
51075,Goochland County,54,"Professional, Scientific, and Technical Services",474.0,424.0,True
51075,Goochland County,55,Management of Companies and Enterprises,2039.0,2008.0,True
51075,Goochland County,56,Administrative and Support and Waste Management,638.0,629.0,True
51075,Goochland County,61,Educational Services,88.0,127.0,True
51075,Goochland County,62,Health Care and Social Assistance,530.0,967.0,True
51075,Goochland County,71,"Arts, Entertainment, and Recreation",521.0,682.0,True
51075,Goochland County,72,Accommodation and Food Services,514.0,663.0,True
51075,Goochland County,81,Other Services,402.0,385.0,True
51075,Goochland County,99,Unclassified,35.0,,False
51077,Grayson County,11,"Agriculture, Forestry, Fishing and Hunting",,84.0,False
51077,Grayson County,21,"Mining, Quarrying, and Oil and Gas Extraction",,,False
51077,Grayson County,22,Utilities,,,False
51077,Grayson County,23,Construction,41.0,,False
51077,Grayson County,31-33,Manufacturing,407.0,354.0,True
51077,Grayson County,42,Wholesale Trade,,32.0,False
51077,Grayson County,44-45,Retail Trade,174.0,232.0,True
51077,Grayson County,48-49,Transportation and Warehousing,27.0,,False
51077,Grayson County,51,Information,,,False
51077,Grayson County,52,Finance and Insurance,106.0,98.0,True
51077,Grayson County,53,Real Estate and Rental and Leasing,15.0,10.0,True
51077,Grayson County,54,"Professional, Scientific, and Technical Services",21.0,,False
51077,Grayson County,55,Management of Companies and Enterprises,,,False
51077,Grayson County,56,Administrative and Support and Waste Management,,,False
51077,Grayson County,61,Educational Services,,,False
51077,Grayson County,62,Health Care and Social Assistance,,,False
51077,Grayson County,71,"Arts, Entertainment, and Recreation",,,False
51077,Grayson County,72,Accommodation and Food Services,,,False
51077,Grayson County,81,Other Services,44.0,,False
51077,Grayson County,99,Unclassified,,,False
51079,Greene County,11,"Agriculture, Forestry, Fishing and Hunting",,,False
51079,Greene County,21,"Mining, Quarrying, and Oil and Gas Extraction",,,False
51079,Greene County,22,Utilities,,,False
51079,Greene County,23,Construction,312.0,305.0,True
51079,Greene County,31-33,Manufacturing,71.0,44.0,True
51079,Greene County,42,Wholesale Trade,66.0,,False
51079,Greene County,44-45,Retail Trade,728.0,792.0,True
51079,Greene County,48-49,Transportation and Warehousing,,,False
51079,Greene County,51,Information,13.0,15.0,True
51079,Greene County,52,Finance and Insurance,46.0,89.0,True
51079,Greene County,53,Real Estate and Rental and Leasing,27.0,34.0,True
51079,Greene County,54,"Professional, Scientific, and Technical Services",251.0,164.0,True
51079,Greene County,55,Management of Companies and Enterprises,,,False
51079,Greene County,56,Administrative and Support and Waste Management,,202.0,False
51079,Greene County,61,Educational Services,,,False
51079,Greene County,62,Health Care and Social Assistance,,,False
51079,Greene County,71,"Arts, Entertainment, and Recreation",52.0,52.0,True
51079,Greene County,72,Accommodation and Food Services,351.0,422.0,True
51079,Greene County,81,Other Services,164.0,170.0,True
51079,Greene County,99,Unclassified,4.0,17.0,True
51081,Greensville County,11,"Agriculture, Forestry, Fishing and Hunting",,,False
51081,Greensville County,21,"Mining, Quarrying, and Oil and Gas Extraction",,,False
51081,Greensville County,22,Utilities,,,False
51081,Greensville County,23,Construction,75.0,128.0,True
51081,Greensville County,31-33,Manufacturing,1267.0,560.0,True
51081,Greensville County,42,Wholesale Trade,,,False
51081,Greensville County,44-45,Retail Trade,176.0,243.0,True
51081,Greensville County,48-49,Transportation and Warehousing,74.0,196.0,True
51081,Greensville County,51,Information,,,False
51081,Greensville County,52,Finance and Insurance,,,False
51081,Greensville County,53,Real Estate and Rental and Leasing,,,False
51081,Greensville County,54,"Professional, Scientific, and Technical Services",,,False
51081,Greensville County,55,Management of Companies and Enterprises,,,False
51081,Greensville County,56,Administrative and Support and Waste Management,139.0,86.0,True
51081,Greensville County,61,Educational Services,,,False
51081,Greensville County,62,Health Care and Social Assistance,374.0,,False
51081,Greensville County,71,"Arts, Entertainment, and Recreation",,,False
51081,Greensville County,72,Accommodation and Food Services,,,False
51081,Greensville County,81,Other Services,35.0,,False
51081,Greensville County,99,Unclassified,15.0,,False
51083,Halifax County,11,"Agriculture, Forestry, Fishing and Hunting",,,False
51083,Halifax County,21,"Mining, Quarrying, and Oil and Gas Extraction",,,False
51083,Halifax County,22,Utilities,,,False
51083,Halifax County,23,Construction,554.0,846.0,True
51083,Halifax County,31-33,Manufacturing,1975.0,1961.0,True
51083,Halifax County,42,Wholesale Trade,,,False
51083,Halifax County,44-45,Retail Trade,1252.0,1230.0,True
51083,Halifax County,48-49,Transportation and Warehousing,1020.0,1013.0,True
51083,Halifax County,51,Information,73.0,43.0,True
51083,Halifax County,52,Finance and Insurance,200.0,174.0,True
51083,Halifax County,53,Real Estate and Rental and Leasing,122.0,57.0,True
51083,Halifax County,54,"Professional, Scientific, and Technical Services",192.0,236.0,True
51083,Halifax County,55,Management of Companies and Enterprises,48.0,35.0,True
51083,Halifax County,56,Administrative and Support and Waste Management,353.0,224.0,True
51083,Halifax County,61,Educational Services,,,False
51083,Halifax County,62,Health Care and Social Assistance,,,False
51083,Halifax County,71,"Arts, Entertainment, and Recreation",293.0,308.0,True
51083,Halifax County,72,Accommodation and Food Services,830.0,853.0,True
51083,Halifax County,81,Other Services,329.0,306.0,True
51083,Halifax County,99,Unclassified,14.0,50.0,True
51085,Hanover County,11,"Agriculture, Forestry, Fishing and Hunting",,,False
51085,Hanover County,21,"Mining, Quarrying, and Oil and Gas Extraction",,,False
51085,Hanover County,22,Utilities,41.0,,False
51085,Hanover County,23,Construction,5513.0,6468.0,True
51085,Hanover County,31-33,Manufacturing,3547.0,3444.0,True
51085,Hanover County,42,Wholesale Trade,4748.0,,False
51085,Hanover County,44-45,Retail Trade,7269.0,7715.0,True
51085,Hanover County,48-49,Transportation and Warehousing,2793.0,,False
51085,Hanover County,51,Information,558.0,408.0,True
51085,Hanover County,52,Finance and Insurance,646.0,791.0,True
51085,Hanover County,53,Real Estate and Rental and Leasing,593.0,764.0,True
51085,Hanover County,54,"Professional, Scientific, and Technical Services",2476.0,2406.0,True
51085,Hanover County,55,Management of Companies and Enterprises,1390.0,444.0,True
51085,Hanover County,56,Administrative and Support and Waste Management,3601.0,3903.0,True
51085,Hanover County,61,Educational Services,792.0,889.0,True
51085,Hanover County,62,Health Care and Social Assistance,6581.0,6774.0,True
51085,Hanover County,71,"Arts, Entertainment, and Recreation",2053.0,2254.0,True
51085,Hanover County,72,Accommodation and Food Services,4161.0,4029.0,True
51085,Hanover County,81,Other Services,1863.0,1731.0,True
51085,Hanover County,99,Unclassified,96.0,171.0,True
51087,Henrico County,11,"Agriculture, Forestry, Fishing and Hunting",57.0,,False
51087,Henrico County,21,"Mining, Quarrying, and Oil and Gas Extraction",11.0,,False
51087,Henrico County,22,Utilities,587.0,596.0,True
51087,Henrico County,23,Construction,8948.0,12190.0,True
51087,Henrico County,31-33,Manufacturing,7235.0,,False
51087,Henrico County,42,Wholesale Trade,7353.0,7041.0,True
51087,Henrico County,44-45,Retail Trade,22460.0,20297.0,True
51087,Henrico County,48-49,Transportation and Warehousing,3925.0,8876.0,True
51087,Henrico County,51,Information,3023.0,,False
51087,Henrico County,52,Finance and Insurance,16236.0,11163.0,True
51087,Henrico County,53,Real Estate and Rental and Leasing,4198.0,4744.0,True
51087,Henrico County,54,"Professional, Scientific, and Technical Services",17268.0,20276.0,True
51087,Henrico County,55,Management of Companies and Enterprises,8430.0,7839.0,True
51087,Henrico County,56,Administrative and Support and Waste Management,15934.0,13778.0,True
51087,Henrico County,61,Educational Services,2525.0,2827.0,True
51087,Henrico County,62,Health Care and Social Assistance,28355.0,27470.0,True
51087,Henrico County,71,"Arts, Entertainment, and Recreation",2691.0,3734.0,True
51087,Henrico County,72,Accommodation and Food Services,16591.0,15139.0,True
51087,Henrico County,81,Other Services,6560.0,6110.0,True
51087,Henrico County,99,Unclassified,405.0,,False
51089,Henry County,11,"Agriculture, Forestry, Fishing and Hunting",,,False
51089,Henry County,21,"Mining, Quarrying, and Oil and Gas Extraction",,,False
51089,Henry County,22,Utilities,,,False
51089,Henry County,23,Construction,431.0,437.0,True
51089,Henry County,31-33,Manufacturing,4163.0,4229.0,True
51089,Henry County,42,Wholesale Trade,,,False
51089,Henry County,44-45,Retail Trade,2083.0,1933.0,True
51089,Henry County,48-49,Transportation and Warehousing,1142.0,1044.0,True
51089,Henry County,51,Information,155.0,179.0,True
51089,Henry County,52,Finance and Insurance,280.0,193.0,True
51089,Henry County,53,Real Estate and Rental and Leasing,92.0,75.0,True
51089,Henry County,54,"Professional, Scientific, and Technical Services",,,False
51089,Henry County,55,Management of Companies and Enterprises,,,False
51089,Henry County,56,Administrative and Support and Waste Management,1223.0,891.0,True
51089,Henry County,61,Educational Services,,69.0,False
51089,Henry County,62,Health Care and Social Assistance,,1698.0,False
51089,Henry County,71,"Arts, Entertainment, and Recreation",112.0,88.0,True
51089,Henry County,72,Accommodation and Food Services,946.0,863.0,True
51089,Henry County,81,Other Services,431.0,388.0,True
51089,Henry County,99,Unclassified,45.0,18.0,True
51091,Highland County,11,"Agriculture, Forestry, Fishing and Hunting",14.0,,False
51091,Highland County,23,Construction,39.0,47.0,True
51091,Highland County,31-33,Manufacturing,22.0,,False
51091,Highland County,42,Wholesale Trade,,,False
51091,Highland County,44-45,Retail Trade,42.0,,False
51091,Highland County,48-49,Transportation and Warehousing,,,False
51091,Highland County,51,Information,,108.0,False
51091,Highland County,52,Finance and Insurance,,,False
51091,Highland County,53,Real Estate and Rental and Leasing,,,False
51091,Highland County,54,"Professional, Scientific, and Technical Services",11.0,25.0,True
51091,Highland County,55,Management of Companies and Enterprises,,,False
51091,Highland County,56,Administrative and Support and Waste Management,,16.0,False
51091,Highland County,61,Educational Services,,,False
51091,Highland County,62,Health Care and Social Assistance,,,False
51091,Highland County,71,"Arts, Entertainment, and Recreation",,,False
51091,Highland County,72,Accommodation and Food Services,,,False
51091,Highland County,81,Other Services,21.0,,False
51091,Highland County,99,Unclassified,0.0,,False
51093,Isle of Wight County,11,"Agriculture, Forestry, Fishing and Hunting",216.0,,False
51093,Isle of Wight County,21,"Mining, Quarrying, and Oil and Gas Extraction",,,False
51093,Isle of Wight County,22,Utilities,,,False
51093,Isle of Wight County,23,Construction,429.0,538.0,True
51093,Isle of Wight County,31-33,Manufacturing,3108.0,1730.0,True
51093,Isle of Wight County,42,Wholesale Trade,,,False
51093,Isle of Wight County,44-45,Retail Trade,943.0,1157.0,True
51093,Isle of Wight County,48-49,Transportation and Warehousing,632.0,371.0,True
51093,Isle of Wight County,51,Information,31.0,11.0,True
51093,Isle of Wight County,52,Finance and Insurance,200.0,156.0,True
51093,Isle of Wight County,53,Real Estate and Rental and Leasing,75.0,96.0,True
51093,Isle of Wight County,54,"Professional, Scientific, and Technical Services",345.0,289.0,True
51093,Isle of Wight County,55,Management of Companies and Enterprises,283.0,375.0,True
51093,Isle of Wight County,56,Administrative and Support and Waste Management,552.0,315.0,True
51093,Isle of Wight County,61,Educational Services,,,False
51093,Isle of Wight County,62,Health Care and Social Assistance,,,False
51093,Isle of Wight County,71,"Arts, Entertainment, and Recreation",71.0,180.0,True
51093,Isle of Wight County,72,Accommodation and Food Services,935.0,1115.0,True
51093,Isle of Wight County,81,Other Services,414.0,327.0,True
51093,Isle of Wight County,99,Unclassified,44.0,36.0,True
51095,James City County,11,"Agriculture, Forestry, Fishing and Hunting",,,False
51095,James City County,21,"Mining, Quarrying, and Oil and Gas Extraction",,,False
51095,James City County,22,Utilities,,,False
51095,James City County,23,Construction,1490.0,1650.0,True
51095,James City County,31-33,Manufacturing,1806.0,1676.0,True
51095,James City County,42,Wholesale Trade,,,False
51095,James City County,44-45,Retail Trade,3821.0,3609.0,True
51095,James City County,48-49,Transportation and Warehousing,1305.0,1175.0,True
51095,James City County,51,Information,151.0,160.0,True
51095,James City County,52,Finance and Insurance,461.0,555.0,True
51095,James City County,53,Real Estate and Rental and Leasing,819.0,869.0,True
51095,James City County,54,"Professional, Scientific, and Technical Services",1422.0,1672.0,True
51095,James City County,55,Management of Companies and Enterprises,1013.0,224.0,True
51095,James City County,56,Administrative and Support and Waste Management,1223.0,1385.0,True
51095,James City County,61,Educational Services,300.0,252.0,True
51095,James City County,62,Health Care and Social Assistance,3919.0,4627.0,True
51095,James City County,71,"Arts, Entertainment, and Recreation",3085.0,3006.0,True
51095,James City County,72,Accommodation and Food Services,3585.0,3046.0,True
51095,James City County,81,Other Services,698.0,989.0,True
51095,James City County,99,Unclassified,61.0,93.0,True
51097,King and Queen County,11,"Agriculture, Forestry, Fishing and Hunting",,86.0,False
51097,King and Queen County,21,"Mining, Quarrying, and Oil and Gas Extraction",,,False
51097,King and Queen County,22,Utilities,,,False
51097,King and Queen County,23,Construction,94.0,142.0,True
51097,King and Queen County,31-33,Manufacturing,141.0,47.0,True
51097,King and Queen County,42,Wholesale Trade,,,False
51097,King and Queen County,44-45,Retail Trade,55.0,,False
51097,King and Queen County,48-49,Transportation and Warehousing,74.0,77.0,True
51097,King and Queen County,51,Information,,,False
51097,King and Queen County,52,Finance and Insurance,5.0,,False
51097,King and Queen County,53,Real Estate and Rental and Leasing,,,False
51097,King and Queen County,54,"Professional, Scientific, and Technical Services",58.0,98.0,True
51097,King and Queen County,55,Management of Companies and Enterprises,,,False
51097,King and Queen County,56,Administrative and Support and Waste Management,32.0,70.0,True
51097,King and Queen County,61,Educational Services,,,False
51097,King and Queen County,62,Health Care and Social Assistance,66.0,,False
51097,King and Queen County,71,"Arts, Entertainment, and Recreation",,,False
51097,King and Queen County,72,Accommodation and Food Services,71.0,,False
51097,King and Queen County,81,Other Services,22.0,,False
51097,King and Queen County,99,Unclassified,12.0,,False
51099,King George County,11,"Agriculture, Forestry, Fishing and Hunting",,,False
51099,King George County,21,"Mining, Quarrying, and Oil and Gas Extraction",,,False
51099,King George County,22,Utilities,,,False
51099,King George County,23,Construction,288.0,381.0,True
51099,King George County,31-33,Manufacturing,85.0,,False
51099,King George County,42,Wholesale Trade,,120.0,False
51099,King George County,44-45,Retail Trade,814.0,926.0,True
51099,King George County,48-49,Transportation and Warehousing,124.0,69.0,True
51099,King George County,51,Information,93.0,,False
51099,King George County,52,Finance and Insurance,103.0,89.0,True
51099,King George County,53,Real Estate and Rental and Leasing,77.0,46.0,True
51099,King George County,54,"Professional, Scientific, and Technical Services",2050.0,3014.0,True
51099,King George County,55,Management of Companies and Enterprises,,,False
51099,King George County,56,Administrative and Support and Waste Management,,,False
51099,King George County,61,Educational Services,8.0,,False
51099,King George County,62,Health Care and Social Assistance,377.0,,False
51099,King George County,71,"Arts, Entertainment, and Recreation",31.0,69.0,True
51099,King George County,72,Accommodation and Food Services,580.0,601.0,True
51099,King George County,81,Other Services,275.0,271.0,True
51099,King George County,99,Unclassified,15.0,,False
51101,King William County,11,"Agriculture, Forestry, Fishing and Hunting",,61.0,False
51101,King William County,21,"Mining, Quarrying, and Oil and Gas Extraction",,,False
51101,King William County,22,Utilities,,,False
51101,King William County,23,Construction,272.0,,False
51101,King William County,31-33,Manufacturing,659.0,775.0,True
51101,King William County,42,Wholesale Trade,74.0,,False
51101,King William County,44-45,Retail Trade,472.0,429.0,True
51101,King William County,48-49,Transportation and Warehousing,347.0,383.0,True
51101,King William County,51,Information,,,False
51101,King William County,52,Finance and Insurance,97.0,105.0,True
51101,King William County,53,Real Estate and Rental and Leasing,31.0,25.0,True
51101,King William County,54,"Professional, Scientific, and Technical Services",153.0,108.0,True
51101,King William County,56,Administrative and Support and Waste Management,170.0,162.0,True
51101,King William County,61,Educational Services,,,False
51101,King William County,62,Health Care and Social Assistance,,,False
51101,King William County,71,"Arts, Entertainment, and Recreation",44.0,68.0,True
51101,King William County,72,Accommodation and Food Services,317.0,321.0,True
51101,King William County,81,Other Services,147.0,195.0,True
51101,King William County,99,Unclassified,,,False
51103,Lancaster County,11,"Agriculture, Forestry, Fishing and Hunting",33.0,16.0,True
51103,Lancaster County,22,Utilities,,,False
51103,Lancaster County,23,Construction,309.0,332.0,True
51103,Lancaster County,31-33,Manufacturing,130.0,268.0,True
51103,Lancaster County,42,Wholesale Trade,,,False
51103,Lancaster County,44-45,Retail Trade,678.0,654.0,True
51103,Lancaster County,48-49,Transportation and Warehousing,81.0,116.0,True
51103,Lancaster County,51,Information,66.0,52.0,True
51103,Lancaster County,52,Finance and Insurance,246.0,201.0,True
51103,Lancaster County,53,Real Estate and Rental and Leasing,72.0,77.0,True
51103,Lancaster County,54,"Professional, Scientific, and Technical Services",155.0,140.0,True
51103,Lancaster County,55,Management of Companies and Enterprises,,,False
51103,Lancaster County,56,Administrative and Support and Waste Management,,,False
51103,Lancaster County,61,Educational Services,,,False
51103,Lancaster County,62,Health Care and Social Assistance,,,False
51103,Lancaster County,71,"Arts, Entertainment, and Recreation",28.0,123.0,True
51103,Lancaster County,72,Accommodation and Food Services,552.0,594.0,True
51103,Lancaster County,81,Other Services,249.0,216.0,True
51103,Lancaster County,99,Unclassified,25.0,60.0,True
51105,Lee County,11,"Agriculture, Forestry, Fishing and Hunting",32.0,24.0,True
51105,Lee County,21,"Mining, Quarrying, and Oil and Gas Extraction",27.0,64.0,True
51105,Lee County,22,Utilities,50.0,50.0,True
51105,Lee County,23,Construction,191.0,195.0,True
51105,Lee County,31-33,Manufacturing,173.0,144.0,True
51105,Lee County,42,Wholesale Trade,99.0,106.0,True
51105,Lee County,44-45,Retail Trade,660.0,663.0,True
51105,Lee County,48-49,Transportation and Warehousing,65.0,41.0,True
51105,Lee County,51,Information,21.0,14.0,True
51105,Lee County,52,Finance and Insurance,95.0,92.0,True
51105,Lee County,53,Real Estate and Rental and Leasing,18.0,29.0,True
51105,Lee County,54,"Professional, Scientific, and Technical Services",42.0,49.0,True
51105,Lee County,55,Management of Companies and Enterprises,73.0,59.0,True
51105,Lee County,56,Administrative and Support and Waste Management,82.0,91.0,True
51105,Lee County,61,Educational Services,,,False
51105,Lee County,62,Health Care and Social Assistance,661.0,,False
51105,Lee County,71,"Arts, Entertainment, and Recreation",,,False
51105,Lee County,72,Accommodation and Food Services,,,False
51105,Lee County,81,Other Services,68.0,70.0,True
51105,Lee County,99,Unclassified,5.0,3.0,True
51107,Loudoun County,11,"Agriculture, Forestry, Fishing and Hunting",,,False
51107,Loudoun County,21,"Mining, Quarrying, and Oil and Gas Extraction",,,False
51107,Loudoun County,22,Utilities,146.0,,False
51107,Loudoun County,23,Construction,17250.0,24219.0,True
51107,Loudoun County,31-33,Manufacturing,7888.0,7452.0,True
51107,Loudoun County,42,Wholesale Trade,3386.0,,False
51107,Loudoun County,44-45,Retail Trade,17725.0,17299.0,True
51107,Loudoun County,48-49,Transportation and Warehousing,11877.0,13337.0,True
51107,Loudoun County,51,Information,7277.0,7338.0,True
51107,Loudoun County,52,Finance and Insurance,3741.0,4162.0,True
51107,Loudoun County,53,Real Estate and Rental and Leasing,2273.0,2353.0,True
51107,Loudoun County,54,"Professional, Scientific, and Technical Services",21149.0,25626.0,True
51107,Loudoun County,55,Management of Companies and Enterprises,1412.0,1935.0,True
51107,Loudoun County,56,Administrative and Support and Waste Management,10094.0,12408.0,True
51107,Loudoun County,61,Educational Services,3467.0,3324.0,True
51107,Loudoun County,62,Health Care and Social Assistance,13647.0,19235.0,True
51107,Loudoun County,71,"Arts, Entertainment, and Recreation",3535.0,3924.0,True
51107,Loudoun County,72,Accommodation and Food Services,16791.0,18363.0,True
51107,Loudoun County,81,Other Services,5719.0,6457.0,True
51107,Loudoun County,99,Unclassified,506.0,604.0,True
51109,Louisa County,11,"Agriculture, Forestry, Fishing and Hunting",,,False
51109,Louisa County,21,"Mining, Quarrying, and Oil and Gas Extraction",,,False
51109,Louisa County,22,Utilities,,1016.0,False
51109,Louisa County,23,Construction,844.0,,False
51109,Louisa County,31-33,Manufacturing,1245.0,,False
51109,Louisa County,42,Wholesale Trade,290.0,,False
51109,Louisa County,44-45,Retail Trade,1199.0,1166.0,True
51109,Louisa County,48-49,Transportation and Warehousing,,,False
51109,Louisa County,51,Information,9.0,,False
51109,Louisa County,52,Finance and Insurance,105.0,154.0,True
51109,Louisa County,53,Real Estate and Rental and Leasing,40.0,147.0,True
51109,Louisa County,54,"Professional, Scientific, and Technical Services",247.0,259.0,True
51109,Louisa County,55,Management of Companies and Enterprises,46.0,49.0,True
51109,Louisa County,56,Administrative and Support and Waste Management,540.0,448.0,True
51109,Louisa County,61,Educational Services,3.0,,False
51109,Louisa County,62,Health Care and Social Assistance,558.0,,False
51109,Louisa County,71,"Arts, Entertainment, and Recreation",53.0,116.0,True
51109,Louisa County,72,Accommodation and Food Services,522.0,757.0,True
51109,Louisa County,81,Other Services,207.0,232.0,True
51109,Louisa County,99,Unclassified,45.0,,False
51111,Lunenburg County,11,"Agriculture, Forestry, Fishing and Hunting",73.0,50.0,True
51111,Lunenburg County,23,Construction,178.0,108.0,True
51111,Lunenburg County,31-33,Manufacturing,442.0,290.0,True
51111,Lunenburg County,42,Wholesale Trade,119.0,48.0,True
51111,Lunenburg County,44-45,Retail Trade,178.0,186.0,True
51111,Lunenburg County,48-49,Transportation and Warehousing,57.0,34.0,True
51111,Lunenburg County,51,Information,,,False
51111,Lunenburg County,52,Finance and Insurance,,,False
51111,Lunenburg County,53,Real Estate and Rental and Leasing,,,False
51111,Lunenburg County,54,"Professional, Scientific, and Technical Services",,41.0,False
51111,Lunenburg County,55,Management of Companies and Enterprises,,,False
51111,Lunenburg County,56,Administrative and Support and Waste Management,49.0,,False
51111,Lunenburg County,61,Educational Services,,,False
51111,Lunenburg County,62,Health Care and Social Assistance,276.0,,False
51111,Lunenburg County,71,"Arts, Entertainment, and Recreation",,,False
51111,Lunenburg County,72,Accommodation and Food Services,,,False
51111,Lunenburg County,81,Other Services,75.0,54.0,True
51111,Lunenburg County,99,Unclassified,,,False
51113,Madison County,11,"Agriculture, Forestry, Fishing and Hunting",99.0,90.0,True
51113,Madison County,23,Construction,239.0,285.0,True
51113,Madison County,31-33,Manufacturing,329.0,312.0,True
51113,Madison County,42,Wholesale Trade,62.0,72.0,True
51113,Madison County,44-45,Retail Trade,714.0,430.0,True
51113,Madison County,48-49,Transportation and Warehousing,11.0,71.0,True
51113,Madison County,51,Information,,,False
51113,Madison County,52,Finance and Insurance,27.0,67.0,True
51113,Madison County,53,Real Estate and Rental and Leasing,7.0,,False
51113,Madison County,54,"Professional, Scientific, and Technical Services",72.0,91.0,True
51113,Madison County,55,Management of Companies and Enterprises,,,False
51113,Madison County,56,Administrative and Support and Waste Management,,,False
51113,Madison County,61,Educational Services,,,False
51113,Madison County,62,Health Care and Social Assistance,,,False
51113,Madison County,71,"Arts, Entertainment, and Recreation",6.0,10.0,True
51113,Madison County,72,Accommodation and Food Services,184.0,218.0,True
51113,Madison County,81,Other Services,142.0,139.0,True
51113,Madison County,99,Unclassified,,,False
51115,Mathews County,11,"Agriculture, Forestry, Fishing and Hunting",18.0,,False
51115,Mathews County,22,Utilities,,,False
51115,Mathews County,23,Construction,122.0,123.0,True
51115,Mathews County,31-33,Manufacturing,100.0,,False
51115,Mathews County,42,Wholesale Trade,12.0,,False
51115,Mathews County,44-45,Retail Trade,191.0,189.0,True
51115,Mathews County,48-49,Transportation and Warehousing,18.0,33.0,True
51115,Mathews County,51,Information,,,False
51115,Mathews County,52,Finance and Insurance,23.0,,False
51115,Mathews County,53,Real Estate and Rental and Leasing,11.0,,False
51115,Mathews County,54,"Professional, Scientific, and Technical Services",32.0,,False
51115,Mathews County,55,Management of Companies and Enterprises,,,False
51115,Mathews County,56,Administrative and Support and Waste Management,53.0,55.0,True
51115,Mathews County,61,Educational Services,,,False
51115,Mathews County,62,Health Care and Social Assistance,,,False
51115,Mathews County,71,"Arts, Entertainment, and Recreation",34.0,71.0,True
51115,Mathews County,72,Accommodation and Food Services,147.0,165.0,True
51115,Mathews County,81,Other Services,157.0,67.0,True
51115,Mathews County,99,Unclassified,,,False
51117,Mecklenburg County,11,"Agriculture, Forestry, Fishing and Hunting",,,False
51117,Mecklenburg County,21,"Mining, Quarrying, and Oil and Gas Extraction",,,False
51117,Mecklenburg County,22,Utilities,,118.0,False
51117,Mecklenburg County,23,Construction,381.0,,False
51117,Mecklenburg County,31-33,Manufacturing,1036.0,789.0,True
51117,Mecklenburg County,42,Wholesale Trade,,1052.0,False
51117,Mecklenburg County,44-45,Retail Trade,1690.0,1820.0,True
51117,Mecklenburg County,48-49,Transportation and Warehousing,435.0,436.0,True
51117,Mecklenburg County,51,Information,179.0,,False
51117,Mecklenburg County,52,Finance and Insurance,237.0,185.0,True
51117,Mecklenburg County,53,Real Estate and Rental and Leasing,106.0,121.0,True
51117,Mecklenburg County,54,"Professional, Scientific, and Technical Services",366.0,313.0,True
51117,Mecklenburg County,55,Management of Companies and Enterprises,141.0,142.0,True
51117,Mecklenburg County,56,Administrative and Support and Waste Management,496.0,525.0,True
51117,Mecklenburg County,61,Educational Services,47.0,,False
51117,Mecklenburg County,62,Health Care and Social Assistance,2038.0,,False
51117,Mecklenburg County,71,"Arts, Entertainment, and Recreation",63.0,103.0,True
51117,Mecklenburg County,72,Accommodation and Food Services,1198.0,1179.0,True
51117,Mecklenburg County,81,Other Services,440.0,375.0,True
51117,Mecklenburg County,99,Unclassified,26.0,,False
51119,Middlesex County,11,"Agriculture, Forestry, Fishing and Hunting",31.0,,False
51119,Middlesex County,21,"Mining, Quarrying, and Oil and Gas Extraction",,,False
51119,Middlesex County,22,Utilities,,,False
51119,Middlesex County,23,Construction,230.0,229.0,True
51119,Middlesex County,31-33,Manufacturing,178.0,131.0,True
51119,Middlesex County,42,Wholesale Trade,179.0,70.0,True
51119,Middlesex County,44-45,Retail Trade,369.0,329.0,True
51119,Middlesex County,48-49,Transportation and Warehousing,85.0,88.0,True
51119,Middlesex County,51,Information,39.0,33.0,True
51119,Middlesex County,52,Finance and Insurance,60.0,53.0,True
51119,Middlesex County,53,Real Estate and Rental and Leasing,23.0,18.0,True
51119,Middlesex County,54,"Professional, Scientific, and Technical Services",,94.0,False
51119,Middlesex County,55,Management of Companies and Enterprises,,,False
51119,Middlesex County,56,Administrative and Support and Waste Management,61.0,,False
51119,Middlesex County,61,Educational Services,,,False
51119,Middlesex County,62,Health Care and Social Assistance,,,False
51119,Middlesex County,71,"Arts, Entertainment, and Recreation",107.0,139.0,True
51119,Middlesex County,72,Accommodation and Food Services,335.0,329.0,True
51119,Middlesex County,81,Other Services,93.0,121.0,True
51119,Middlesex County,99,Unclassified,27.0,13.0,True
51121,Montgomery County,11,"Agriculture, Forestry, Fishing and Hunting",83.0,50.0,True
51121,Montgomery County,21,"Mining, Quarrying, and Oil and Gas Extraction",59.0,49.0,True
51121,Montgomery County,22,Utilities,,55.0,False
51121,Montgomery County,23,Construction,1055.0,1257.0,True
51121,Montgomery County,31-33,Manufacturing,5322.0,5243.0,True
51121,Montgomery County,42,Wholesale Trade,439.0,336.0,True
51121,Montgomery County,44-45,Retail Trade,5006.0,4452.0,True
51121,Montgomery County,48-49,Transportation and Warehousing,,648.0,False
51121,Montgomery County,51,Information,366.0,154.0,True
51121,Montgomery County,52,Finance and Insurance,533.0,527.0,True
51121,Montgomery County,53,Real Estate and Rental and Leasing,666.0,683.0,True
51121,Montgomery County,54,"Professional, Scientific, and Technical Services",2192.0,2358.0,True
51121,Montgomery County,55,Management of Companies and Enterprises,164.0,219.0,True
51121,Montgomery County,56,Administrative and Support and Waste Management,1707.0,1860.0,True
51121,Montgomery County,61,Educational Services,438.0,442.0,True
51121,Montgomery County,62,Health Care and Social Assistance,4414.0,4791.0,True
51121,Montgomery County,71,"Arts, Entertainment, and Recreation",377.0,587.0,True
51121,Montgomery County,72,Accommodation and Food Services,4525.0,4275.0,True
51121,Montgomery County,81,Other Services,963.0,996.0,True
51121,Montgomery County,99,Unclassified,78.0,80.0,True
51125,Nelson County,11,"Agriculture, Forestry, Fishing and Hunting",,,False
51125,Nelson County,21,"Mining, Quarrying, and Oil and Gas Extraction",,,False
51125,Nelson County,22,Utilities,,,False
51125,Nelson County,23,Construction,201.0,238.0,True
51125,Nelson County,31-33,Manufacturing,635.0,527.0,True
51125,Nelson County,42,Wholesale Trade,,,False
51125,Nelson County,44-45,Retail Trade,276.0,273.0,True
51125,Nelson County,48-49,Transportation and Warehousing,34.0,52.0,True
51125,Nelson County,51,Information,44.0,18.0,True
51125,Nelson County,52,Finance and Insurance,36.0,56.0,True
51125,Nelson County,53,Real Estate and Rental and Leasing,46.0,54.0,True
51125,Nelson County,54,"Professional, Scientific, and Technical Services",,,False
51125,Nelson County,55,Management of Companies and Enterprises,,,False
51125,Nelson County,56,Administrative and Support and Waste Management,,127.0,False
51125,Nelson County,61,Educational Services,35.0,90.0,True
51125,Nelson County,62,Health Care and Social Assistance,286.0,314.0,True
51125,Nelson County,71,"Arts, Entertainment, and Recreation",21.0,20.0,True
51125,Nelson County,72,Accommodation and Food Services,722.0,645.0,True
51125,Nelson County,81,Other Services,220.0,291.0,True
51125,Nelson County,99,Unclassified,20.0,16.0,True
51127,New Kent County,11,"Agriculture, Forestry, Fishing and Hunting",24.0,,False
51127,New Kent County,21,"Mining, Quarrying, and Oil and Gas Extraction",,,False
51127,New Kent County,22,Utilities,,,False
51127,New Kent County,23,Construction,727.0,779.0,True
51127,New Kent County,31-33,Manufacturing,191.0,221.0,True
51127,New Kent County,42,Wholesale Trade,90.0,72.0,True
51127,New Kent County,44-45,Retail Trade,571.0,589.0,True
51127,New Kent County,48-49,Transportation and Warehousing,,,False
51127,New Kent County,51,Information,29.0,16.0,True
51127,New Kent County,52,Finance and Insurance,43.0,60.0,True
51127,New Kent County,53,Real Estate and Rental and Leasing,32.0,56.0,True
51127,New Kent County,54,"Professional, Scientific, and Technical Services",,215.0,False
51127,New Kent County,55,Management of Companies and Enterprises,,19.0,False
51127,New Kent County,56,Administrative and Support and Waste Management,229.0,332.0,True
51127,New Kent County,61,Educational Services,21.0,,False
51127,New Kent County,62,Health Care and Social Assistance,470.0,,False
51127,New Kent County,71,"Arts, Entertainment, and Recreation",703.0,,False
51127,New Kent County,72,Accommodation and Food Services,367.0,,False
51127,New Kent County,81,Other Services,140.0,192.0,True
51127,New Kent County,99,Unclassified,15.0,17.0,True
51131,Northampton County,11,"Agriculture, Forestry, Fishing and Hunting",797.0,733.0,True
51131,Northampton County,22,Utilities,,,False
51131,Northampton County,23,Construction,113.0,174.0,True
51131,Northampton County,31-33,Manufacturing,234.0,287.0,True
51131,Northampton County,42,Wholesale Trade,46.0,35.0,True
51131,Northampton County,44-45,Retail Trade,430.0,553.0,True
51131,Northampton County,48-49,Transportation and Warehousing,,,False
51131,Northampton County,51,Information,,,False
51131,Northampton County,52,Finance and Insurance,96.0,56.0,True
51131,Northampton County,53,Real Estate and Rental and Leasing,40.0,68.0,True
51131,Northampton County,54,"Professional, Scientific, and Technical Services",,,False
51131,Northampton County,55,Management of Companies and Enterprises,,,False
51131,Northampton County,56,Administrative and Support and Waste Management,42.0,61.0,True
51131,Northampton County,61,Educational Services,89.0,93.0,True
51131,Northampton County,62,Health Care and Social Assistance,515.0,565.0,True
51131,Northampton County,71,"Arts, Entertainment, and Recreation",,,False
51131,Northampton County,72,Accommodation and Food Services,,,False
51131,Northampton County,81,Other Services,159.0,,False
51131,Northampton County,99,Unclassified,,,False
51133,Northumberland County,11,"Agriculture, Forestry, Fishing and Hunting",142.0,153.0,True
51133,Northumberland County,21,"Mining, Quarrying, and Oil and Gas Extraction",,,False
51133,Northumberland County,23,Construction,197.0,167.0,True
51133,Northumberland County,31-33,Manufacturing,654.0,472.0,True
51133,Northumberland County,42,Wholesale Trade,44.0,33.0,True
51133,Northumberland County,44-45,Retail Trade,318.0,283.0,True
51133,Northumberland County,48-49,Transportation and Warehousing,36.0,42.0,True
51133,Northumberland County,51,Information,16.0,,False
51133,Northumberland County,52,Finance and Insurance,56.0,49.0,True
51133,Northumberland County,53,Real Estate and Rental and Leasing,14.0,,False
51133,Northumberland County,54,"Professional, Scientific, and Technical Services",,,False
51133,Northumberland County,55,Management of Companies and Enterprises,,,False
51133,Northumberland County,56,Administrative and Support and Waste Management,,54.0,False
51133,Northumberland County,61,Educational Services,,,False
51133,Northumberland County,62,Health Care and Social Assistance,71.0,,False
51133,Northumberland County,71,"Arts, Entertainment, and Recreation",91.0,122.0,True
51133,Northumberland County,72,Accommodation and Food Services,139.0,115.0,True
51133,Northumberland County,81,Other Services,123.0,111.0,True
51133,Northumberland County,99,Unclassified,3.0,,False
51135,Nottoway County,11,"Agriculture, Forestry, Fishing and Hunting",,,False
51135,Nottoway County,21,"Mining, Quarrying, and Oil and Gas Extraction",,,False
51135,Nottoway County,22,Utilities,,,False
51135,Nottoway County,23,Construction,152.0,102.0,True
51135,Nottoway County,31-33,Manufacturing,363.0,247.0,True
51135,Nottoway County,42,Wholesale Trade,126.0,141.0,True
51135,Nottoway County,44-45,Retail Trade,609.0,580.0,True
51135,Nottoway County,48-49,Transportation and Warehousing,,,False
51135,Nottoway County,51,Information,28.0,15.0,True
51135,Nottoway County,52,Finance and Insurance,104.0,91.0,True
51135,Nottoway County,53,Real Estate and Rental and Leasing,26.0,23.0,True
51135,Nottoway County,54,"Professional, Scientific, and Technical Services",105.0,277.0,True
51135,Nottoway County,55,Management of Companies and Enterprises,48.0,,False
51135,Nottoway County,56,Administrative and Support and Waste Management,78.0,,False
51135,Nottoway County,61,Educational Services,,,False
51135,Nottoway County,62,Health Care and Social Assistance,,,False
51135,Nottoway County,71,"Arts, Entertainment, and Recreation",10.0,,False
51135,Nottoway County,72,Accommodation and Food Services,291.0,,False
51135,Nottoway County,81,Other Services,84.0,73.0,True
51135,Nottoway County,99,Unclassified,10.0,22.0,True
51137,Orange County,11,"Agriculture, Forestry, Fishing and Hunting",,,False
51137,Orange County,21,"Mining, Quarrying, and Oil and Gas Extraction",,,False
51137,Orange County,22,Utilities,,,False
51137,Orange County,23,Construction,516.0,586.0,True
51137,Orange County,31-33,Manufacturing,1482.0,1050.0,True
51137,Orange County,42,Wholesale Trade,508.0,537.0,True
51137,Orange County,44-45,Retail Trade,1206.0,1288.0,True
51137,Orange County,48-49,Transportation and Warehousing,,,False
51137,Orange County,51,Information,32.0,,False
51137,Orange County,52,Finance and Insurance,138.0,140.0,True
51137,Orange County,53,Real Estate and Rental and Leasing,349.0,,False
51137,Orange County,54,"Professional, Scientific, and Technical Services",,,False
51137,Orange County,55,Management of Companies and Enterprises,,,False
51137,Orange County,56,Administrative and Support and Waste Management,317.0,326.0,True
51137,Orange County,61,Educational Services,53.0,102.0,True
51137,Orange County,62,Health Care and Social Assistance,584.0,580.0,True
51137,Orange County,71,"Arts, Entertainment, and Recreation",164.0,157.0,True
51137,Orange County,72,Accommodation and Food Services,859.0,852.0,True
51137,Orange County,81,Other Services,475.0,491.0,True
51137,Orange County,99,Unclassified,27.0,,False
51139,Page County,11,"Agriculture, Forestry, Fishing and Hunting",52.0,,False
51139,Page County,22,Utilities,,,False
51139,Page County,23,Construction,265.0,,False
51139,Page County,31-33,Manufacturing,678.0,621.0,True
51139,Page County,42,Wholesale Trade,,,False
51139,Page County,44-45,Retail Trade,732.0,791.0,True
51139,Page County,48-49,Transportation and Warehousing,,26.0,False
51139,Page County,51,Information,10.0,,False
51139,Page County,52,Finance and Insurance,137.0,154.0,True
51139,Page County,53,Real Estate and Rental and Leasing,26.0,37.0,True
51139,Page County,54,"Professional, Scientific, and Technical Services",298.0,,False
51139,Page County,55,Management of Companies and Enterprises,,,False
51139,Page County,56,Administrative and Support and Waste Management,179.0,,False
51139,Page County,61,Educational Services,,,False
51139,Page County,62,Health Care and Social Assistance,599.0,,False
51139,Page County,71,"Arts, Entertainment, and Recreation",365.0,,False
51139,Page County,72,Accommodation and Food Services,610.0,,False
51139,Page County,81,Other Services,131.0,145.0,True
51139,Page County,99,Unclassified,8.0,,False
51141,Patrick County,11,"Agriculture, Forestry, Fishing and Hunting",189.0,105.0,True
51141,Patrick County,22,Utilities,,,False
51141,Patrick County,23,Construction,114.0,130.0,True
51141,Patrick County,31-33,Manufacturing,954.0,913.0,True
51141,Patrick County,42,Wholesale Trade,,111.0,False
51141,Patrick County,44-45,Retail Trade,530.0,526.0,True
51141,Patrick County,48-49,Transportation and Warehousing,112.0,,False
51141,Patrick County,51,Information,92.0,65.0,True
51141,Patrick County,52,Finance and Insurance,66.0,56.0,True
51141,Patrick County,53,Real Estate and Rental and Leasing,5.0,13.0,True
51141,Patrick County,54,"Professional, Scientific, and Technical Services",285.0,77.0,True
51141,Patrick County,55,Management of Companies and Enterprises,,,False
51141,Patrick County,56,Administrative and Support and Waste Management,,44.0,False
51141,Patrick County,61,Educational Services,,,False
51141,Patrick County,62,Health Care and Social Assistance,,,False
51141,Patrick County,71,"Arts, Entertainment, and Recreation",,16.0,False
51141,Patrick County,72,Accommodation and Food Services,,431.0,False
51141,Patrick County,81,Other Services,134.0,81.0,True
51141,Patrick County,99,Unclassified,7.0,16.0,True
51143,Pittsylvania County,11,"Agriculture, Forestry, Fishing and Hunting",,,False
51143,Pittsylvania County,21,"Mining, Quarrying, and Oil and Gas Extraction",,,False
51143,Pittsylvania County,22,Utilities,71.0,64.0,True
51143,Pittsylvania County,23,Construction,1073.0,1115.0,True
51143,Pittsylvania County,31-33,Manufacturing,1769.0,2293.0,True
51143,Pittsylvania County,42,Wholesale Trade,872.0,881.0,True
51143,Pittsylvania County,44-45,Retail Trade,1116.0,899.0,True
51143,Pittsylvania County,48-49,Transportation and Warehousing,369.0,348.0,True
51143,Pittsylvania County,51,Information,21.0,,False
51143,Pittsylvania County,52,Finance and Insurance,178.0,142.0,True
51143,Pittsylvania County,53,Real Estate and Rental and Leasing,111.0,,False
51143,Pittsylvania County,54,"Professional, Scientific, and Technical Services",225.0,322.0,True
51143,Pittsylvania County,55,Management of Companies and Enterprises,59.0,52.0,True
51143,Pittsylvania County,56,Administrative and Support and Waste Management,497.0,316.0,True
51143,Pittsylvania County,61,Educational Services,251.0,256.0,True
51143,Pittsylvania County,62,Health Care and Social Assistance,1277.0,1736.0,True
51143,Pittsylvania County,71,"Arts, Entertainment, and Recreation",69.0,54.0,True
51143,Pittsylvania County,72,Accommodation and Food Services,629.0,640.0,True
51143,Pittsylvania County,81,Other Services,438.0,388.0,True
51143,Pittsylvania County,99,Unclassified,53.0,,False
51145,Powhatan County,11,"Agriculture, Forestry, Fishing and Hunting",,,False
51145,Powhatan County,21,"Mining, Quarrying, and Oil and Gas Extraction",,,False
51145,Powhatan County,22,Utilities,,,False
51145,Powhatan County,23,Construction,1491.0,1918.0,True
51145,Powhatan County,31-33,Manufacturing,268.0,267.0,True
51145,Powhatan County,42,Wholesale Trade,157.0,268.0,True
51145,Powhatan County,44-45,Retail Trade,768.0,819.0,True
51145,Powhatan County,48-49,Transportation and Warehousing,,,False
51145,Powhatan County,51,Information,13.0,17.0,True
51145,Powhatan County,52,Finance and Insurance,124.0,159.0,True
51145,Powhatan County,53,Real Estate and Rental and Leasing,53.0,73.0,True
51145,Powhatan County,54,"Professional, Scientific, and Technical Services",538.0,,False
51145,Powhatan County,55,Management of Companies and Enterprises,,,False
51145,Powhatan County,56,Administrative and Support and Waste Management,,707.0,False
51145,Powhatan County,61,Educational Services,96.0,162.0,True
51145,Powhatan County,62,Health Care and Social Assistance,354.0,406.0,True
51145,Powhatan County,71,"Arts, Entertainment, and Recreation",289.0,428.0,True
51145,Powhatan County,72,Accommodation and Food Services,596.0,674.0,True
51145,Powhatan County,81,Other Services,286.0,418.0,True
51145,Powhatan County,99,Unclassified,18.0,26.0,True
51147,Prince Edward County,11,"Agriculture, Forestry, Fishing and Hunting",,,False
51147,Prince Edward County,21,"Mining, Quarrying, and Oil and Gas Extraction",,,False
51147,Prince Edward County,22,Utilities,,,False
51147,Prince Edward County,23,Construction,273.0,455.0,True
51147,Prince Edward County,31-33,Manufacturing,156.0,261.0,True
51147,Prince Edward County,42,Wholesale Trade,130.0,,False
51147,Prince Edward County,44-45,Retail Trade,1230.0,1222.0,True
51147,Prince Edward County,48-49,Transportation and Warehousing,,254.0,False
51147,Prince Edward County,51,Information,91.0,72.0,True
51147,Prince Edward County,52,Finance and Insurance,169.0,134.0,True
51147,Prince Edward County,53,Real Estate and Rental and Leasing,109.0,87.0,True
51147,Prince Edward County,54,"Professional, Scientific, and Technical Services",122.0,124.0,True
51147,Prince Edward County,55,Management of Companies and Enterprises,47.0,77.0,True
51147,Prince Edward County,56,Administrative and Support and Waste Management,476.0,178.0,True
51147,Prince Edward County,61,Educational Services,,,False
51147,Prince Edward County,62,Health Care and Social Assistance,,,False
51147,Prince Edward County,71,"Arts, Entertainment, and Recreation",44.0,55.0,True
51147,Prince Edward County,72,Accommodation and Food Services,1206.0,1123.0,True
51147,Prince Edward County,81,Other Services,282.0,224.0,True
51147,Prince Edward County,99,Unclassified,36.0,49.0,True
51149,Prince George County,11,"Agriculture, Forestry, Fishing and Hunting",,,False
51149,Prince George County,21,"Mining, Quarrying, and Oil and Gas Extraction",,,False
51149,Prince George County,22,Utilities,,,False
51149,Prince George County,23,Construction,,629.0,False
51149,Prince George County,31-33,Manufacturing,966.0,,False
51149,Prince George County,42,Wholesale Trade,349.0,,False
51149,Prince George County,44-45,Retail Trade,940.0,996.0,True
51149,Prince George County,48-49,Transportation and Warehousing,1687.0,2746.0,True
51149,Prince George County,51,Information,14.0,,False
51149,Prince George County,52,Finance and Insurance,84.0,109.0,True
51149,Prince George County,53,Real Estate and Rental and Leasing,124.0,112.0,True
51149,Prince George County,54,"Professional, Scientific, and Technical Services",592.0,275.0,True
51149,Prince George County,55,Management of Companies and Enterprises,,307.0,False
51149,Prince George County,56,Administrative and Support and Waste Management,,618.0,False
51149,Prince George County,61,Educational Services,170.0,54.0,True
51149,Prince George County,62,Health Care and Social Assistance,679.0,786.0,True
51149,Prince George County,71,"Arts, Entertainment, and Recreation",125.0,121.0,True
51149,Prince George County,72,Accommodation and Food Services,1169.0,1498.0,True
51149,Prince George County,81,Other Services,310.0,273.0,True
51149,Prince George County,99,Unclassified,17.0,,False
51153,Prince William County,11,"Agriculture, Forestry, Fishing and Hunting",129.0,95.0,True
51153,Prince William County,21,"Mining, Quarrying, and Oil and Gas Extraction",105.0,112.0,True
51153,Prince William County,22,Utilities,404.0,479.0,True
51153,Prince William County,23,Construction,14739.0,16875.0,True
51153,Prince William County,31-33,Manufacturing,1939.0,2432.0,True
51153,Prince William County,42,Wholesale Trade,3004.0,2943.0,True
51153,Prince William County,44-45,Retail Trade,21450.0,20336.0,True
51153,Prince William County,48-49,Transportation and Warehousing,2317.0,4160.0,True
51153,Prince William County,51,Information,1185.0,1068.0,True
51153,Prince William County,52,Finance and Insurance,2079.0,1724.0,True
51153,Prince William County,53,Real Estate and Rental and Leasing,1750.0,1866.0,True
51153,Prince William County,54,"Professional, Scientific, and Technical Services",10093.0,11100.0,True
51153,Prince William County,55,Management of Companies and Enterprises,839.0,746.0,True
51153,Prince William County,56,Administrative and Support and Waste Management,7066.0,7128.0,True
51153,Prince William County,61,Educational Services,1587.0,2366.0,True
51153,Prince William County,62,Health Care and Social Assistance,13894.0,18637.0,True
51153,Prince William County,71,"Arts, Entertainment, and Recreation",3104.0,3050.0,True
51153,Prince William County,72,Accommodation and Food Services,14267.0,13666.0,True
51153,Prince William County,81,Other Services,4538.0,4808.0,True
51153,Prince William County,99,Unclassified,465.0,411.0,True
51155,Pulaski County,11,"Agriculture, Forestry, Fishing and Hunting",,,False
51155,Pulaski County,21,"Mining, Quarrying, and Oil and Gas Extraction",,,False
51155,Pulaski County,22,Utilities,,,False
51155,Pulaski County,23,Construction,310.0,,False
51155,Pulaski County,31-33,Manufacturing,5213.0,3935.0,True
51155,Pulaski County,42,Wholesale Trade,,,False
51155,Pulaski County,44-45,Retail Trade,1649.0,1664.0,True
51155,Pulaski County,48-49,Transportation and Warehousing,1023.0,1300.0,True
51155,Pulaski County,51,Information,24.0,,False
51155,Pulaski County,52,Finance and Insurance,136.0,162.0,True
51155,Pulaski County,53,Real Estate and Rental and Leasing,66.0,76.0,True
51155,Pulaski County,54,"Professional, Scientific, and Technical Services",,,False
51155,Pulaski County,55,Management of Companies and Enterprises,,,False
51155,Pulaski County,56,Administrative and Support and Waste Management,487.0,700.0,True
51155,Pulaski County,61,Educational Services,,21.0,False
51155,Pulaski County,62,Health Care and Social Assistance,,1285.0,False
51155,Pulaski County,71,"Arts, Entertainment, and Recreation",169.0,119.0,True
51155,Pulaski County,72,Accommodation and Food Services,1099.0,1027.0,True
51155,Pulaski County,81,Other Services,361.0,387.0,True
51155,Pulaski County,99,Unclassified,47.0,,False
51157,Rappahannock County,11,"Agriculture, Forestry, Fishing and Hunting",50.0,89.0,True
51157,Rappahannock County,21,"Mining, Quarrying, and Oil and Gas Extraction",,,False
51157,Rappahannock County,23,Construction,114.0,114.0,True
51157,Rappahannock County,31-33,Manufacturing,101.0,78.0,True
51157,Rappahannock County,42,Wholesale Trade,,,False
51157,Rappahannock County,44-45,Retail Trade,110.0,157.0,True
51157,Rappahannock County,48-49,Transportation and Warehousing,,,False
51157,Rappahannock County,51,Information,52.0,59.0,True
51157,Rappahannock County,52,Finance and Insurance,13.0,,False
51157,Rappahannock County,53,Real Estate and Rental and Leasing,7.0,11.0,True
51157,Rappahannock County,54,"Professional, Scientific, and Technical Services",67.0,77.0,True
51157,Rappahannock County,55,Management of Companies and Enterprises,,,False
51157,Rappahannock County,56,Administrative and Support and Waste Management,,,False
51157,Rappahannock County,61,Educational Services,56.0,54.0,True
51157,Rappahannock County,62,Health Care and Social Assistance,78.0,96.0,True
51157,Rappahannock County,71,"Arts, Entertainment, and Recreation",7.0,,False
51157,Rappahannock County,72,Accommodation and Food Services,287.0,,False
51157,Rappahannock County,81,Other Services,57.0,,False
51157,Rappahannock County,99,Unclassified,16.0,,False
51159,Richmond County,11,"Agriculture, Forestry, Fishing and Hunting",30.0,,False
51159,Richmond County,22,Utilities,,,False
51159,Richmond County,23,Construction,146.0,233.0,True
51159,Richmond County,31-33,Manufacturing,165.0,,False
51159,Richmond County,42,Wholesale Trade,130.0,,False
51159,Richmond County,44-45,Retail Trade,242.0,262.0,True
51159,Richmond County,48-49,Transportation and Warehousing,,,False
51159,Richmond County,51,Information,,,False
51159,Richmond County,52,Finance and Insurance,56.0,35.0,True
51159,Richmond County,53,Real Estate and Rental and Leasing,19.0,14.0,True
51159,Richmond County,54,"Professional, Scientific, and Technical Services",126.0,40.0,True
51159,Richmond County,55,Management of Companies and Enterprises,,,False
51159,Richmond County,56,Administrative and Support and Waste Management,,56.0,False
51159,Richmond County,61,Educational Services,,,False
51159,Richmond County,62,Health Care and Social Assistance,,,False
51159,Richmond County,71,"Arts, Entertainment, and Recreation",21.0,29.0,True
51159,Richmond County,72,Accommodation and Food Services,110.0,225.0,True
51159,Richmond County,81,Other Services,135.0,116.0,True
51159,Richmond County,99,Unclassified,,,False
51161,Roanoke County,11,"Agriculture, Forestry, Fishing and Hunting",,,False
51161,Roanoke County,21,"Mining, Quarrying, and Oil and Gas Extraction",,,False
51161,Roanoke County,22,Utilities,,,False
51161,Roanoke County,23,Construction,1478.0,,False
51161,Roanoke County,31-33,Manufacturing,3746.0,4389.0,True
51161,Roanoke County,42,Wholesale Trade,,,False
51161,Roanoke County,44-45,Retail Trade,4321.0,4768.0,True
51161,Roanoke County,48-49,Transportation and Warehousing,1552.0,1367.0,True
51161,Roanoke County,51,Information,411.0,,False
51161,Roanoke County,52,Finance and Insurance,1468.0,1108.0,True
51161,Roanoke County,53,Real Estate and Rental and Leasing,479.0,460.0,True
51161,Roanoke County,54,"Professional, Scientific, and Technical Services",3691.0,2993.0,True
51161,Roanoke County,55,Management of Companies and Enterprises,1358.0,639.0,True
51161,Roanoke County,56,Administrative and Support and Waste Management,2259.0,2395.0,True
51161,Roanoke County,61,Educational Services,978.0,842.0,True
51161,Roanoke County,62,Health Care and Social Assistance,6297.0,5308.0,True
51161,Roanoke County,71,"Arts, Entertainment, and Recreation",574.0,642.0,True
51161,Roanoke County,72,Accommodation and Food Services,3006.0,3076.0,True
51161,Roanoke County,81,Other Services,1247.0,998.0,True
51161,Roanoke County,99,Unclassified,71.0,,False
51163,Rockbridge County,11,"Agriculture, Forestry, Fishing and Hunting",,,False
51163,Rockbridge County,21,"Mining, Quarrying, and Oil and Gas Extraction",,,False
51163,Rockbridge County,22,Utilities,,,False
51163,Rockbridge County,23,Construction,509.0,456.0,True
51163,Rockbridge County,31-33,Manufacturing,930.0,800.0,True
51163,Rockbridge County,42,Wholesale Trade,,224.0,False
51163,Rockbridge County,44-45,Retail Trade,1279.0,1165.0,True
51163,Rockbridge County,48-49,Transportation and Warehousing,63.0,,False
51163,Rockbridge County,51,Information,39.0,28.0,True
51163,Rockbridge County,52,Finance and Insurance,106.0,78.0,True
51163,Rockbridge County,53,Real Estate and Rental and Leasing,21.0,110.0,True
51163,Rockbridge County,54,"Professional, Scientific, and Technical Services",417.0,,False
51163,Rockbridge County,55,Management of Companies and Enterprises,,,False
51163,Rockbridge County,56,Administrative and Support and Waste Management,,,False
51163,Rockbridge County,61,Educational Services,,75.0,False
51163,Rockbridge County,62,Health Care and Social Assistance,,608.0,False
51163,Rockbridge County,71,"Arts, Entertainment, and Recreation",128.0,107.0,True
51163,Rockbridge County,72,Accommodation and Food Services,704.0,622.0,True
51163,Rockbridge County,81,Other Services,207.0,241.0,True
51163,Rockbridge County,99,Unclassified,6.0,12.0,True
51165,Rockingham County,11,"Agriculture, Forestry, Fishing and Hunting",,,False
51165,Rockingham County,21,"Mining, Quarrying, and Oil and Gas Extraction",,,False
51165,Rockingham County,22,Utilities,,,False
51165,Rockingham County,23,Construction,2828.0,3120.0,True
51165,Rockingham County,31-33,Manufacturing,7469.0,6372.0,True
51165,Rockingham County,42,Wholesale Trade,,,False
51165,Rockingham County,44-45,Retail Trade,2277.0,2881.0,True
51165,Rockingham County,48-49,Transportation and Warehousing,3483.0,3345.0,True
51165,Rockingham County,51,Information,176.0,89.0,True
51165,Rockingham County,52,Finance and Insurance,274.0,320.0,True
51165,Rockingham County,53,Real Estate and Rental and Leasing,487.0,598.0,True
51165,Rockingham County,54,"Professional, Scientific, and Technical Services",770.0,839.0,True
51165,Rockingham County,55,Management of Companies and Enterprises,285.0,376.0,True
51165,Rockingham County,56,Administrative and Support and Waste Management,1240.0,1112.0,True
51165,Rockingham County,61,Educational Services,620.0,629.0,True
51165,Rockingham County,62,Health Care and Social Assistance,4525.0,4417.0,True
51165,Rockingham County,71,"Arts, Entertainment, and Recreation",223.0,269.0,True
51165,Rockingham County,72,Accommodation and Food Services,2648.0,2458.0,True
51165,Rockingham County,81,Other Services,681.0,777.0,True
51165,Rockingham County,99,Unclassified,31.0,114.0,True
51167,Russell County,11,"Agriculture, Forestry, Fishing and Hunting",58.0,53.0,True
51167,Russell County,21,"Mining, Quarrying, and Oil and Gas Extraction",264.0,181.0,True
51167,Russell County,22,Utilities,,,False
51167,Russell County,23,Construction,511.0,489.0,True
51167,Russell County,31-33,Manufacturing,551.0,525.0,True
51167,Russell County,42,Wholesale Trade,,,False
51167,Russell County,44-45,Retail Trade,820.0,750.0,True
51167,Russell County,48-49,Transportation and Warehousing,138.0,133.0,True
51167,Russell County,51,Information,37.0,,False
51167,Russell County,52,Finance and Insurance,194.0,172.0,True
51167,Russell County,53,Real Estate and Rental and Leasing,16.0,19.0,True
51167,Russell County,54,"Professional, Scientific, and Technical Services",559.0,394.0,True
51167,Russell County,55,Management of Companies and Enterprises,21.0,,False
51167,Russell County,56,Administrative and Support and Waste Management,346.0,,False
51167,Russell County,61,Educational Services,26.0,,False
51167,Russell County,62,Health Care and Social Assistance,934.0,,False
51167,Russell County,71,"Arts, Entertainment, and Recreation",,,False
51167,Russell County,72,Accommodation and Food Services,,,False
51167,Russell County,81,Other Services,196.0,,False
51167,Russell County,99,Unclassified,7.0,,False
51169,Scott County,11,"Agriculture, Forestry, Fishing and Hunting",46.0,,False
51169,Scott County,21,"Mining, Quarrying, and Oil and Gas Extraction",,,False
51169,Scott County,22,Utilities,,,False
51169,Scott County,23,Construction,91.0,,False
51169,Scott County,31-33,Manufacturing,867.0,1118.0,True
51169,Scott County,42,Wholesale Trade,35.0,,False
51169,Scott County,44-45,Retail Trade,590.0,545.0,True
51169,Scott County,48-49,Transportation and Warehousing,100.0,75.0,True
51169,Scott County,51,Information,77.0,81.0,True
51169,Scott County,52,Finance and Insurance,73.0,68.0,True
51169,Scott County,53,Real Estate and Rental and Leasing,14.0,22.0,True
51169,Scott County,54,"Professional, Scientific, and Technical Services",69.0,,False
51169,Scott County,55,Management of Companies and Enterprises,,,False
51169,Scott County,56,Administrative and Support and Waste Management,512.0,,False
51169,Scott County,61,Educational Services,,,False
51169,Scott County,62,Health Care and Social Assistance,,,False
51169,Scott County,71,"Arts, Entertainment, and Recreation",,,False
51169,Scott County,72,Accommodation and Food Services,,,False
51169,Scott County,81,Other Services,115.0,94.0,True
51169,Scott County,99,Unclassified,4.0,,False
51171,Shenandoah County,11,"Agriculture, Forestry, Fishing and Hunting",,,False
51171,Shenandoah County,21,"Mining, Quarrying, and Oil and Gas Extraction",,,False
51171,Shenandoah County,22,Utilities,75.0,120.0,True
51171,Shenandoah County,23,Construction,606.0,663.0,True
51171,Shenandoah County,31-33,Manufacturing,3475.0,2606.0,True
51171,Shenandoah County,42,Wholesale Trade,273.0,336.0,True
51171,Shenandoah County,44-45,Retail Trade,1531.0,1679.0,True
51171,Shenandoah County,48-49,Transportation and Warehousing,603.0,568.0,True
51171,Shenandoah County,51,Information,664.0,359.0,True
51171,Shenandoah County,52,Finance and Insurance,234.0,264.0,True
51171,Shenandoah County,53,Real Estate and Rental and Leasing,108.0,64.0,True
51171,Shenandoah County,54,"Professional, Scientific, and Technical Services",229.0,354.0,True
51171,Shenandoah County,55,Management of Companies and Enterprises,108.0,,False
51171,Shenandoah County,56,Administrative and Support and Waste Management,292.0,,False
51171,Shenandoah County,61,Educational Services,88.0,102.0,True
51171,Shenandoah County,62,Health Care and Social Assistance,1625.0,1483.0,True
51171,Shenandoah County,71,"Arts, Entertainment, and Recreation",169.0,134.0,True
51171,Shenandoah County,72,Accommodation and Food Services,1274.0,1209.0,True
51171,Shenandoah County,81,Other Services,452.0,366.0,True
51171,Shenandoah County,99,Unclassified,43.0,23.0,True
51173,Smyth County,11,"Agriculture, Forestry, Fishing and Hunting",,,False
51173,Smyth County,21,"Mining, Quarrying, and Oil and Gas Extraction",,,False
51173,Smyth County,22,Utilities,,,False
51173,Smyth County,23,Construction,400.0,395.0,True
51173,Smyth County,31-33,Manufacturing,3081.0,2977.0,True
51173,Smyth County,42,Wholesale Trade,295.0,222.0,True
51173,Smyth County,44-45,Retail Trade,1145.0,1133.0,True
51173,Smyth County,48-49,Transportation and Warehousing,,,False
51173,Smyth County,51,Information,37.0,5.0,True
51173,Smyth County,52,Finance and Insurance,129.0,88.0,True
51173,Smyth County,53,Real Estate and Rental and Leasing,35.0,31.0,True
51173,Smyth County,54,"Professional, Scientific, and Technical Services",,,False
51173,Smyth County,55,Management of Companies and Enterprises,,,False
51173,Smyth County,56,Administrative and Support and Waste Management,1471.0,685.0,True
51173,Smyth County,61,Educational Services,,103.0,False
51173,Smyth County,62,Health Care and Social Assistance,,1201.0,False
51173,Smyth County,71,"Arts, Entertainment, and Recreation",51.0,,False
51173,Smyth County,72,Accommodation and Food Services,703.0,,False
51173,Smyth County,81,Other Services,180.0,185.0,True
51173,Smyth County,99,Unclassified,23.0,35.0,True
51175,Southampton County,11,"Agriculture, Forestry, Fishing and Hunting",,,False
51175,Southampton County,21,"Mining, Quarrying, and Oil and Gas Extraction",,,False
51175,Southampton County,22,Utilities,,,False
51175,Southampton County,23,Construction,97.0,103.0,True
51175,Southampton County,31-33,Manufacturing,358.0,369.0,True
51175,Southampton County,42,Wholesale Trade,256.0,335.0,True
51175,Southampton County,44-45,Retail Trade,222.0,297.0,True
51175,Southampton County,48-49,Transportation and Warehousing,,,False
51175,Southampton County,51,Information,,,False
51175,Southampton County,52,Finance and Insurance,20.0,,False
51175,Southampton County,53,Real Estate and Rental and Leasing,34.0,32.0,True
51175,Southampton County,54,"Professional, Scientific, and Technical Services",73.0,114.0,True
51175,Southampton County,55,Management of Companies and Enterprises,,,False
51175,Southampton County,56,Administrative and Support and Waste Management,,67.0,False
51175,Southampton County,61,Educational Services,,,False
51175,Southampton County,62,Health Care and Social Assistance,,,False
51175,Southampton County,71,"Arts, Entertainment, and Recreation",24.0,,False
51175,Southampton County,72,Accommodation and Food Services,166.0,,False
51175,Southampton County,81,Other Services,61.0,,False
51175,Southampton County,99,Unclassified,,,False
51177,Spotsylvania County,11,"Agriculture, Forestry, Fishing and Hunting",,,False
51177,Spotsylvania County,21,"Mining, Quarrying, and Oil and Gas Extraction",,,False
51177,Spotsylvania County,22,Utilities,,,False
51177,Spotsylvania County,23,Construction,2270.0,2177.0,True
51177,Spotsylvania County,31-33,Manufacturing,982.0,726.0,True
51177,Spotsylvania County,42,Wholesale Trade,,,False
51177,Spotsylvania County,44-45,Retail Trade,6778.0,7375.0,True
51177,Spotsylvania County,48-49,Transportation and Warehousing,1451.0,1551.0,True
51177,Spotsylvania County,51,Information,244.0,333.0,True
51177,Spotsylvania County,52,Finance and Insurance,520.0,560.0,True
51177,Spotsylvania County,53,Real Estate and Rental and Leasing,545.0,563.0,True
51177,Spotsylvania County,54,"Professional, Scientific, and Technical Services",2216.0,1935.0,True
51177,Spotsylvania County,55,Management of Companies and Enterprises,450.0,452.0,True
51177,Spotsylvania County,56,Administrative and Support and Waste Management,1484.0,1874.0,True
51177,Spotsylvania County,61,Educational Services,458.0,890.0,True
51177,Spotsylvania County,62,Health Care and Social Assistance,4567.0,4874.0,True
51177,Spotsylvania County,71,"Arts, Entertainment, and Recreation",657.0,798.0,True
51177,Spotsylvania County,72,Accommodation and Food Services,4205.0,4180.0,True
51177,Spotsylvania County,81,Other Services,1516.0,1708.0,True
51177,Spotsylvania County,99,Unclassified,122.0,159.0,True
51179,Stafford County,11,"Agriculture, Forestry, Fishing and Hunting",,,False
51179,Stafford County,21,"Mining, Quarrying, and Oil and Gas Extraction",,,False
51179,Stafford County,22,Utilities,,,False
51179,Stafford County,23,Construction,2433.0,3634.0,True
51179,Stafford County,31-33,Manufacturing,581.0,,False
51179,Stafford County,42,Wholesale Trade,,,False
51179,Stafford County,44-45,Retail Trade,4966.0,5655.0,True
51179,Stafford County,48-49,Transportation and Warehousing,1581.0,6230.0,True
51179,Stafford County,51,Information,220.0,,False
51179,Stafford County,52,Finance and Insurance,,2808.0,False
51179,Stafford County,53,Real Estate and Rental and Leasing,,320.0,False
51179,Stafford County,54,"Professional, Scientific, and Technical Services",3450.0,3974.0,True
51179,Stafford County,55,Management of Companies and Enterprises,71.0,125.0,True
51179,Stafford County,56,Administrative and Support and Waste Management,1900.0,1988.0,True
51179,Stafford County,61,Educational Services,731.0,701.0,True
51179,Stafford County,62,Health Care and Social Assistance,4077.0,4734.0,True
51179,Stafford County,71,"Arts, Entertainment, and Recreation",412.0,632.0,True
51179,Stafford County,72,Accommodation and Food Services,3755.0,3529.0,True
51179,Stafford County,81,Other Services,1723.0,1931.0,True
51179,Stafford County,99,Unclassified,89.0,,False
51181,Surry County,11,"Agriculture, Forestry, Fishing and Hunting",18.0,,False
51181,Surry County,22,Utilities,,,False
51181,Surry County,23,Construction,167.0,74.0,True
51181,Surry County,31-33,Manufacturing,105.0,,False
51181,Surry County,42,Wholesale Trade,25.0,24.0,True
51181,Surry County,44-45,Retail Trade,36.0,,False
51181,Surry County,48-49,Transportation and Warehousing,,,False
51181,Surry County,51,Information,,,False
51181,Surry County,52,Finance and Insurance,,,False
51181,Surry County,53,Real Estate and Rental and Leasing,,,False
51181,Surry County,54,"Professional, Scientific, and Technical Services",,,False
51181,Surry County,55,Management of Companies and Enterprises,,,False
51181,Surry County,56,Administrative and Support and Waste Management,120.0,,False
51181,Surry County,61,Educational Services,,,False
51181,Surry County,62,Health Care and Social Assistance,27.0,,False
51181,Surry County,71,"Arts, Entertainment, and Recreation",,,False
51181,Surry County,72,Accommodation and Food Services,,,False
51181,Surry County,81,Other Services,33.0,40.0,True
51181,Surry County,99,Unclassified,0.0,,False
51183,Sussex County,11,"Agriculture, Forestry, Fishing and Hunting",,155.0,False
51183,Sussex County,21,"Mining, Quarrying, and Oil and Gas Extraction",,26.0,False
51183,Sussex County,22,Utilities,,,False
51183,Sussex County,23,Construction,62.0,111.0,True
51183,Sussex County,31-33,Manufacturing,63.0,113.0,True
51183,Sussex County,42,Wholesale Trade,116.0,131.0,True
51183,Sussex County,44-45,Retail Trade,333.0,337.0,True
51183,Sussex County,48-49,Transportation and Warehousing,,,False
51183,Sussex County,51,Information,,,False
51183,Sussex County,52,Finance and Insurance,23.0,,False
51183,Sussex County,53,Real Estate and Rental and Leasing,9.0,,False
51183,Sussex County,54,"Professional, Scientific, and Technical Services",,,False
51183,Sussex County,55,Management of Companies and Enterprises,,,False
51183,Sussex County,56,Administrative and Support and Waste Management,364.0,259.0,True
51183,Sussex County,61,Educational Services,,,False
51183,Sussex County,62,Health Care and Social Assistance,,,False
51183,Sussex County,71,"Arts, Entertainment, and Recreation",,,False
51183,Sussex County,72,Accommodation and Food Services,,,False
51183,Sussex County,81,Other Services,49.0,42.0,True
51183,Sussex County,99,Unclassified,4.0,,False
51185,Tazewell County,11,"Agriculture, Forestry, Fishing and Hunting",42.0,,False
51185,Tazewell County,21,"Mining, Quarrying, and Oil and Gas Extraction",454.0,,False
51185,Tazewell County,22,Utilities,,,False
51185,Tazewell County,23,Construction,595.0,,False
51185,Tazewell County,31-33,Manufacturing,1222.0,1044.0,True
51185,Tazewell County,42,Wholesale Trade,469.0,458.0,True
51185,Tazewell County,44-45,Retail Trade,2662.0,2628.0,True
51185,Tazewell County,48-49,Transportation and Warehousing,,,False
51185,Tazewell County,51,Information,64.0,,False
51185,Tazewell County,52,Finance and Insurance,353.0,294.0,True
51185,Tazewell County,53,Real Estate and Rental and Leasing,143.0,97.0,True
51185,Tazewell County,54,"Professional, Scientific, and Technical Services",316.0,342.0,True
51185,Tazewell County,55,Management of Companies and Enterprises,238.0,131.0,True
51185,Tazewell County,56,Administrative and Support and Waste Management,279.0,306.0,True
51185,Tazewell County,61,Educational Services,,,False
51185,Tazewell County,62,Health Care and Social Assistance,,,False
51185,Tazewell County,71,"Arts, Entertainment, and Recreation",133.0,56.0,True
51185,Tazewell County,72,Accommodation and Food Services,1205.0,1146.0,True
51185,Tazewell County,81,Other Services,483.0,367.0,True
51185,Tazewell County,99,Unclassified,53.0,,False
51187,Warren County,11,"Agriculture, Forestry, Fishing and Hunting",33.0,,False
51187,Warren County,21,"Mining, Quarrying, and Oil and Gas Extraction",,,False
51187,Warren County,22,Utilities,,,False
51187,Warren County,23,Construction,660.0,,False
51187,Warren County,31-33,Manufacturing,1100.0,1349.0,True
51187,Warren County,42,Wholesale Trade,,,False
51187,Warren County,44-45,Retail Trade,1541.0,1608.0,True
51187,Warren County,48-49,Transportation and Warehousing,1190.0,1037.0,True
51187,Warren County,51,Information,67.0,,False
51187,Warren County,52,Finance and Insurance,267.0,255.0,True
51187,Warren County,53,Real Estate and Rental and Leasing,60.0,84.0,True
51187,Warren County,54,"Professional, Scientific, and Technical Services",288.0,364.0,True
51187,Warren County,55,Management of Companies and Enterprises,137.0,122.0,True
51187,Warren County,56,Administrative and Support and Waste Management,951.0,687.0,True
51187,Warren County,61,Educational Services,661.0,718.0,True
51187,Warren County,62,Health Care and Social Assistance,1611.0,1513.0,True
51187,Warren County,71,"Arts, Entertainment, and Recreation",222.0,222.0,True
51187,Warren County,72,Accommodation and Food Services,1242.0,1378.0,True
51187,Warren County,81,Other Services,460.0,482.0,True
51187,Warren County,99,Unclassified,47.0,,False
51191,Washington County,11,"Agriculture, Forestry, Fishing and Hunting",148.0,267.0,True
51191,Washington County,21,"Mining, Quarrying, and Oil and Gas Extraction",42.0,63.0,True
51191,Washington County,22,Utilities,42.0,70.0,True
51191,Washington County,23,Construction,563.0,887.0,True
51191,Washington County,31-33,Manufacturing,3245.0,2358.0,True
51191,Washington County,42,Wholesale Trade,633.0,633.0,True
51191,Washington County,44-45,Retail Trade,3351.0,3191.0,True
51191,Washington County,48-49,Transportation and Warehousing,915.0,1358.0,True
51191,Washington County,51,Information,148.0,205.0,True
51191,Washington County,52,Finance and Insurance,412.0,439.0,True
51191,Washington County,53,Real Estate and Rental and Leasing,149.0,123.0,True
51191,Washington County,54,"Professional, Scientific, and Technical Services",600.0,523.0,True
51191,Washington County,55,Management of Companies and Enterprises,623.0,547.0,True
51191,Washington County,56,Administrative and Support and Waste Management,521.0,673.0,True
51191,Washington County,61,Educational Services,419.0,465.0,True
51191,Washington County,62,Health Care and Social Assistance,2435.0,3014.0,True
51191,Washington County,71,"Arts, Entertainment, and Recreation",297.0,434.0,True
51191,Washington County,72,Accommodation and Food Services,1718.0,1944.0,True
51191,Washington County,81,Other Services,596.0,589.0,True
51191,Washington County,99,Unclassified,76.0,144.0,True
51193,Westmoreland County,11,"Agriculture, Forestry, Fishing and Hunting",219.0,186.0,True
51193,Westmoreland County,22,Utilities,,,False
51193,Westmoreland County,23,Construction,175.0,224.0,True
51193,Westmoreland County,31-33,Manufacturing,516.0,210.0,True
51193,Westmoreland County,42,Wholesale Trade,67.0,45.0,True
51193,Westmoreland County,44-45,Retail Trade,425.0,460.0,True
51193,Westmoreland County,48-49,Transportation and Warehousing,,,False
51193,Westmoreland County,51,Information,,,False
51193,Westmoreland County,52,Finance and Insurance,66.0,49.0,True
51193,Westmoreland County,53,Real Estate and Rental and Leasing,15.0,,False
51193,Westmoreland County,54,"Professional, Scientific, and Technical Services",72.0,129.0,True
51193,Westmoreland County,55,Management of Companies and Enterprises,,,False
51193,Westmoreland County,56,Administrative and Support and Waste Management,79.0,,False
51193,Westmoreland County,61,Educational Services,,84.0,False
51193,Westmoreland County,62,Health Care and Social Assistance,,262.0,False
51193,Westmoreland County,71,"Arts, Entertainment, and Recreation",64.0,70.0,True
51193,Westmoreland County,72,Accommodation and Food Services,302.0,305.0,True
51193,Westmoreland County,81,Other Services,103.0,103.0,True
51193,Westmoreland County,99,Unclassified,,,False
51195,Wise County,11,"Agriculture, Forestry, Fishing and Hunting",6.0,,False
51195,Wise County,21,"Mining, Quarrying, and Oil and Gas Extraction",332.0,,False
51195,Wise County,22,Utilities,,205.0,False
51195,Wise County,23,Construction,244.0,243.0,True
51195,Wise County,31-33,Manufacturing,358.0,332.0,True
51195,Wise County,42,Wholesale Trade,268.0,230.0,True
51195,Wise County,44-45,Retail Trade,1889.0,1671.0,True
51195,Wise County,48-49,Transportation and Warehousing,,153.0,False
51195,Wise County,51,Information,143.0,46.0,True
51195,Wise County,52,Finance and Insurance,248.0,208.0,True
51195,Wise County,53,Real Estate and Rental and Leasing,49.0,51.0,True
51195,Wise County,54,"Professional, Scientific, and Technical Services",340.0,,False
51195,Wise County,55,Management of Companies and Enterprises,62.0,,False
51195,Wise County,56,Administrative and Support and Waste Management,1084.0,680.0,True
51195,Wise County,61,Educational Services,14.0,25.0,True
51195,Wise County,62,Health Care and Social Assistance,1652.0,1493.0,True
51195,Wise County,71,"Arts, Entertainment, and Recreation",,24.0,False
51195,Wise County,72,Accommodation and Food Services,,957.0,False
51195,Wise County,81,Other Services,134.0,149.0,True
51195,Wise County,99,Unclassified,9.0,34.0,True
51197,Wythe County,11,"Agriculture, Forestry, Fishing and Hunting",50.0,54.0,True
51197,Wythe County,21,"Mining, Quarrying, and Oil and Gas Extraction",115.0,136.0,True
51197,Wythe County,22,Utilities,,,False
51197,Wythe County,23,Construction,419.0,324.0,True
51197,Wythe County,31-33,Manufacturing,2302.0,2519.0,True
51197,Wythe County,42,Wholesale Trade,188.0,,False
51197,Wythe County,44-45,Retail Trade,1813.0,1724.0,True
51197,Wythe County,48-49,Transportation and Warehousing,,239.0,False
51197,Wythe County,51,Information,46.0,21.0,True
51197,Wythe County,52,Finance and Insurance,215.0,198.0,True
51197,Wythe County,53,Real Estate and Rental and Leasing,74.0,67.0,True
51197,Wythe County,54,"Professional, Scientific, and Technical Services",,189.0,False
51197,Wythe County,55,Management of Companies and Enterprises,,11.0,False
51197,Wythe County,56,Administrative and Support and Waste Management,433.0,483.0,True
51197,Wythe County,61,Educational Services,54.0,,False
51197,Wythe County,62,Health Care and Social Assistance,1218.0,,False
51197,Wythe County,71,"Arts, Entertainment, and Recreation",97.0,78.0,True
51197,Wythe County,72,Accommodation and Food Services,1299.0,1404.0,True
51197,Wythe County,81,Other Services,242.0,246.0,True
51197,Wythe County,99,Unclassified,41.0,24.0,True
51199,York County,11,"Agriculture, Forestry, Fishing and Hunting",11.0,14.0,True
51199,York County,22,Utilities,61.0,34.0,True
51199,York County,23,Construction,1488.0,1646.0,True
51199,York County,31-33,Manufacturing,363.0,506.0,True
51199,York County,42,Wholesale Trade,326.0,318.0,True
51199,York County,44-45,Retail Trade,3628.0,3444.0,True
51199,York County,48-49,Transportation and Warehousing,375.0,331.0,True
51199,York County,51,Information,74.0,30.0,True
51199,York County,52,Finance and Insurance,294.0,255.0,True
51199,York County,53,Real Estate and Rental and Leasing,325.0,329.0,True
51199,York County,54,"Professional, Scientific, and Technical Services",1307.0,1543.0,True
51199,York County,55,Management of Companies and Enterprises,391.0,412.0,True
51199,York County,56,Administrative and Support and Waste Management,1753.0,1309.0,True
51199,York County,61,Educational Services,128.0,288.0,True
51199,York County,62,Health Care and Social Assistance,1479.0,2772.0,True
51199,York County,71,"Arts, Entertainment, and Recreation",328.0,687.0,True
51199,York County,72,Accommodation and Food Services,3810.0,3310.0,True
51199,York County,81,Other Services,994.0,787.0,True
51199,York County,99,Unclassified,25.0,85.0,True
51510,Alexandria city,11,"Agriculture, Forestry, Fishing and Hunting",,,False
51510,Alexandria city,21,"Mining, Quarrying, and Oil and Gas Extraction",,,False
51510,Alexandria city,22,Utilities,,,False
51510,Alexandria city,23,Construction,1938.0,2196.0,True
51510,Alexandria city,31-33,Manufacturing,,,False
51510,Alexandria city,42,Wholesale Trade,,,False
51510,Alexandria city,44-45,Retail Trade,7443.0,6456.0,True
51510,Alexandria city,48-49,Transportation and Warehousing,2236.0,1402.0,True
51510,Alexandria city,51,Information,1225.0,,False
51510,Alexandria city,52,Finance and Insurance,2494.0,1993.0,True
51510,Alexandria city,53,Real Estate and Rental and Leasing,1578.0,2077.0,True
51510,Alexandria city,54,"Professional, Scientific, and Technical Services",16222.0,12688.0,True
51510,Alexandria city,55,Management of Companies and Enterprises,923.0,385.0,True
51510,Alexandria city,56,Administrative and Support and Waste Management,4890.0,4569.0,True
51510,Alexandria city,61,Educational Services,1395.0,1667.0,True
51510,Alexandria city,62,Health Care and Social Assistance,6799.0,8813.0,True
51510,Alexandria city,71,"Arts, Entertainment, and Recreation",878.0,717.0,True
51510,Alexandria city,72,Accommodation and Food Services,8564.0,8128.0,True
51510,Alexandria city,81,Other Services,9888.0,8298.0,True
51510,Alexandria city,99,Unclassified,216.0,,False
51520,Bristol city,11,"Agriculture, Forestry, Fishing and Hunting",,,False
51520,Bristol city,21,"Mining, Quarrying, and Oil and Gas Extraction",,,False
51520,Bristol city,22,Utilities,,,False
51520,Bristol city,23,Construction,,,False
51520,Bristol city,31-33,Manufacturing,1098.0,1531.0,True
51520,Bristol city,42,Wholesale Trade,,,False
51520,Bristol city,44-45,Retail Trade,1444.0,1228.0,True
51520,Bristol city,48-49,Transportation and Warehousing,366.0,873.0,True
51520,Bristol city,51,Information,165.0,,False
51520,Bristol city,52,Finance and Insurance,303.0,270.0,True
51520,Bristol city,53,Real Estate and Rental and Leasing,25.0,35.0,True
51520,Bristol city,54,"Professional, Scientific, and Technical Services",142.0,218.0,True
51520,Bristol city,55,Management of Companies and Enterprises,66.0,65.0,True
51520,Bristol city,56,Administrative and Support and Waste Management,226.0,291.0,True
51520,Bristol city,61,Educational Services,68.0,96.0,True
51520,Bristol city,62,Health Care and Social Assistance,862.0,1141.0,True
51520,Bristol city,71,"Arts, Entertainment, and Recreation",8.0,,False
51520,Bristol city,72,Accommodation and Food Services,1701.0,,False
51520,Bristol city,81,Other Services,288.0,226.0,True
51520,Bristol city,99,Unclassified,23.0,,False
51530,Buena Vista city,11,"Agriculture, Forestry, Fishing and Hunting",,,False
51530,Buena Vista city,22,Utilities,,,False
51530,Buena Vista city,23,Construction,,,False
51530,Buena Vista city,31-33,Manufacturing,703.0,,False
51530,Buena Vista city,42,Wholesale Trade,,18.0,False
51530,Buena Vista city,44-45,Retail Trade,153.0,136.0,True
51530,Buena Vista city,48-49,Transportation and Warehousing,,,False
51530,Buena Vista city,51,Information,,,False
51530,Buena Vista city,52,Finance and Insurance,24.0,19.0,True
51530,Buena Vista city,53,Real Estate and Rental and Leasing,7.0,,False
51530,Buena Vista city,54,"Professional, Scientific, and Technical Services",,,False
51530,Buena Vista city,55,Management of Companies and Enterprises,,,False
51530,Buena Vista city,56,Administrative and Support and Waste Management,407.0,,False
51530,Buena Vista city,61,Educational Services,,,False
51530,Buena Vista city,62,Health Care and Social Assistance,,,False
51530,Buena Vista city,71,"Arts, Entertainment, and Recreation",,,False
51530,Buena Vista city,72,Accommodation and Food Services,,,False
51530,Buena Vista city,81,Other Services,37.0,,False
51530,Buena Vista city,99,Unclassified,,,False
51540,Charlottesville city,11,"Agriculture, Forestry, Fishing and Hunting",10.0,,False
51540,Charlottesville city,21,"Mining, Quarrying, and Oil and Gas Extraction",,,False
51540,Charlottesville city,22,Utilities,,,False
51540,Charlottesville city,23,Construction,1800.0,1379.0,True
51540,Charlottesville city,31-33,Manufacturing,776.0,911.0,True
51540,Charlottesville city,42,Wholesale Trade,705.0,762.0,True
51540,Charlottesville city,44-45,Retail Trade,3243.0,2773.0,True
51540,Charlottesville city,48-49,Transportation and Warehousing,,,False
51540,Charlottesville city,51,Information,1245.0,621.0,True
51540,Charlottesville city,52,Finance and Insurance,1598.0,1242.0,True
51540,Charlottesville city,53,Real Estate and Rental and Leasing,536.0,576.0,True
51540,Charlottesville city,54,"Professional, Scientific, and Technical Services",2890.0,2933.0,True
51540,Charlottesville city,55,Management of Companies and Enterprises,474.0,538.0,True
51540,Charlottesville city,56,Administrative and Support and Waste Management,2562.0,1920.0,True
51540,Charlottesville city,61,Educational Services,726.0,978.0,True
51540,Charlottesville city,62,Health Care and Social Assistance,3442.0,3667.0,True
51540,Charlottesville city,71,"Arts, Entertainment, and Recreation",565.0,796.0,True
51540,Charlottesville city,72,Accommodation and Food Services,5885.0,5579.0,True
51540,Charlottesville city,81,Other Services,2251.0,1984.0,True
51540,Charlottesville city,99,Unclassified,100.0,122.0,True
51550,Chesapeake city,11,"Agriculture, Forestry, Fishing and Hunting",149.0,63.0,True
51550,Chesapeake city,21,"Mining, Quarrying, and Oil and Gas Extraction",62.0,60.0,True
51550,Chesapeake city,22,Utilities,129.0,137.0,True
51550,Chesapeake city,23,Construction,8783.0,10006.0,True
51550,Chesapeake city,31-33,Manufacturing,5142.0,5515.0,True
51550,Chesapeake city,42,Wholesale Trade,3904.0,3699.0,True
51550,Chesapeake city,44-45,Retail Trade,15523.0,12904.0,True
51550,Chesapeake city,48-49,Transportation and Warehousing,4349.0,8157.0,True
51550,Chesapeake city,51,Information,2120.0,1824.0,True
51550,Chesapeake city,52,Finance and Insurance,3425.0,3259.0,True
51550,Chesapeake city,53,Real Estate and Rental and Leasing,1376.0,1518.0,True
51550,Chesapeake city,54,"Professional, Scientific, and Technical Services",7222.0,7066.0,True
51550,Chesapeake city,55,Management of Companies and Enterprises,1942.0,2425.0,True
51550,Chesapeake city,56,Administrative and Support and Waste Management,7428.0,6829.0,True
51550,Chesapeake city,61,Educational Services,927.0,1124.0,True
51550,Chesapeake city,62,Health Care and Social Assistance,9044.0,11326.0,True
51550,Chesapeake city,71,"Arts, Entertainment, and Recreation",985.0,1393.0,True
51550,Chesapeake city,72,Accommodation and Food Services,10039.0,10080.0,True
51550,Chesapeake city,81,Other Services,4098.0,3548.0,True
51550,Chesapeake city,99,Unclassified,211.0,309.0,True
51570,Colonial Heights city,23,Construction,298.0,,False
51570,Colonial Heights city,31-33,Manufacturing,204.0,,False
51570,Colonial Heights city,42,Wholesale Trade,222.0,250.0,True
51570,Colonial Heights city,44-45,Retail Trade,2904.0,2645.0,True
51570,Colonial Heights city,48-49,Transportation and Warehousing,76.0,27.0,True
51570,Colonial Heights city,51,Information,68.0,,False
51570,Colonial Heights city,52,Finance and Insurance,232.0,228.0,True
51570,Colonial Heights city,53,Real Estate and Rental and Leasing,149.0,176.0,True
51570,Colonial Heights city,54,"Professional, Scientific, and Technical Services",242.0,,False
51570,Colonial Heights city,55,Management of Companies and Enterprises,,,False
51570,Colonial Heights city,56,Administrative and Support and Waste Management,372.0,264.0,True
51570,Colonial Heights city,61,Educational Services,25.0,,False
51570,Colonial Heights city,62,Health Care and Social Assistance,1736.0,,False
51570,Colonial Heights city,71,"Arts, Entertainment, and Recreation",197.0,143.0,True
51570,Colonial Heights city,72,Accommodation and Food Services,2155.0,2013.0,True
51570,Colonial Heights city,81,Other Services,384.0,418.0,True
51570,Colonial Heights city,99,Unclassified,9.0,,False
51580,Covington city,11,"Agriculture, Forestry, Fishing and Hunting",,,False
51580,Covington city,22,Utilities,,,False
51580,Covington city,23,Construction,479.0,,False
51580,Covington city,31-33,Manufacturing,,,False
51580,Covington city,42,Wholesale Trade,,41.0,False
51580,Covington city,44-45,Retail Trade,509.0,544.0,True
51580,Covington city,48-49,Transportation and Warehousing,149.0,,False
51580,Covington city,51,Information,52.0,,False
51580,Covington city,52,Finance and Insurance,94.0,88.0,True
51580,Covington city,53,Real Estate and Rental and Leasing,30.0,26.0,True
51580,Covington city,54,"Professional, Scientific, and Technical Services",47.0,,False
51580,Covington city,55,Management of Companies and Enterprises,,,False
51580,Covington city,56,Administrative and Support and Waste Management,114.0,53.0,True
51580,Covington city,61,Educational Services,,,False
51580,Covington city,62,Health Care and Social Assistance,,,False
51580,Covington city,71,"Arts, Entertainment, and Recreation",,,False
51580,Covington city,72,Accommodation and Food Services,,,False
51580,Covington city,81,Other Services,148.0,114.0,True
51580,Covington city,99,Unclassified,14.0,,False
51590,Danville city,11,"Agriculture, Forestry, Fishing and Hunting",,,False
51590,Danville city,22,Utilities,,,False
51590,Danville city,23,Construction,,,False
51590,Danville city,31-33,Manufacturing,3936.0,3341.0,True
51590,Danville city,42,Wholesale Trade,580.0,560.0,True
51590,Danville city,44-45,Retail Trade,3830.0,3645.0,True
51590,Danville city,48-49,Transportation and Warehousing,388.0,,False
51590,Danville city,51,Information,160.0,,False
51590,Danville city,52,Finance and Insurance,556.0,584.0,True
51590,Danville city,53,Real Estate and Rental and Leasing,239.0,358.0,True
51590,Danville city,54,"Professional, Scientific, and Technical Services",593.0,689.0,True
51590,Danville city,55,Management of Companies and Enterprises,225.0,181.0,True
51590,Danville city,56,Administrative and Support and Waste Management,1319.0,1176.0,True
51590,Danville city,61,Educational Services,593.0,397.0,True
51590,Danville city,62,Health Care and Social Assistance,5178.0,4660.0,True
51590,Danville city,71,"Arts, Entertainment, and Recreation",119.0,122.0,True
51590,Danville city,72,Accommodation and Food Services,2850.0,3971.0,True
51590,Danville city,81,Other Services,717.0,865.0,True
51590,Danville city,99,Unclassified,42.0,,False
51595,Emporia city,22,Utilities,,,False
51595,Emporia city,23,Construction,32.0,,False
51595,Emporia city,31-33,Manufacturing,574.0,,False
51595,Emporia city,42,Wholesale Trade,,,False
51595,Emporia city,44-45,Retail Trade,553.0,562.0,True
51595,Emporia city,48-49,Transportation and Warehousing,7.0,,False
51595,Emporia city,51,Information,,,False
51595,Emporia city,52,Finance and Insurance,54.0,44.0,True
51595,Emporia city,53,Real Estate and Rental and Leasing,48.0,23.0,True
51595,Emporia city,54,"Professional, Scientific, and Technical Services",41.0,,False
51595,Emporia city,55,Management of Companies and Enterprises,,,False
51595,Emporia city,56,Administrative and Support and Waste Management,114.0,199.0,True
51595,Emporia city,61,Educational Services,,,False
51595,Emporia city,62,Health Care and Social Assistance,881.0,860.0,True
51595,Emporia city,71,"Arts, Entertainment, and Recreation",54.0,,False
51595,Emporia city,72,Accommodation and Food Services,567.0,,False
51595,Emporia city,81,Other Services,,72.0,False
51595,Emporia city,99,Unclassified,,,False
51600,Fairfax city,22,Utilities,,,False
51600,Fairfax city,23,Construction,513.0,,False
51600,Fairfax city,31-33,Manufacturing,138.0,,False
51600,Fairfax city,42,Wholesale Trade,161.0,159.0,True
51600,Fairfax city,44-45,Retail Trade,3338.0,3170.0,True
51600,Fairfax city,48-49,Transportation and Warehousing,,,False
51600,Fairfax city,51,Information,291.0,,False
51600,Fairfax city,52,Finance and Insurance,927.0,894.0,True
51600,Fairfax city,53,Real Estate and Rental and Leasing,165.0,240.0,True
51600,Fairfax city,54,"Professional, Scientific, and Technical Services",2975.0,3496.0,True
51600,Fairfax city,55,Management of Companies and Enterprises,115.0,193.0,True
51600,Fairfax city,56,Administrative and Support and Waste Management,1349.0,1863.0,True
51600,Fairfax city,61,Educational Services,403.0,348.0,True
51600,Fairfax city,62,Health Care and Social Assistance,3422.0,4624.0,True
51600,Fairfax city,71,"Arts, Entertainment, and Recreation",569.0,605.0,True
51600,Fairfax city,72,Accommodation and Food Services,2516.0,3357.0,True
51600,Fairfax city,81,Other Services,1038.0,927.0,True
51600,Fairfax city,99,Unclassified,59.0,,False
51610,Falls Church city,23,Construction,378.0,476.0,True
51610,Falls Church city,31-33,Manufacturing,59.0,54.0,True
51610,Falls Church city,42,Wholesale Trade,72.0,112.0,True
51610,Falls Church city,44-45,Retail Trade,1222.0,1202.0,True
51610,Falls Church city,48-49,Transportation and Warehousing,97.0,53.0,True
51610,Falls Church city,51,Information,246.0,361.0,True
51610,Falls Church city,52,Finance and Insurance,193.0,271.0,True
51610,Falls Church city,53,Real Estate and Rental and Leasing,304.0,388.0,True
51610,Falls Church city,54,"Professional, Scientific, and Technical Services",1300.0,1166.0,True
51610,Falls Church city,55,Management of Companies and Enterprises,75.0,12.0,True
51610,Falls Church city,56,Administrative and Support and Waste Management,1127.0,192.0,True
51610,Falls Church city,61,Educational Services,502.0,622.0,True
51610,Falls Church city,62,Health Care and Social Assistance,1685.0,1989.0,True
51610,Falls Church city,71,"Arts, Entertainment, and Recreation",438.0,305.0,True
51610,Falls Church city,72,Accommodation and Food Services,1268.0,1538.0,True
51610,Falls Church city,81,Other Services,668.0,626.0,True
51610,Falls Church city,99,Unclassified,48.0,41.0,True
51620,Franklin city,11,"Agriculture, Forestry, Fishing and Hunting",8.0,,False
51620,Franklin city,23,Construction,24.0,,False
51620,Franklin city,31-33,Manufacturing,34.0,102.0,True
51620,Franklin city,42,Wholesale Trade,70.0,,False
51620,Franklin city,44-45,Retail Trade,972.0,838.0,True
51620,Franklin city,48-49,Transportation and Warehousing,22.0,,False
51620,Franklin city,51,Information,,,False
51620,Franklin city,52,Finance and Insurance,147.0,112.0,True
51620,Franklin city,53,Real Estate and Rental and Leasing,27.0,14.0,True
51620,Franklin city,54,"Professional, Scientific, and Technical Services",,,False
51620,Franklin city,55,Management of Companies and Enterprises,,,False
51620,Franklin city,56,Administrative and Support and Waste Management,275.0,,False
51620,Franklin city,61,Educational Services,,,False
51620,Franklin city,62,Health Care and Social Assistance,,,False
51620,Franklin city,71,"Arts, Entertainment, and Recreation",,,False
51620,Franklin city,72,Accommodation and Food Services,,,False
51620,Franklin city,81,Other Services,165.0,92.0,True
51620,Franklin city,99,Unclassified,,,False
51630,Fredericksburg city,11,"Agriculture, Forestry, Fishing and Hunting",,,False
51630,Fredericksburg city,22,Utilities,,,False
51630,Fredericksburg city,23,Construction,598.0,625.0,True
51630,Fredericksburg city,31-33,Manufacturing,,,False
51630,Fredericksburg city,42,Wholesale Trade,375.0,286.0,True
51630,Fredericksburg city,44-45,Retail Trade,3662.0,3349.0,True
51630,Fredericksburg city,48-49,Transportation and Warehousing,,,False
51630,Fredericksburg city,51,Information,279.0,,False
51630,Fredericksburg city,52,Finance and Insurance,688.0,526.0,True
51630,Fredericksburg city,53,Real Estate and Rental and Leasing,367.0,472.0,True
51630,Fredericksburg city,54,"Professional, Scientific, and Technical Services",1483.0,1685.0,True
51630,Fredericksburg city,55,Management of Companies and Enterprises,,,False
51630,Fredericksburg city,56,Administrative and Support and Waste Management,,,False
51630,Fredericksburg city,61,Educational Services,186.0,133.0,True
51630,Fredericksburg city,62,Health Care and Social Assistance,5792.0,7066.0,True
51630,Fredericksburg city,71,"Arts, Entertainment, and Recreation",371.0,522.0,True
51630,Fredericksburg city,72,Accommodation and Food Services,4189.0,4078.0,True
51630,Fredericksburg city,81,Other Services,764.0,792.0,True
51630,Fredericksburg city,99,Unclassified,57.0,,False
51640,Galax city,11,"Agriculture, Forestry, Fishing and Hunting",,,False
51640,Galax city,23,Construction,,,False
51640,Galax city,31-33,Manufacturing,1325.0,1007.0,True
51640,Galax city,42,Wholesale Trade,42.0,,False
51640,Galax city,44-45,Retail Trade,942.0,999.0,True
51640,Galax city,48-49,Transportation and Warehousing,60.0,,False
51640,Galax city,51,Information,76.0,,False
51640,Galax city,52,Finance and Insurance,113.0,101.0,True
51640,Galax city,53,Real Estate and Rental and Leasing,48.0,46.0,True
51640,Galax city,54,"Professional, Scientific, and Technical Services",,94.0,False
51640,Galax city,55,Management of Companies and Enterprises,,,False
51640,Galax city,56,Administrative and Support and Waste Management,183.0,166.0,True
51640,Galax city,61,Educational Services,,,False
51640,Galax city,62,Health Care and Social Assistance,1444.0,,False
51640,Galax city,71,"Arts, Entertainment, and Recreation",21.0,41.0,True
51640,Galax city,72,Accommodation and Food Services,489.0,490.0,True
51640,Galax city,81,Other Services,108.0,105.0,True
51640,Galax city,99,Unclassified,7.0,,False
51650,Hampton city,11,"Agriculture, Forestry, Fishing and Hunting",3.0,,False
51650,Hampton city,21,"Mining, Quarrying, and Oil and Gas Extraction",,,False
51650,Hampton city,22,Utilities,,,False
51650,Hampton city,23,Construction,2195.0,,False
51650,Hampton city,31-33,Manufacturing,2028.0,,False
51650,Hampton city,42,Wholesale Trade,,,False
51650,Hampton city,44-45,Retail Trade,5934.0,5231.0,True
51650,Hampton city,48-49,Transportation and Warehousing,1132.0,2095.0,True
51650,Hampton city,51,Information,422.0,,False
51650,Hampton city,52,Finance and Insurance,643.0,545.0,True
51650,Hampton city,53,Real Estate and Rental and Leasing,579.0,405.0,True
51650,Hampton city,54,"Professional, Scientific, and Technical Services",4631.0,4163.0,True
51650,Hampton city,55,Management of Companies and Enterprises,273.0,258.0,True
51650,Hampton city,56,Administrative and Support and Waste Management,3618.0,2124.0,True
51650,Hampton city,61,Educational Services,1446.0,1358.0,True
51650,Hampton city,62,Health Care and Social Assistance,6918.0,6675.0,True
51650,Hampton city,71,"Arts, Entertainment, and Recreation",402.0,737.0,True
51650,Hampton city,72,Accommodation and Food Services,5797.0,5493.0,True
51650,Hampton city,81,Other Services,1307.0,1048.0,True
51650,Hampton city,99,Unclassified,105.0,,False
51660,Harrisonburg city,11,"Agriculture, Forestry, Fishing and Hunting",,,False
51660,Harrisonburg city,21,"Mining, Quarrying, and Oil and Gas Extraction",,,False
51660,Harrisonburg city,22,Utilities,,,False
51660,Harrisonburg city,23,Construction,1078.0,,False
51660,Harrisonburg city,31-33,Manufacturing,3323.0,3884.0,True
51660,Harrisonburg city,42,Wholesale Trade,1162.0,909.0,True
51660,Harrisonburg city,44-45,Retail Trade,4685.0,4341.0,True
51660,Harrisonburg city,48-49,Transportation and Warehousing,270.0,371.0,True
51660,Harrisonburg city,51,Information,714.0,,False
51660,Harrisonburg city,52,Finance and Insurance,917.0,712.0,True
51660,Harrisonburg city,53,Real Estate and Rental and Leasing,414.0,338.0,True
51660,Harrisonburg city,54,"Professional, Scientific, and Technical Services",1005.0,981.0,True
51660,Harrisonburg city,55,Management of Companies and Enterprises,105.0,200.0,True
51660,Harrisonburg city,56,Administrative and Support and Waste Management,557.0,654.0,True
51660,Harrisonburg city,61,Educational Services,612.0,577.0,True
51660,Harrisonburg city,62,Health Care and Social Assistance,3349.0,3044.0,True
51660,Harrisonburg city,71,"Arts, Entertainment, and Recreation",178.0,214.0,True
51660,Harrisonburg city,72,Accommodation and Food Services,5149.0,4936.0,True
51660,Harrisonburg city,81,Other Services,780.0,742.0,True
51660,Harrisonburg city,99,Unclassified,32.0,,False
51670,Hopewell city,11,"Agriculture, Forestry, Fishing and Hunting",,,False
51670,Hopewell city,22,Utilities,101.0,,False
51670,Hopewell city,23,Construction,,,False
51670,Hopewell city,31-33,Manufacturing,1982.0,,False
51670,Hopewell city,42,Wholesale Trade,131.0,134.0,True
51670,Hopewell city,44-45,Retail Trade,672.0,521.0,True
51670,Hopewell city,48-49,Transportation and Warehousing,26.0,,False
51670,Hopewell city,51,Information,,,False
51670,Hopewell city,52,Finance and Insurance,110.0,83.0,True
51670,Hopewell city,53,Real Estate and Rental and Leasing,62.0,,False
51670,Hopewell city,54,"Professional, Scientific, and Technical Services",,,False
51670,Hopewell city,55,Management of Companies and Enterprises,,,False
51670,Hopewell city,56,Administrative and Support and Waste Management,334.0,319.0,True
51670,Hopewell city,61,Educational Services,,,False
51670,Hopewell city,62,Health Care and Social Assistance,,,False
51670,Hopewell city,71,"Arts, Entertainment, and Recreation",30.0,15.0,True
51670,Hopewell city,72,Accommodation and Food Services,792.0,748.0,True
51670,Hopewell city,81,Other Services,201.0,152.0,True
51670,Hopewell city,99,Unclassified,,,False
51678,Lexington city,11,"Agriculture, Forestry, Fishing and Hunting",,,False
51678,Lexington city,23,Construction,30.0,,False
51678,Lexington city,31-33,Manufacturing,,,False
51678,Lexington city,42,Wholesale Trade,,,False
51678,Lexington city,44-45,Retail Trade,316.0,,False
51678,Lexington city,48-49,Transportation and Warehousing,,,False
51678,Lexington city,51,Information,,,False
51678,Lexington city,52,Finance and Insurance,89.0,109.0,True
51678,Lexington city,53,Real Estate and Rental and Leasing,46.0,25.0,True
51678,Lexington city,54,"Professional, Scientific, and Technical Services",81.0,145.0,True
51678,Lexington city,56,Administrative and Support and Waste Management,3.0,11.0,True
51678,Lexington city,61,Educational Services,,,False
51678,Lexington city,62,Health Care and Social Assistance,,,False
51678,Lexington city,71,"Arts, Entertainment, and Recreation",25.0,,False
51678,Lexington city,72,Accommodation and Food Services,580.0,,False
51678,Lexington city,81,Other Services,151.0,159.0,True
51678,Lexington city,99,Unclassified,,,False
51680,Lynchburg city,11,"Agriculture, Forestry, Fishing and Hunting",,,False
51680,Lynchburg city,21,"Mining, Quarrying, and Oil and Gas Extraction",,,False
51680,Lynchburg city,22,Utilities,,,False
51680,Lynchburg city,23,Construction,,1753.0,False
51680,Lynchburg city,31-33,Manufacturing,6203.0,5343.0,True
51680,Lynchburg city,42,Wholesale Trade,1484.0,1297.0,True
51680,Lynchburg city,44-45,Retail Trade,6652.0,5574.0,True
51680,Lynchburg city,48-49,Transportation and Warehousing,,,False
51680,Lynchburg city,51,Information,449.0,366.0,True
51680,Lynchburg city,52,Finance and Insurance,1833.0,1597.0,True
51680,Lynchburg city,53,Real Estate and Rental and Leasing,716.0,560.0,True
51680,Lynchburg city,54,"Professional, Scientific, and Technical Services",2993.0,3205.0,True
51680,Lynchburg city,55,Management of Companies and Enterprises,935.0,899.0,True
51680,Lynchburg city,56,Administrative and Support and Waste Management,2666.0,1203.0,True
51680,Lynchburg city,61,Educational Services,1966.0,1707.0,True
51680,Lynchburg city,62,Health Care and Social Assistance,11224.0,10594.0,True
51680,Lynchburg city,71,"Arts, Entertainment, and Recreation",486.0,842.0,True
51680,Lynchburg city,72,Accommodation and Food Services,5662.0,5546.0,True
51680,Lynchburg city,81,Other Services,1643.0,1384.0,True
51680,Lynchburg city,99,Unclassified,83.0,88.0,True
51683,Manassas city,21,"Mining, Quarrying, and Oil and Gas Extraction",,,False
51683,Manassas city,22,Utilities,,,False
51683,Manassas city,23,Construction,,,False
51683,Manassas city,31-33,Manufacturing,2251.0,,False
51683,Manassas city,42,Wholesale Trade,386.0,510.0,True
51683,Manassas city,44-45,Retail Trade,2139.0,2293.0,True
51683,Manassas city,48-49,Transportation and Warehousing,,455.0,False
51683,Manassas city,51,Information,45.0,,False
51683,Manassas city,52,Finance and Insurance,362.0,319.0,True
51683,Manassas city,53,Real Estate and Rental and Leasing,265.0,264.0,True
51683,Manassas city,54,"Professional, Scientific, and Technical Services",3141.0,3483.0,True
51683,Manassas city,55,Management of Companies and Enterprises,136.0,,False
51683,Manassas city,56,Administrative and Support and Waste Management,1602.0,,False
51683,Manassas city,61,Educational Services,313.0,269.0,True
51683,Manassas city,62,Health Care and Social Assistance,4176.0,4544.0,True
51683,Manassas city,71,"Arts, Entertainment, and Recreation",137.0,162.0,True
51683,Manassas city,72,Accommodation and Food Services,2050.0,2103.0,True
51683,Manassas city,81,Other Services,861.0,895.0,True
51683,Manassas city,99,Unclassified,71.0,,False
51685,Manassas Park city,21,"Mining, Quarrying, and Oil and Gas Extraction",,,False
51685,Manassas Park city,22,Utilities,,,False
51685,Manassas Park city,23,Construction,1272.0,1078.0,True
51685,Manassas Park city,31-33,Manufacturing,,173.0,False
51685,Manassas Park city,42,Wholesale Trade,242.0,300.0,True
51685,Manassas Park city,44-45,Retail Trade,222.0,125.0,True
51685,Manassas Park city,48-49,Transportation and Warehousing,40.0,,False
51685,Manassas Park city,51,Information,,31.0,False
51685,Manassas Park city,52,Finance and Insurance,14.0,11.0,True
51685,Manassas Park city,53,Real Estate and Rental and Leasing,54.0,22.0,True
51685,Manassas Park city,54,"Professional, Scientific, and Technical Services",,,False
51685,Manassas Park city,55,Management of Companies and Enterprises,,,False
51685,Manassas Park city,56,Administrative and Support and Waste Management,345.0,458.0,True
51685,Manassas Park city,61,Educational Services,,,False
51685,Manassas Park city,62,Health Care and Social Assistance,,,False
51685,Manassas Park city,71,"Arts, Entertainment, and Recreation",10.0,,False
51685,Manassas Park city,72,Accommodation and Food Services,73.0,,False
51685,Manassas Park city,81,Other Services,170.0,127.0,True
51685,Manassas Park city,99,Unclassified,,19.0,False
51690,Martinsville city,11,"Agriculture, Forestry, Fishing and Hunting",,,False
51690,Martinsville city,21,"Mining, Quarrying, and Oil and Gas Extraction",,,False
51690,Martinsville city,22,Utilities,,,False
51690,Martinsville city,23,Construction,,,False
51690,Martinsville city,31-33,Manufacturing,847.0,840.0,True
51690,Martinsville city,42,Wholesale Trade,,,False
51690,Martinsville city,44-45,Retail Trade,1434.0,896.0,True
51690,Martinsville city,48-49,Transportation and Warehousing,126.0,,False
51690,Martinsville city,51,Information,83.0,,False
51690,Martinsville city,52,Finance and Insurance,194.0,140.0,True
51690,Martinsville city,53,Real Estate and Rental and Leasing,76.0,51.0,True
51690,Martinsville city,54,"Professional, Scientific, and Technical Services",137.0,225.0,True
51690,Martinsville city,55,Management of Companies and Enterprises,104.0,194.0,True
51690,Martinsville city,56,Administrative and Support and Waste Management,1173.0,891.0,True
51690,Martinsville city,61,Educational Services,,,False
51690,Martinsville city,62,Health Care and Social Assistance,,,False
51690,Martinsville city,71,"Arts, Entertainment, and Recreation",19.0,29.0,True
51690,Martinsville city,72,Accommodation and Food Services,747.0,718.0,True
51690,Martinsville city,81,Other Services,351.0,369.0,True
51690,Martinsville city,99,Unclassified,16.0,,False
51700,Newport News city,11,"Agriculture, Forestry, Fishing and Hunting",,,False
51700,Newport News city,21,"Mining, Quarrying, and Oil and Gas Extraction",,,False
51700,Newport News city,22,Utilities,,171.0,False
51700,Newport News city,23,Construction,3270.0,,False
51700,Newport News city,31-33,Manufacturing,28587.0,27916.0,True
51700,Newport News city,42,Wholesale Trade,1873.0,2307.0,True
51700,Newport News city,44-45,Retail Trade,9055.0,8490.0,True
51700,Newport News city,48-49,Transportation and Warehousing,,1370.0,False
51700,Newport News city,51,Information,1154.0,,False
51700,Newport News city,52,Finance and Insurance,1470.0,1266.0,True
51700,Newport News city,53,Real Estate and Rental and Leasing,1805.0,1805.0,True
51700,Newport News city,54,"Professional, Scientific, and Technical Services",4653.0,4834.0,True
51700,Newport News city,55,Management of Companies and Enterprises,2393.0,2070.0,True
51700,Newport News city,56,Administrative and Support and Waste Management,6278.0,3821.0,True
51700,Newport News city,61,Educational Services,911.0,1092.0,True
51700,Newport News city,62,Health Care and Social Assistance,12973.0,15266.0,True
51700,Newport News city,71,"Arts, Entertainment, and Recreation",1072.0,1018.0,True
51700,Newport News city,72,Accommodation and Food Services,7554.0,7084.0,True
51700,Newport News city,81,Other Services,2249.0,2200.0,True
51700,Newport News city,99,Unclassified,197.0,,False
51710,Norfolk city,11,"Agriculture, Forestry, Fishing and Hunting",,,False
51710,Norfolk city,21,"Mining, Quarrying, and Oil and Gas Extraction",,,False
51710,Norfolk city,22,Utilities,,384.0,False
51710,Norfolk city,23,Construction,4227.0,,False
51710,Norfolk city,31-33,Manufacturing,6517.0,,False
51710,Norfolk city,42,Wholesale Trade,,2951.0,False
51710,Norfolk city,44-45,Retail Trade,10539.0,9565.0,True
51710,Norfolk city,48-49,Transportation and Warehousing,7784.0,8572.0,True
51710,Norfolk city,51,Information,2345.0,,False
51710,Norfolk city,52,Finance and Insurance,5302.0,4641.0,True
51710,Norfolk city,53,Real Estate and Rental and Leasing,2431.0,2372.0,True
51710,Norfolk city,54,"Professional, Scientific, and Technical Services",8610.0,11723.0,True
51710,Norfolk city,55,Management of Companies and Enterprises,1681.0,1916.0,True
51710,Norfolk city,56,Administrative and Support and Waste Management,8931.0,8968.0,True
51710,Norfolk city,61,Educational Services,3374.0,1746.0,True
51710,Norfolk city,62,Health Care and Social Assistance,19792.0,23268.0,True
51710,Norfolk city,71,"Arts, Entertainment, and Recreation",1244.0,1702.0,True
51710,Norfolk city,72,Accommodation and Food Services,11644.0,10440.0,True
51710,Norfolk city,81,Other Services,4180.0,3484.0,True
51710,Norfolk city,99,Unclassified,216.0,,False
51720,Norton city,21,"Mining, Quarrying, and Oil and Gas Extraction",36.0,,False
51720,Norton city,22,Utilities,,,False
51720,Norton city,23,Construction,62.0,,False
51720,Norton city,31-33,Manufacturing,122.0,129.0,True
51720,Norton city,42,Wholesale Trade,81.0,84.0,True
51720,Norton city,44-45,Retail Trade,610.0,642.0,True
51720,Norton city,48-49,Transportation and Warehousing,,,False
51720,Norton city,51,Information,67.0,,False
51720,Norton city,52,Finance and Insurance,43.0,36.0,True
51720,Norton city,53,Real Estate and Rental and Leasing,38.0,23.0,True
51720,Norton city,54,"Professional, Scientific, and Technical Services",127.0,,False
51720,Norton city,55,Management of Companies and Enterprises,94.0,,False
51720,Norton city,56,Administrative and Support and Waste Management,75.0,,False
51720,Norton city,62,Health Care and Social Assistance,1054.0,891.0,True
51720,Norton city,72,Accommodation and Food Services,460.0,427.0,True
51720,Norton city,81,Other Services,55.0,59.0,True
51720,Norton city,99,Unclassified,6.0,,False
51730,Petersburg city,11,"Agriculture, Forestry, Fishing and Hunting",,,False
51730,Petersburg city,22,Utilities,,,False
51730,Petersburg city,23,Construction,,,False
51730,Petersburg city,31-33,Manufacturing,913.0,939.0,True
51730,Petersburg city,42,Wholesale Trade,314.0,293.0,True
51730,Petersburg city,44-45,Retail Trade,1372.0,1187.0,True
51730,Petersburg city,48-49,Transportation and Warehousing,,,False
51730,Petersburg city,51,Information,40.0,,False
51730,Petersburg city,52,Finance and Insurance,187.0,117.0,True
51730,Petersburg city,53,Real Estate and Rental and Leasing,166.0,121.0,True
51730,Petersburg city,54,"Professional, Scientific, and Technical Services",,,False
51730,Petersburg city,55,Management of Companies and Enterprises,,,False
51730,Petersburg city,56,Administrative and Support and Waste Management,688.0,737.0,True
51730,Petersburg city,61,Educational Services,,73.0,False
51730,Petersburg city,62,Health Care and Social Assistance,,3798.0,False
51730,Petersburg city,71,"Arts, Entertainment, and Recreation",21.0,,False
51730,Petersburg city,72,Accommodation and Food Services,968.0,,False
51730,Petersburg city,81,Other Services,802.0,549.0,True
51730,Petersburg city,99,Unclassified,56.0,,False
51735,Poquoson city,22,Utilities,,,False
51735,Poquoson city,23,Construction,178.0,,False
51735,Poquoson city,31-33,Manufacturing,5.0,,False
51735,Poquoson city,42,Wholesale Trade,24.0,,False
51735,Poquoson city,44-45,Retail Trade,217.0,219.0,True
51735,Poquoson city,48-49,Transportation and Warehousing,12.0,,False
51735,Poquoson city,51,Information,,,False
51735,Poquoson city,52,Finance and Insurance,41.0,44.0,True
51735,Poquoson city,53,Real Estate and Rental and Leasing,28.0,30.0,True
51735,Poquoson city,54,"Professional, Scientific, and Technical Services",,,False
51735,Poquoson city,55,Management of Companies and Enterprises,,,False
51735,Poquoson city,56,Administrative and Support and Waste Management,114.0,140.0,True
51735,Poquoson city,61,Educational Services,,,False
51735,Poquoson city,62,Health Care and Social Assistance,,,False
51735,Poquoson city,71,"Arts, Entertainment, and Recreation",,,False
51735,Poquoson city,72,Accommodation and Food Services,,,False
51735,Poquoson city,81,Other Services,97.0,124.0,True
51735,Poquoson city,99,Unclassified,,,False
51740,Portsmouth city,11,"Agriculture, Forestry, Fishing and Hunting",,,False
51740,Portsmouth city,22,Utilities,,,False
51740,Portsmouth city,23,Construction,1954.0,1980.0,True
51740,Portsmouth city,31-33,Manufacturing,,,False
51740,Portsmouth city,42,Wholesale Trade,,,False
51740,Portsmouth city,44-45,Retail Trade,2913.0,2565.0,True
51740,Portsmouth city,48-49,Transportation and Warehousing,2037.0,1867.0,True
51740,Portsmouth city,51,Information,253.0,,False
51740,Portsmouth city,52,Finance and Insurance,430.0,465.0,True
51740,Portsmouth city,53,Real Estate and Rental and Leasing,418.0,390.0,True
51740,Portsmouth city,54,"Professional, Scientific, and Technical Services",1409.0,1207.0,True
51740,Portsmouth city,55,Management of Companies and Enterprises,37.0,80.0,True
51740,Portsmouth city,56,Administrative and Support and Waste Management,2478.0,2958.0,True
51740,Portsmouth city,61,Educational Services,116.0,197.0,True
51740,Portsmouth city,62,Health Care and Social Assistance,7082.0,5637.0,True
51740,Portsmouth city,71,"Arts, Entertainment, and Recreation",140.0,1365.0,True
51740,Portsmouth city,72,Accommodation and Food Services,2203.0,2380.0,True
51740,Portsmouth city,81,Other Services,1490.0,1255.0,True
51740,Portsmouth city,99,Unclassified,69.0,,False
51750,Radford city,11,"Agriculture, Forestry, Fishing and Hunting",,,False
51750,Radford city,22,Utilities,,,False
51750,Radford city,23,Construction,,,False
51750,Radford city,31-33,Manufacturing,828.0,784.0,True
51750,Radford city,42,Wholesale Trade,87.0,58.0,True
51750,Radford city,44-45,Retail Trade,351.0,349.0,True
51750,Radford city,48-49,Transportation and Warehousing,,,False
51750,Radford city,51,Information,,,False
51750,Radford city,52,Finance and Insurance,92.0,68.0,True
51750,Radford city,53,Real Estate and Rental and Leasing,115.0,99.0,True
51750,Radford city,54,"Professional, Scientific, and Technical Services",,,False
51750,Radford city,55,Management of Companies and Enterprises,,,False
51750,Radford city,56,Administrative and Support and Waste Management,388.0,482.0,True
51750,Radford city,61,Educational Services,,,False
51750,Radford city,62,Health Care and Social Assistance,,,False
51750,Radford city,71,"Arts, Entertainment, and Recreation",31.0,15.0,True
51750,Radford city,72,Accommodation and Food Services,722.0,570.0,True
51750,Radford city,81,Other Services,91.0,65.0,True
51750,Radford city,99,Unclassified,,,False
51760,Richmond city,11,"Agriculture, Forestry, Fishing and Hunting",23.0,15.0,True
51760,Richmond city,21,"Mining, Quarrying, and Oil and Gas Extraction",29.0,33.0,True
51760,Richmond city,22,Utilities,307.0,196.0,True
51760,Richmond city,23,Construction,5909.0,5751.0,True
51760,Richmond city,31-33,Manufacturing,5694.0,4883.0,True
51760,Richmond city,42,Wholesale Trade,4184.0,4060.0,True
51760,Richmond city,44-45,Retail Trade,7654.0,7598.0,True
51760,Richmond city,48-49,Transportation and Warehousing,3657.0,3574.0,True
51760,Richmond city,51,Information,1408.0,1197.0,True
51760,Richmond city,52,Finance and Insurance,8624.0,8896.0,True
51760,Richmond city,53,Real Estate and Rental and Leasing,2094.0,5147.0,True
51760,Richmond city,54,"Professional, Scientific, and Technical Services",10462.0,11425.0,True
51760,Richmond city,55,Management of Companies and Enterprises,9128.0,9234.0,True
51760,Richmond city,56,Administrative and Support and Waste Management,9170.0,12240.0,True
51760,Richmond city,61,Educational Services,3765.0,4280.0,True
51760,Richmond city,62,Health Care and Social Assistance,23898.0,26348.0,True
51760,Richmond city,71,"Arts, Entertainment, and Recreation",2511.0,2957.0,True
51760,Richmond city,72,Accommodation and Food Services,12830.0,12217.0,True
51760,Richmond city,81,Other Services,5107.0,5669.0,True
51760,Richmond city,99,Unclassified,308.0,367.0,True
51770,Roanoke city,11,"Agriculture, Forestry, Fishing and Hunting",,,False
51770,Roanoke city,21,"Mining, Quarrying, and Oil and Gas Extraction",,,False
51770,Roanoke city,22,Utilities,,,False
51770,Roanoke city,23,Construction,3997.0,4787.0,True
51770,Roanoke city,31-33,Manufacturing,,,False
51770,Roanoke city,42,Wholesale Trade,,,False
51770,Roanoke city,44-45,Retail Trade,7539.0,6721.0,True
51770,Roanoke city,48-49,Transportation and Warehousing,3901.0,4008.0,True
51770,Roanoke city,51,Information,570.0,,False
51770,Roanoke city,52,Finance and Insurance,3022.0,2107.0,True
51770,Roanoke city,53,Real Estate and Rental and Leasing,876.0,859.0,True
51770,Roanoke city,54,"Professional, Scientific, and Technical Services",2593.0,2850.0,True
51770,Roanoke city,55,Management of Companies and Enterprises,2868.0,3364.0,True
51770,Roanoke city,56,Administrative and Support and Waste Management,2811.0,2412.0,True
51770,Roanoke city,61,Educational Services,490.0,541.0,True
51770,Roanoke city,62,Health Care and Social Assistance,12741.0,13880.0,True
51770,Roanoke city,71,"Arts, Entertainment, and Recreation",653.0,1624.0,True
51770,Roanoke city,72,Accommodation and Food Services,6308.0,5718.0,True
51770,Roanoke city,81,Other Services,2880.0,2218.0,True
51770,Roanoke city,99,Unclassified,92.0,,False
51775,Salem city,11,"Agriculture, Forestry, Fishing and Hunting",,,False
51775,Salem city,22,Utilities,,,False
51775,Salem city,23,Construction,,,False
51775,Salem city,31-33,Manufacturing,2749.0,2835.0,True
51775,Salem city,42,Wholesale Trade,1633.0,1956.0,True
51775,Salem city,44-45,Retail Trade,1842.0,1546.0,True
51775,Salem city,48-49,Transportation and Warehousing,472.0,,False
51775,Salem city,51,Information,81.0,,False
51775,Salem city,52,Finance and Insurance,531.0,436.0,True
51775,Salem city,53,Real Estate and Rental and Leasing,188.0,165.0,True
51775,Salem city,54,"Professional, Scientific, and Technical Services",619.0,568.0,True
51775,Salem city,55,Management of Companies and Enterprises,254.0,258.0,True
51775,Salem city,56,Administrative and Support and Waste Management,866.0,909.0,True
51775,Salem city,61,Educational Services,,619.0,False
51775,Salem city,62,Health Care and Social Assistance,,3600.0,False
51775,Salem city,71,"Arts, Entertainment, and Recreation",173.0,268.0,True
51775,Salem city,72,Accommodation and Food Services,1803.0,1475.0,True
51775,Salem city,81,Other Services,558.0,637.0,True
51775,Salem city,99,Unclassified,24.0,,False
51790,Staunton city,11,"Agriculture, Forestry, Fishing and Hunting",,,False
51790,Staunton city,22,Utilities,,,False
51790,Staunton city,23,Construction,,,False
51790,Staunton city,31-33,Manufacturing,493.0,326.0,True
51790,Staunton city,42,Wholesale Trade,241.0,,False
51790,Staunton city,44-45,Retail Trade,1568.0,1532.0,True
51790,Staunton city,48-49,Transportation and Warehousing,,547.0,False
51790,Staunton city,51,Information,32.0,,False
51790,Staunton city,52,Finance and Insurance,381.0,314.0,True
51790,Staunton city,53,Real Estate and Rental and Leasing,169.0,125.0,True
51790,Staunton city,54,"Professional, Scientific, and Technical Services",333.0,378.0,True
51790,Staunton city,55,Management of Companies and Enterprises,336.0,402.0,True
51790,Staunton city,56,Administrative and Support and Waste Management,247.0,300.0,True
51790,Staunton city,61,Educational Services,585.0,564.0,True
51790,Staunton city,62,Health Care and Social Assistance,1564.0,1700.0,True
51790,Staunton city,71,"Arts, Entertainment, and Recreation",99.0,142.0,True
51790,Staunton city,72,Accommodation and Food Services,1420.0,1393.0,True
51790,Staunton city,81,Other Services,567.0,540.0,True
51790,Staunton city,99,Unclassified,28.0,,False
51800,Suffolk city,11,"Agriculture, Forestry, Fishing and Hunting",,,False
51800,Suffolk city,21,"Mining, Quarrying, and Oil and Gas Extraction",,,False
51800,Suffolk city,22,Utilities,,,False
51800,Suffolk city,23,Construction,1238.0,1855.0,True
51800,Suffolk city,31-33,Manufacturing,2129.0,2190.0,True
51800,Suffolk city,42,Wholesale Trade,,,False
51800,Suffolk city,44-45,Retail Trade,3791.0,3904.0,True
51800,Suffolk city,48-49,Transportation and Warehousing,2323.0,9944.0,True
51800,Suffolk city,51,Information,160.0,133.0,True
51800,Suffolk city,52,Finance and Insurance,479.0,852.0,True
51800,Suffolk city,53,Real Estate and Rental and Leasing,246.0,240.0,True
51800,Suffolk city,54,"Professional, Scientific, and Technical Services",2936.0,3709.0,True
51800,Suffolk city,55,Management of Companies and Enterprises,617.0,576.0,True
51800,Suffolk city,56,Administrative and Support and Waste Management,1146.0,1480.0,True
51800,Suffolk city,61,Educational Services,349.0,368.0,True
51800,Suffolk city,62,Health Care and Social Assistance,4838.0,5920.0,True
51800,Suffolk city,71,"Arts, Entertainment, and Recreation",263.0,303.0,True
51800,Suffolk city,72,Accommodation and Food Services,3135.0,3094.0,True
51800,Suffolk city,81,Other Services,897.0,948.0,True
51800,Suffolk city,99,Unclassified,78.0,97.0,True
51810,Virginia Beach city,11,"Agriculture, Forestry, Fishing and Hunting",86.0,,False
51810,Virginia Beach city,21,"Mining, Quarrying, and Oil and Gas Extraction",,,False
51810,Virginia Beach city,22,Utilities,,,False
51810,Virginia Beach city,23,Construction,10324.0,9264.0,True
51810,Virginia Beach city,31-33,Manufacturing,6369.0,6678.0,True
51810,Virginia Beach city,42,Wholesale Trade,3731.0,,False
51810,Virginia Beach city,44-45,Retail Trade,22847.0,21635.0,True
51810,Virginia Beach city,48-49,Transportation and Warehousing,,,False
51810,Virginia Beach city,51,Information,3071.0,2082.0,True
51810,Virginia Beach city,52,Finance and Insurance,8241.0,6224.0,True
51810,Virginia Beach city,53,Real Estate and Rental and Leasing,4583.0,4476.0,True
51810,Virginia Beach city,54,"Professional, Scientific, and Technical Services",13163.0,13767.0,True
51810,Virginia Beach city,55,Management of Companies and Enterprises,2736.0,2881.0,True
51810,Virginia Beach city,56,Administrative and Support and Waste Management,11792.0,12013.0,True
51810,Virginia Beach city,61,Educational Services,3489.0,3534.0,True
51810,Virginia Beach city,62,Health Care and Social Assistance,23741.0,25375.0,True
51810,Virginia Beach city,71,"Arts, Entertainment, and Recreation",3172.0,4216.0,True
51810,Virginia Beach city,72,Accommodation and Food Services,24906.0,24635.0,True
51810,Virginia Beach city,81,Other Services,6068.0,5904.0,True
51810,Virginia Beach city,99,Unclassified,494.0,555.0,True
51820,Waynesboro city,11,"Agriculture, Forestry, Fishing and Hunting",,,False
51820,Waynesboro city,21,"Mining, Quarrying, and Oil and Gas Extraction",,,False
51820,Waynesboro city,22,Utilities,,,False
51820,Waynesboro city,23,Construction,,,False
51820,Waynesboro city,31-33,Manufacturing,1341.0,1124.0,True
51820,Waynesboro city,42,Wholesale Trade,,182.0,False
51820,Waynesboro city,44-45,Retail Trade,1857.0,2064.0,True
51820,Waynesboro city,48-49,Transportation and Warehousing,185.0,980.0,True
51820,Waynesboro city,51,Information,196.0,,False
51820,Waynesboro city,52,Finance and Insurance,201.0,169.0,True
51820,Waynesboro city,53,Real Estate and Rental and Leasing,113.0,108.0,True
51820,Waynesboro city,54,"Professional, Scientific, and Technical Services",270.0,348.0,True
51820,Waynesboro city,55,Management of Companies and Enterprises,438.0,522.0,True
51820,Waynesboro city,56,Administrative and Support and Waste Management,168.0,125.0,True
51820,Waynesboro city,61,Educational Services,,69.0,False
51820,Waynesboro city,62,Health Care and Social Assistance,,856.0,False
51820,Waynesboro city,71,"Arts, Entertainment, and Recreation",45.0,84.0,True
51820,Waynesboro city,72,Accommodation and Food Services,1467.0,1473.0,True
51820,Waynesboro city,81,Other Services,415.0,380.0,True
51820,Waynesboro city,99,Unclassified,11.0,,False
51830,Williamsburg city,11,"Agriculture, Forestry, Fishing and Hunting",,,False
51830,Williamsburg city,22,Utilities,,,False
51830,Williamsburg city,23,Construction,82.0,102.0,True
51830,Williamsburg city,31-33,Manufacturing,,,False
51830,Williamsburg city,42,Wholesale Trade,36.0,,False
51830,Williamsburg city,44-45,Retail Trade,1317.0,1054.0,True
51830,Williamsburg city,48-49,Transportation and Warehousing,13.0,,False
51830,Williamsburg city,51,Information,81.0,,False
51830,Williamsburg city,52,Finance and Insurance,166.0,123.0,True
51830,Williamsburg city,53,Real Estate and Rental and Leasing,95.0,128.0,True
51830,Williamsburg city,54,"Professional, Scientific, and Technical Services",588.0,372.0,True
51830,Williamsburg city,55,Management of Companies and Enterprises,,453.0,False
51830,Williamsburg city,56,Administrative and Support and Waste Management,,427.0,False
51830,Williamsburg city,61,Educational Services,,,False
51830,Williamsburg city,62,Health Care and Social Assistance,,,False
51830,Williamsburg city,71,"Arts, Entertainment, and Recreation",1172.0,,False
51830,Williamsburg city,72,Accommodation and Food Services,3523.0,,False
51830,Williamsburg city,81,Other Services,220.0,265.0,True
51830,Williamsburg city,99,Unclassified,36.0,,False
51840,Winchester city,11,"Agriculture, Forestry, Fishing and Hunting",,,False
51840,Winchester city,23,Construction,,,False
51840,Winchester city,31-33,Manufacturing,1393.0,1368.0,True
51840,Winchester city,42,Wholesale Trade,360.0,263.0,True
51840,Winchester city,44-45,Retail Trade,4192.0,3694.0,True
51840,Winchester city,48-49,Transportation and Warehousing,273.0,171.0,True
51840,Winchester city,51,Information,106.0,,False
51840,Winchester city,52,Finance and Insurance,654.0,526.0,True
51840,Winchester city,53,Real Estate and Rental and Leasing,363.0,214.0,True
51840,Winchester city,54,"Professional, Scientific, and Technical Services",,632.0,False
51840,Winchester city,55,Management of Companies and Enterprises,,,False
51840,Winchester city,56,Administrative and Support and Waste Management,969.0,,False
51840,Winchester city,61,Educational Services,1181.0,1036.0,True
51840,Winchester city,62,Health Care and Social Assistance,7188.0,7640.0,True
51840,Winchester city,71,"Arts, Entertainment, and Recreation",296.0,330.0,True
51840,Winchester city,72,Accommodation and Food Services,2680.0,2606.0,True
51840,Winchester city,81,Other Services,655.0,685.0,True
51840,Winchester city,99,Unclassified,40.0,,False
