area_fips,locality_name,industry_code,industry_title,2019,2025,employment_change,employment_growth_pct,growth_rank_within_locality,decline_rank_within_locality,state_industry_growth_rate,local_industry_growth_rate,statewide_growth_effect,industry_mix_effect,regional_competitive_effect,observed_employment_change,decomposition_sum,decomposition_error
51001,Accomack County,11,"Agriculture, Forestry, Fishing and Hunting",150.0,199.0,49.0,0.32666666666666666,4.0,10.0,-0.0450656018254421,0.32666666666666666,4.394532707988082,-11.154372981804398,55.759840273816316,49.0,49.0,0.0
51001,Accomack County,23,Construction,391.0,349.0,-42.0,-0.10741687979539642,9.0,5.0,0.13591228420498483,-0.10741687979539642,11.455081925488933,41.686621198660134,-95.14170312414906,-42.0,-41.99999999999999,-7.105427357601002e-15
51001,Accomack County,31-33,Manufacturing,3285.0,3229.0,-56.0,-0.01704718417047184,10.0,4.0,-0.03237878773034985,-0.01704718417047184,96.240266304939,-202.60458399913824,50.36431769419926,-56.0,-55.999999999999986,-1.4210854715202004e-14
51001,Accomack County,42,Wholesale Trade,240.0,167.0,-73.0,-0.30416666666666664,11.0,3.0,-0.05056216076505557,-0.30416666666666664,7.031252332780931,-19.166170916394268,-60.865081416386666,-73.0,-73.0,0.0
51001,Accomack County,44-45,Retail Trade,1300.0,1176.0,-124.0,-0.09538461538461539,13.0,1.0,-0.04443155394673292,-0.09538461538461539,38.08595013589671,-95.8469702666495,-66.2389798692472,-124.0,-124.0,0.0
51001,Accomack County,51,Information,81.0,96.0,15.0,0.18518518518518517,6.0,8.0,-0.026894309682406164,0.18518518518518517,2.373047662313564,-4.551486746588464,17.1784390842749,15.0,15.0,0.0
51001,Accomack County,52,Finance and Insurance,145.0,199.0,54.0,0.3724137931034483,3.0,11.0,-0.11480562033484625,0.3724137931034483,4.248048284388479,-20.894863232941184,70.64681494855272,54.0,54.000000000000014,-1.4210854715202004e-14
51001,Accomack County,53,Real Estate and Rental and Leasing,100.0,148.0,48.0,0.48,5.0,9.0,0.09487335052328227,0.48,2.9296884719920544,6.557646580336172,38.51266494767177,48.0,48.0,0.0
51001,Accomack County,54,"Professional, Scientific, and Technical Services",932.0,905.0,-27.0,-0.028969957081545063,8.0,6.0,0.02597243052605177,-0.028969957081545063,27.304696558965947,-3.0983913086856996,-51.206305250280245,-27.0,-26.999999999999996,-3.552713678800501e-15
51001,Accomack County,71,"Arts, Entertainment, and Recreation",104.0,173.0,69.0,0.6634615384615384,1.0,13.0,0.20360393832435444,0.6634615384615384,3.0468760108717365,18.127933574861128,47.82519041426714,69.0,69.0,0.0
51001,Accomack County,72,Accommodation and Food Services,1279.0,1337.0,58.0,0.04534792806880375,2.0,12.0,-0.018053005411673755,0.04534792806880375,37.47071555677838,-60.56050947830911,81.08979392153074,58.0,58.000000000000014,-1.4210854715202004e-14
51001,Accomack County,81,Other Services,364.0,287.0,-77.0,-0.21153846153846154,12.0,2.0,-0.04100189216848398,-0.21153846153846154,10.664066038051079,-25.588754787379248,-62.075311250671824,-77.0,-77.0,0.0
51001,Accomack County,99,Unclassified,15.0,24.0,9.0,0.6,7.0,7.0,0.16838424733161575,0.6,0.4394532707988082,2.086310439175428,6.474236290025764,9.0,9.0,0.0
51003,Albemarle County,11,"Agriculture, Forestry, Fishing and Hunting",719.0,719.0,0.0,0.0,13.0,8.0,-0.0450656018254421,0.0,21.06446011362287,-53.46662782611575,32.40216771249287,0.0,-7.105427357601002e-15,7.105427357601002e-15
51003,Albemarle County,21,"Mining, Quarrying, and Oil and Gas Extraction",46.0,43.0,-3.0,-0.06521739130434782,14.0,7.0,-0.17446043165467626,-0.06521739130434782,1.347656697116345,-9.372836553231453,5.025179856115108,-3.0,-2.999999999999999,-8.881784197001252e-16
51003,Albemarle County,22,Utilities,29.0,24.0,-5.0,-0.1724137931034483,15.0,6.0,0.00744013020227854,-0.1724137931034483,0.8496096568776959,-0.6338458810116181,-5.215763775866078,-5.0,-5.0,0.0
51003,Albemarle County,23,Construction,2262.0,2266.0,4.0,0.0017683465959328027,12.0,9.0,0.13591228420498483,0.0017683465959328027,66.26955323646027,241.1640336352154,-303.4335868716757,4.0,3.999999999999943,5.684341886080802e-14
51003,Albemarle County,31-33,Manufacturing,2259.0,2428.0,169.0,0.07481186365648516,6.0,15.0,-0.03237878773034985,0.07481186365648516,66.18166258230052,-139.3253440651608,242.14368148286027,169.0,169.0,0.0
51003,Albemarle County,42,Wholesale Trade,708.0,675.0,-33.0,-0.046610169491525424,17.0,4.0,-0.05056216076505557,-0.046610169491525424,20.742194381703747,-56.54020420336309,2.7980098216593428,-33.0,-33.0,0.0
51003,Albemarle County,44-45,Retail Trade,6108.0,5478.0,-630.0,-0.1031434184675835,20.0,1.0,-0.04443155394673292,-0.1031434184675835,178.94537186927468,-450.33330337591934,-358.61206849335537,-630.0,-630.0,0.0
51003,Albemarle County,48-49,Transportation and Warehousing,796.0,825.0,29.0,0.0364321608040201,10.0,11.0,0.3346557282617785,0.0364321608040201,23.320320237056755,243.06563945931893,-237.38595969637564,29.0,29.00000000000003,-2.842170943040401e-14
51003,Albemarle County,51,Information,810.0,822.0,12.0,0.014814814814814815,11.0,10.0,-0.026894309682406164,0.014814814814814815,23.73047662313564,-45.514867465884635,33.78439084274899,12.0,11.999999999999996,3.552713678800501e-15
51003,Albemarle County,52,Finance and Insurance,983.0,1043.0,60.0,0.061037639877924724,8.0,13.0,-0.11480562033484625,0.061037639877924724,28.798837679681895,-141.65276246883576,172.85392478915387,60.0,60.0,0.0
51003,Albemarle County,53,Real Estate and Rental and Leasing,950.0,1139.0,189.0,0.19894736842105262,5.0,16.0,0.09487335052328227,0.19894736842105262,27.83204048392452,62.29764251319364,98.87031700288183,189.0,189.0,0.0
51003,Albemarle County,54,"Professional, Scientific, and Technical Services",3778.0,4035.0,257.0,0.06802541026998411,2.0,19.0,0.02597243052605177,0.06802541026998411,110.68363047185981,-12.559787944436236,158.87615747257638,257.0,256.99999999999994,5.684341886080802e-14
51003,Albemarle County,55,Management of Companies and Enterprises,1355.0,1234.0,-121.0,-0.08929889298892989,18.0,3.0,0.103242628498516,-0.08929889298892989,39.69727879549234,100.19648281999683,-260.89376161548915,-121.0,-121.0,0.0
51003,Albemarle County,56,Administrative and Support and Waste Management,2037.0,2124.0,87.0,0.042709867452135494,7.0,14.0,-0.04737818404344833,0.042709867452135494,59.67775417447815,-156.1871150709824,183.50936089650426,87.0,87.00000000000001,-1.4210854715202004e-14
51003,Albemarle County,61,Educational Services,877.0,1096.0,219.0,0.24971493728620298,4.0,17.0,0.02353954608582529,0.24971493728620298,25.69336789937032,-5.04918598210154,198.35581808273125,219.0,219.00000000000003,-2.842170943040401e-14
51003,Albemarle County,62,Health Care and Social Assistance,6746.0,8447.0,1701.0,0.25214942187963235,1.0,20.0,0.13363830856047104,0.25214942187963235,197.636784320584,703.8872452283537,799.4759704510622,1701.0,1701.0,0.0
51003,Albemarle County,71,"Arts, Entertainment, and Recreation",1810.0,1783.0,-27.0,-0.014917127071823204,16.0,5.0,0.20360393832435444,-0.014917127071823204,53.027361343056185,315.4957670240254,-395.52312836708154,-27.0,-27.0,0.0
51003,Albemarle County,72,Accommodation and Food Services,4263.0,4516.0,253.0,0.05934787708186723,3.0,18.0,-0.018053005411673755,0.05934787708186723,124.89261956102129,-201.8525816309865,329.95996206996523,253.0,253.00000000000003,-2.842170943040401e-14
51003,Albemarle County,81,Other Services,2014.0,1859.0,-155.0,-0.07696127110228401,19.0,2.0,-0.04100189216848398,-0.07696127110228401,59.00392582591998,-141.5817366532467,-72.42218917267326,-155.0,-155.0,0.0
51003,Albemarle County,99,Unclassified,83.0,138.0,55.0,0.6626506024096386,9.0,12.0,0.16838424733161575,0.6626506024096386,2.4316414317534054,11.544251096770703,41.024107471475894,55.0,55.0,0.0
51005,Alleghany County,31-33,Manufacturing,445.0,339.0,-106.0,-0.23820224719101124,4.0,1.0,-0.03237878773034985,-0.23820224719101124,13.037113700364642,-27.445674240370323,-91.59143945999432,-106.0,-106.0,0.0
51005,Alleghany County,44-45,Retail Trade,286.0,240.0,-46.0,-0.16083916083916083,3.0,2.0,-0.04443155394673292,-0.16083916083916083,8.378909029897276,-21.08633345866289,-33.29257557123438,-46.0,-45.99999999999999,-7.105427357601002e-15
51005,Alleghany County,48-49,Transportation and Warehousing,61.0,91.0,30.0,0.4918032786885246,1.0,4.0,0.3346557282617785,0.4918032786885246,1.7871099679151532,18.626889456053334,9.586000576031513,30.0,30.0,0.0
51005,Alleghany County,81,Other Services,118.0,119.0,1.0,0.00847457627118644,2.0,3.0,-0.04100189216848398,0.00847457627118644,3.4570323969506243,-8.295255672831734,5.838223275881109,1.0,0.9999999999999991,8.881784197001252e-16
51007,Amelia County,23,Construction,378.0,444.0,66.0,0.1746031746031746,1.0,7.0,0.13591228420498483,0.1746031746031746,11.074222424129966,40.300621005354294,14.625156570515731,66.0,65.99999999999999,1.4210854715202004e-14
51007,Amelia County,31-33,Manufacturing,232.0,212.0,-20.0,-0.08620689655172414,6.0,2.0,-0.03237878773034985,-0.08620689655172414,6.796877255021567,-14.30875600846273,-12.488121246558837,-20.0,-20.0,0.0
51007,Amelia County,42,Wholesale Trade,160.0,117.0,-43.0,-0.26875,7.0,1.0,-0.05056216076505557,-0.26875,4.687501555187287,-12.77744727759618,-34.91005427759111,-43.0,-43.0,0.0
51007,Amelia County,44-45,Retail Trade,208.0,211.0,3.0,0.014423076923076924,4.0,4.0,-0.04443155394673292,0.014423076923076924,6.093752021743473,-15.33551524266392,12.241763220920447,3.0,3.0,0.0
51007,Amelia County,52,Finance and Insurance,35.0,32.0,-3.0,-0.08571428571428572,5.0,3.0,-0.11480562033484625,-0.08571428571428572,1.025390965197219,-5.043587676916838,1.0181967117196185,-3.0,-3.0000000000000004,4.440892098500626e-16
51007,Amelia County,54,"Professional, Scientific, and Technical Services",80.0,101.0,21.0,0.2625,3.0,5.0,0.02597243052605177,0.2625,2.3437507775936437,-0.2659563355095021,18.92220555791586,21.0,21.0,0.0
51007,Amelia County,81,Other Services,62.0,90.0,28.0,0.45161290322580644,2.0,6.0,-0.04100189216848398,0.45161290322580644,1.8164068526350738,-4.358524167081081,30.542117314446006,28.0,28.0,0.0
51009,Amherst County,31-33,Manufacturing,1369.0,1386.0,17.0,0.01241782322863404,2.0,9.0,-0.03237878773034985,0.01241782322863404,40.107435181571226,-84.43399558442016,61.32656040284895,17.0,17.000000000000014,-1.4210854715202004e-14
51009,Amherst County,42,Wholesale Trade,141.0,132.0,-9.0,-0.06382978723404255,7.0,4.0,-0.05056216076505557,-0.06382978723404255,4.130860745508797,-11.260125413381633,-1.870735332127164,-9.0,-9.0,0.0
51009,Amherst County,44-45,Retail Trade,1084.0,1074.0,-10.0,-0.00922509225092251,8.0,3.0,-0.04443155394673292,-0.00922509225092251,31.757823036393873,-79.92162751465236,38.163804478258484,-10.0,-10.0,0.0
51009,Amherst County,48-49,Transportation and Warehousing,225.0,127.0,-98.0,-0.43555555555555553,10.0,1.0,0.3346557282617785,-0.43555555555555553,6.5917990619821225,68.70573979691804,-173.29753885890017,-98.0,-98.0,0.0
51009,Amherst County,52,Finance and Insurance,120.0,109.0,-11.0,-0.09166666666666666,9.0,2.0,-0.11480562033484625,-0.09166666666666666,3.5156261663904655,-17.292300606572017,2.77667444018155,-11.0,-11.000000000000002,1.7763568394002505e-15
51009,Amherst County,53,Real Estate and Rental and Leasing,25.0,20.0,-5.0,-0.2,5.0,6.0,0.09487335052328227,-0.2,0.7324221179980136,1.639411645084043,-7.371833763082057,-5.0,-5.0,0.0
51009,Amherst County,54,"Professional, Scientific, and Technical Services",158.0,188.0,30.0,0.189873417721519,1.0,10.0,0.02597243052605177,0.189873417721519,4.6289077857474465,-0.5252637626312666,25.89635597688382,30.0,30.0,0.0
51009,Amherst County,71,"Arts, Entertainment, and Recreation",68.0,80.0,12.0,0.17647058823529413,3.0,8.0,0.20360393832435444,0.17647058823529413,1.992188160954597,11.852879645101506,-1.8450678060561014,12.0,12.000000000000002,-1.7763568394002505e-15
51009,Amherst County,72,Accommodation and Food Services,635.0,641.0,6.0,0.009448818897637795,4.0,7.0,-0.018053005411673755,0.009448818897637795,18.603521797149547,-30.06718023356238,17.463658436412835,6.0,6.0000000000000036,-3.552713678800501e-15
51009,Amherst County,81,Other Services,180.0,174.0,-6.0,-0.03333333333333333,6.0,5.0,-0.04100189216848398,-0.03333333333333333,5.2734392495856985,-12.653779839912815,1.3803405903271169,-6.0,-6.0,0.0
51011,Appomattox County,23,Construction,305.0,421.0,116.0,0.380327868852459,1.0,8.0,0.13591228420498483,0.380327868852459,8.935549839575767,32.5176968429446,74.54675331747963,116.0,116.0,0.0
51011,Appomattox County,31-33,Manufacturing,87.0,98.0,11.0,0.12643678160919541,4.0,5.0,-0.03237878773034985,0.12643678160919541,2.5488289706330876,-5.365783503173524,13.81695453254044,11.0,11.000000000000004,-3.552713678800501e-15
51011,Appomattox County,42,Wholesale Trade,60.0,50.0,-10.0,-0.16666666666666666,8.0,1.0,-0.05056216076505557,-0.16666666666666666,1.7578130831952328,-4.791542729098567,-6.9662703540966655,-10.0,-10.0,0.0
51011,Appomattox County,44-45,Retail Trade,662.0,669.0,7.0,0.010574018126888218,5.0,4.0,-0.04443155394673292,0.010574018126888218,19.3945376845874,-48.80822639732459,36.4136887127372,7.0,7.000000000000011,-1.0658141036401503e-14
51011,Appomattox County,52,Finance and Insurance,46.0,52.0,6.0,0.13043478260869565,6.0,3.0,-0.11480562033484625,0.13043478260869565,1.347656697116345,-6.628715232519273,11.281058535402927,6.0,5.999999999999999,8.881784197001252e-16
51011,Appomattox County,71,"Arts, Entertainment, and Recreation",34.0,70.0,36.0,1.0588235294117647,2.0,7.0,0.20360393832435444,1.0588235294117647,0.9960940804772985,5.926439822550753,29.07746609697195,36.0,36.0,0.0
51011,Appomattox County,72,Accommodation and Food Services,309.0,335.0,26.0,0.08414239482200647,3.0,6.0,-0.018053005411673755,0.08414239482200647,9.052737378455449,-14.631116050662637,31.578378672207194,26.0,26.000000000000007,-7.105427357601002e-15
51011,Appomattox County,81,Other Services,165.0,170.0,5.0,0.030303030303030304,7.0,2.0,-0.04100189216848398,0.030303030303030304,4.83398597878689,-11.599298186586747,11.765312207799859,5.0,5.000000000000002,-1.7763568394002505e-15
51013,Arlington County,22,Utilities,355.0,412.0,57.0,0.16056338028169015,8.0,8.0,0.00744013020227854,0.16056338028169015,10.400394075571795,-7.7591478537629115,54.35875377819112,57.0,57.00000000000001,-7.105427357601002e-15
51013,Arlington County,23,Construction,1947.0,2199.0,252.0,0.12942989214175654,7.0,9.0,0.13591228420498483,0.12942989214175654,57.0410345496853,207.58018279742015,-12.621217347105475,252.0,252.0,0.0
51013,Arlington County,42,Wholesale Trade,1623.0,1361.0,-262.0,-0.1614294516327788,9.0,7.0,-0.05056216076505557,-0.1614294516327788,47.548843900431045,-129.61123082211623,-179.9376130783148,-262.0,-262.0,0.0
51013,Arlington County,44-45,Retail Trade,9381.0,7419.0,-1962.0,-0.2091461464662616,14.0,2.0,-0.04443155394673292,-0.2091461464662616,274.83407555757464,-691.6464831318762,-1545.1875924256983,-1962.0,-1961.9999999999998,-2.2737367544323206e-13
51013,Arlington County,48-49,Transportation and Warehousing,9459.0,11007.0,1548.0,0.1636536631779258,2.0,14.0,0.3346557282617785,0.1636536631779258,277.11923256572845,2888.3893010624342,-1617.5085336281625,1548.0,1548.0000000000002,-2.2737367544323206e-13
51013,Arlington County,52,Finance and Insurance,3828.0,3149.0,-679.0,-0.17737722048066876,12.0,4.0,-0.11480562033484625,-0.17737722048066876,112.14847470785585,-551.6243893496472,-239.52408535820857,-679.0,-679.0,0.0
51013,Arlington County,53,Real Estate and Rental and Leasing,3240.0,4112.0,872.0,0.2691358024691358,4.0,12.0,0.09487335052328227,0.2691358024691358,94.92190649254256,212.46774920289198,564.6103443045655,872.0,872.0,0.0
51013,Arlington County,54,"Professional, Scientific, and Technical Services",46622.0,48108.0,1486.0,0.0318733645060272,3.0,13.0,0.02597243052605177,0.0318733645060272,1365.8793594121357,-154.9927034265501,275.11334401441457,1486.0,1486.0,0.0
51013,Arlington County,55,Management of Companies and Enterprises,3159.0,7881.0,4722.0,1.4947768281101614,1.0,15.0,0.103242628498516,1.4947768281101614,92.54885883022901,233.59460459658303,4395.856536573188,4722.0,4722.0,0.0
51013,Arlington County,56,Administrative and Support and Waste Management,11431.0,6975.0,-4456.0,-0.3898171638526813,15.0,1.0,-0.04737818404344833,-0.3898171638526813,334.8926892334118,-876.4727110340697,-3914.4199781993416,-4456.0,-4456.0,0.0
51013,Arlington County,61,Educational Services,4034.0,3595.0,-439.0,-0.10882498760535449,10.0,6.0,0.02353954608582529,-0.10882498760535449,118.18363296015949,-23.225104049940263,-533.9585289102192,-439.0,-439.0,0.0
51013,Arlington County,62,Health Care and Social Assistance,10437.0,11159.0,722.0,0.0691769665612724,5.0,11.0,0.13363830856047104,0.0691769665612724,305.77158582181073,1089.0114406238256,-672.7830264456362,722.0,722.0000000000001,-1.1368683772161603e-13
51013,Arlington County,71,"Arts, Entertainment, and Recreation",2636.0,2942.0,306.0,0.11608497723823975,6.0,10.0,0.20360393832435444,0.11608497723823975,77.22658812171056,459.4733933012878,-230.69998142299832,306.0,306.0,0.0
51013,Arlington County,72,Accommodation and Food Services,15661.0,14802.0,-859.0,-0.054849626460634696,13.0,3.0,-0.018053005411673755,-0.054849626460634696,458.8185115986757,-741.5466293508982,-576.2718822477773,-859.0,-858.9999999999998,-2.2737367544323206e-13
51013,Arlington County,81,Other Services,11133.0,10568.0,-565.0,-0.05075002245576215,11.0,5.0,-0.04100189216848398,-0.05075002245576215,326.16221758687544,-782.6362830986076,-108.52593448826784,-565.0,-565.0,0.0
51015,Augusta County,23,Construction,1931.0,2141.0,210.0,0.10875194199896426,5.0,12.0,0.13591228420498483,0.10875194199896426,56.57228439416657,205.87433640565914,-52.44662079982571,210.0,210.0,0.0
51015,Augusta County,31-33,Manufacturing,5898.0,6744.0,846.0,0.14343845371312308,2.0,15.0,-0.03237878773034985,0.14343845371312308,172.79302607809137,-363.7631161116948,1036.9700900336034,846.0,846.0,0.0
51015,Augusta County,44-45,Retail Trade,2058.0,2115.0,57.0,0.027696793002915453,6.0,11.0,-0.04443155394673292,0.027696793002915453,60.29298875359648,-151.73312677597283,148.44013802237635,57.0,57.0,0.0
51015,Augusta County,48-49,Transportation and Warehousing,3367.0,4326.0,959.0,0.28482328482328484,1.0,16.0,0.3346557282617785,0.28482328482328484,98.64261085197248,1028.1432262054357,-167.78583705740806,959.0,959.0,0.0
51015,Augusta County,51,Information,118.0,57.0,-61.0,-0.5169491525423728,14.0,3.0,-0.026894309682406164,-0.5169491525423728,3.4570323969506243,-6.630560939474552,-57.82647145747607,-61.0,-60.99999999999999,-7.105427357601002e-15
51015,Augusta County,52,Finance and Insurance,276.0,330.0,54.0,0.1956521739130435,7.0,10.0,-0.11480562033484625,0.1956521739130435,8.08594018269807,-39.77229139511564,85.68635121241756,54.0,54.0,0.0
51015,Augusta County,53,Real Estate and Rental and Leasing,251.0,213.0,-38.0,-0.15139442231075698,13.0,4.0,0.09487335052328227,-0.15139442231075698,7.353518064700057,16.459692916643792,-61.81321098134385,-38.0,-38.0,0.0
51015,Augusta County,54,"Professional, Scientific, and Technical Services",500.0,467.0,-33.0,-0.066,12.0,5.0,0.02597243052605177,-0.066,14.648442359960272,-1.6622270969343882,-45.98621526302589,-33.0,-33.00000000000001,7.105427357601002e-15
51015,Augusta County,55,Management of Companies and Enterprises,40.0,70.0,30.0,0.75,8.0,9.0,0.103242628498516,0.75,1.1718753887968218,2.9578297511438176,25.87029486005936,30.0,30.0,0.0
51015,Augusta County,56,Administrative and Support and Waste Management,1328.0,1300.0,-28.0,-0.02108433734939759,11.0,6.0,-0.04737818404344833,-0.02108433734939759,38.90626290805449,-101.82449131775387,34.91822840969939,-28.0,-27.999999999999993,-7.105427357601002e-15
51015,Augusta County,61,Educational Services,275.0,542.0,267.0,0.9709090909090909,4.0,13.0,0.02353954608582529,0.9709090909090909,8.05664329797815,-1.5832681243761955,260.52662482639806,267.0,267.0,0.0
51015,Augusta County,62,Health Care and Social Assistance,4016.0,4673.0,657.0,0.16359561752988047,3.0,14.0,0.13363830856047104,0.16359561752988047,117.65628903520091,419.0351581436508,120.30855282114827,657.0,657.0,0.0
51015,Augusta County,71,"Arts, Entertainment, and Recreation",100.0,74.0,-26.0,-0.26,10.0,7.0,0.20360393832435444,-0.26,2.9296884719920544,17.43070536044339,-46.36039383243544,-26.0,-25.999999999999996,-3.552713678800501e-15
51015,Augusta County,72,Accommodation and Food Services,1661.0,1542.0,-119.0,-0.0716435881998796,16.0,1.0,-0.018053005411673755,-0.0716435881998796,48.66212551978803,-78.64816750857813,-89.0139580112099,-119.0,-119.0,0.0
51015,Augusta County,81,Other Services,491.0,398.0,-93.0,-0.1894093686354379,15.0,2.0,-0.04100189216848398,-0.1894093686354379,14.384770397480988,-34.51669945220662,-72.86807094527437,-93.0,-93.0,0.0
51015,Augusta County,99,Unclassified,58.0,58.0,0.0,0.0,9.0,8.0,0.16838424733161575,0.0,1.6992193137553917,8.067067031478322,-9.766286345233713,0.0,0.0,0.0
51017,Bath County,44-45,Retail Trade,58.0,53.0,-5.0,-0.08620689655172414,3.0,1.0,-0.04443155394673292,-0.08620689655172414,1.6992193137553917,-4.2762494426659,-2.422969871089491,-5.0,-5.0,0.0
51017,Bath County,54,"Professional, Scientific, and Technical Services",112.0,125.0,13.0,0.11607142857142858,1.0,3.0,0.02597243052605177,0.11607142857142858,3.2812510886311013,-0.37233886971330293,10.091087781082202,13.0,13.0,0.0
51017,Bath County,81,Other Services,37.0,38.0,1.0,0.02702702702702703,2.0,2.0,-0.04100189216848398,0.02702702702702703,1.0839847346370601,-2.6010547448709675,2.5170700102339074,1.0,1.0,0.0
51019,Bedford County,23,Construction,1214.0,1330.0,116.0,0.09555189456342669,5.0,10.0,0.13591228420498483,0.09555189456342669,35.56641804998354,129.43109497486805,-48.99751302485158,116.0,116.0,0.0
51019,Bedford County,31-33,Manufacturing,2102.0,1858.0,-244.0,-0.11607992388201713,13.0,2.0,-0.03237878773034985,-0.11607992388201713,61.582051681272986,-129.64226349046837,-175.9397881908046,-244.0,-243.99999999999997,-2.842170943040401e-14
51019,Bedford County,42,Wholesale Trade,1007.0,707.0,-300.0,-0.29791459781529295,14.0,1.0,-0.05056216076505557,-0.29791459781529295,29.50196291295999,-80.41805880337095,-249.08390410958904,-300.0,-300.0,0.0
51019,Bedford County,44-45,Retail Trade,2334.0,2536.0,202.0,0.08654670094258783,1.0,14.0,-0.04443155394673292,0.08654670094258783,68.37892893629456,-172.08217584796918,305.7032469116746,202.0,202.0,0.0
51019,Bedford County,51,Information,70.0,69.0,-1.0,-0.014285714285714285,9.0,6.0,-0.026894309682406164,-0.014285714285714285,2.050781930394438,-3.93338360816287,0.8826016777684316,-1.0,-1.0000000000000002,2.220446049250313e-16
51019,Bedford County,52,Finance and Insurance,434.0,445.0,11.0,0.02534562211981567,8.0,7.0,-0.11480562033484625,0.02534562211981567,12.714847968445516,-62.54048719376879,60.82563922532328,11.0,11.000000000000007,-7.105427357601002e-15
51019,Bedford County,53,Real Estate and Rental and Leasing,423.0,436.0,13.0,0.030732860520094562,7.0,8.0,0.09487335052328227,0.030732860520094562,12.39258223652639,27.73884503482201,-27.1314272713484,13.0,13.0,0.0
51019,Bedford County,54,"Professional, Scientific, and Technical Services",1249.0,1067.0,-182.0,-0.14571657325860687,12.0,3.0,0.02597243052605177,-0.14571657325860687,36.591809015180765,-4.152243288142102,-214.43956572703866,-182.0,-182.0,0.0
51019,Bedford County,61,Educational Services,47.0,211.0,164.0,3.4893617021276597,2.0,13.0,0.02353954608582529,3.4893617021276597,1.3769535818362657,-0.270594915802477,162.8936413339662,164.0,164.0,0.0
51019,Bedford County,62,Health Care and Social Assistance,2473.0,2446.0,-27.0,-0.010917913465426607,10.0,5.0,0.13363830856047104,-0.010917913465426607,72.4511959123635,258.03634115768136,-357.4875370700449,-27.0,-27.0,0.0
51019,Bedford County,71,"Arts, Entertainment, and Recreation",270.0,390.0,120.0,0.4444444444444444,4.0,11.0,0.20360393832435444,0.4444444444444444,7.910158874378547,47.06290447319716,65.0269366524243,120.0,120.0,0.0
51019,Bedford County,72,Accommodation and Food Services,1606.0,1566.0,-40.0,-0.024906600249066,11.0,4.0,-0.018053005411673755,-0.024906600249066,47.0507968601924,-76.04392355134044,-11.006873308851949,-40.0,-39.99999999999999,-7.105427357601002e-15
51019,Bedford County,81,Other Services,817.0,958.0,141.0,0.17258261933904528,3.0,12.0,-0.04100189216848398,0.17258261933904528,23.935554816175085,-57.434100717826496,174.49854590165143,141.0,141.0,0.0
51019,Bedford County,99,Unclassified,63.0,94.0,31.0,0.49206349206349204,6.0,9.0,0.16838424733161575,0.49206349206349204,1.8457037373549943,8.762503844536798,20.391792418108203,31.0,30.999999999999996,3.552713678800501e-15
51021,Bland County,31-33,Manufacturing,602.0,722.0,120.0,0.19933554817275748,1.0,2.0,-0.03237878773034985,0.19933554817275748,17.636724601392167,-37.12875481506278,139.4920302136706,120.0,120.0,0.0
51021,Bland County,44-45,Retail Trade,125.0,120.0,-5.0,-0.04,2.0,1.0,-0.04443155394673292,-0.04,3.662110589990068,-9.216054833331683,0.5539442433416149,-5.0,-5.0,0.0
51023,Botetourt County,23,Construction,751.0,712.0,-39.0,-0.05193075898801598,12.0,3.0,0.13591228420498483,-0.05193075898801598,22.00196042466033,80.06816501328328,-141.07012543794363,-39.0,-39.00000000000003,2.842170943040401e-14
51023,Botetourt County,31-33,Manufacturing,1986.0,2288.0,302.0,0.15206445115810674,1.0,14.0,-0.03237878773034985,0.15206445115810674,58.1836130537622,-122.48788548623699,366.3042724324748,302.0,302.0,0.0
51023,Botetourt County,42,Wholesale Trade,1519.0,1758.0,239.0,0.15734035549703754,2.0,13.0,-0.05056216076505557,0.15734035549703754,44.50196788955931,-121.30589009167872,315.80392220211945,239.0,239.00000000000006,-5.684341886080802e-14
51023,Botetourt County,44-45,Retail Trade,754.0,781.0,27.0,0.03580901856763926,5.0,10.0,-0.04443155394673292,0.03580901856763926,22.089851078820093,-55.59124275465671,60.50139167583662,27.0,27.000000000000007,-7.105427357601002e-15
51023,Botetourt County,51,Information,85.0,26.0,-59.0,-0.6941176470588235,13.0,2.0,-0.026894309682406164,-0.6941176470588235,2.4902352011932463,-4.776251524197771,-56.713983676995475,-59.0,-59.0,0.0
51023,Botetourt County,52,Finance and Insurance,137.0,194.0,57.0,0.41605839416058393,4.0,11.0,-0.11480562033484625,0.41605839416058393,4.0136732066291145,-19.74204319250305,72.72836998587394,57.0,57.0,0.0
51023,Botetourt County,53,Real Estate and Rental and Leasing,110.0,105.0,-5.0,-0.045454545454545456,9.0,6.0,0.09487335052328227,-0.045454545454545456,3.22265731919126,7.2134112383697895,-15.436068557561052,-5.0,-5.000000000000002,1.7763568394002505e-15
51023,Botetourt County,54,"Professional, Scientific, and Technical Services",214.0,289.0,75.0,0.35046728971962615,3.0,12.0,0.02597243052605177,0.35046728971962615,6.2695333300629965,-0.7114331974879181,69.44189986742492,75.0,75.0,0.0
51023,Botetourt County,55,Management of Companies and Enterprises,157.0,153.0,-4.0,-0.025477707006369428,8.0,7.0,0.103242628498516,-0.025477707006369428,4.599610901027526,11.609481773239485,-20.209092674267012,-4.0,-4.0,0.0
51023,Botetourt County,56,Administrative and Support and Waste Management,1267.0,901.0,-366.0,-0.2888713496448303,14.0,1.0,-0.04737818404344833,-0.2888713496448303,37.11915294013933,-97.14731212318837,-305.97184081695093,-366.0,-366.0,0.0
51023,Botetourt County,71,"Arts, Entertainment, and Recreation",18.0,25.0,7.0,0.3888888888888889,6.0,9.0,0.20360393832435444,0.3888888888888889,0.5273439249585699,3.1375269648798105,3.33512911016162,7.0,7.0,0.0
51023,Botetourt County,72,Accommodation and Food Services,928.0,913.0,-15.0,-0.016163793103448277,11.0,4.0,-0.018053005411673755,-0.016163793103448277,27.187509020086267,-43.94069804211951,1.7531890220332431,-15.0,-14.999999999999996,-3.552713678800501e-15
51023,Botetourt County,81,Other Services,227.0,216.0,-11.0,-0.048458149779735685,10.0,5.0,-0.04100189216848398,-0.048458149779735685,6.650392831421964,-15.957822353667828,-1.6925704777541366,-11.0,-11.0,0.0
51023,Botetourt County,99,Unclassified,52.0,52.0,0.0,0.0,7.0,8.0,0.16838424733161575,0.0,1.5234380054358683,7.232542855808151,-8.75598086124402,0.0,0.0,0.0
51025,Brunswick County,23,Construction,207.0,196.0,-11.0,-0.05314009661835749,5.0,3.0,0.13591228420498483,-0.05314009661835749,6.064455137023553,22.069387693408306,-39.13384283043186,-11.0,-11.0,0.0
51025,Brunswick County,31-33,Manufacturing,249.0,261.0,12.0,0.04819277108433735,3.0,5.0,-0.03237878773034985,0.04819277108433735,7.294924295260216,-15.357242440117327,20.062318144857112,12.0,12.000000000000002,-1.7763568394002505e-15
51025,Brunswick County,44-45,Retail Trade,276.0,245.0,-31.0,-0.11231884057971014,6.0,2.0,-0.04443155394673292,-0.11231884057971014,8.08594018269807,-20.349049071996355,-18.736891110701713,-31.0,-30.999999999999996,-3.552713678800501e-15
51025,Brunswick County,48-49,Transportation and Warehousing,109.0,166.0,57.0,0.5229357798165137,1.0,7.0,0.3346557282617785,0.5229357798165137,3.1933604344713395,33.28411394606252,20.522525619466144,57.0,57.0,0.0
51025,Brunswick County,52,Finance and Insurance,59.0,107.0,48.0,0.8135593220338984,2.0,6.0,-0.11480562033484625,0.8135593220338984,1.7285161984753121,-8.50204779823124,54.77353159975593,48.0,48.0,0.0
51025,Brunswick County,53,Real Estate and Rental and Leasing,8.0,9.0,1.0,0.125,4.0,4.0,0.09487335052328227,0.125,0.23437507775936436,0.5246117264268938,0.2410131958137418,1.0,1.0,0.0
51025,Brunswick County,56,Administrative and Support and Waste Management,582.0,230.0,-352.0,-0.6048109965635738,7.0,1.0,-0.04737818404344833,-0.6048109965635738,17.050786906993757,-44.62489002028069,-324.4258968867131,-352.0,-352.0,0.0
51027,Buchanan County,23,Construction,347.0,106.0,-241.0,-0.6945244956772334,11.0,1.0,0.13591228420498483,-0.6945244956772334,10.16601899781243,36.9955436213173,-288.1615626191297,-241.0,-240.99999999999997,-2.842170943040401e-14
51027,Buchanan County,31-33,Manufacturing,192.0,249.0,57.0,0.296875,1.0,11.0,-0.03237878773034985,0.296875,5.6250018662247445,-11.841729110451915,63.21672724422717,57.0,57.0,0.0
51027,Buchanan County,44-45,Retail Trade,653.0,600.0,-53.0,-0.08116385911179173,9.0,3.0,-0.04443155394673292,-0.08116385911179173,19.130865722108116,-48.144670449324714,-23.986195272783405,-53.0,-53.0,0.0
51027,Buchanan County,51,Information,15.0,17.0,2.0,0.13333333333333333,3.0,8.0,-0.026894309682406164,0.13333333333333333,0.4394532707988082,-0.8428679160349007,2.4034146452360923,2.0,1.9999999999999998,2.220446049250313e-16
51027,Buchanan County,52,Finance and Insurance,128.0,93.0,-35.0,-0.2734375,8.0,4.0,-0.11480562033484625,-0.2734375,3.75000124414983,-18.44512064701015,-20.30488059713968,-35.0,-35.0,0.0
51027,Buchanan County,53,Real Estate and Rental and Leasing,26.0,28.0,2.0,0.07692307692307693,4.0,9.0,0.09487335052328227,0.07692307692307693,0.7617190027179341,1.7049881108874048,-0.466707113605339,2.0,2.0,0.0
51027,Buchanan County,54,"Professional, Scientific, and Technical Services",313.0,170.0,-143.0,-0.45686900958466453,10.0,2.0,0.02597243052605177,-0.45686900958466453,9.16992491733513,-1.040554162680927,-151.1293707546542,-143.0,-143.0,0.0
51027,Buchanan County,61,Educational Services,171.0,166.0,-5.0,-0.029239766081871343,5.0,7.0,0.02353954608582529,-0.029239766081871343,5.009767287106413,-0.9845049064302888,-9.025262380676123,-5.0,-4.999999999999998,-1.7763568394002505e-15
51027,Buchanan County,62,Health Care and Social Assistance,673.0,678.0,5.0,0.007429420505200594,2.0,10.0,0.13363830856047104,0.007429420505200594,19.716803416506526,70.22177824469048,-84.938581661197,5.0,5.0,0.0
51027,Buchanan County,81,Other Services,128.0,120.0,-8.0,-0.0625,6.0,6.0,-0.04100189216848398,-0.0625,3.75000124414983,-8.998243441715779,-2.7517578024340503,-8.0,-7.999999999999999,-8.881784197001252e-16
51027,Buchanan County,99,Unclassified,15.0,5.0,-10.0,-0.6666666666666666,7.0,5.0,0.16838424733161575,-0.6666666666666666,0.4394532707988082,2.086310439175428,-12.525763709974235,-10.0,-10.0,0.0
51029,Buckingham County,23,Construction,175.0,184.0,9.0,0.05142857142857143,3.0,10.0,0.13591228420498483,0.05142857142857143,5.126954825986095,18.65769490988625,-14.784649735872344,9.0,8.999999999999998,1.7763568394002505e-15
51029,Buckingham County,31-33,Manufacturing,142.0,125.0,-17.0,-0.11971830985915492,8.0,5.0,-0.03237878773034985,-0.11971830985915492,4.160157630228717,-8.757945487938395,-12.402212142290322,-17.0,-17.0,0.0
51029,Buckingham County,44-45,Retail Trade,287.0,250.0,-37.0,-0.1289198606271777,11.0,2.0,-0.04443155394673292,-0.1289198606271777,8.408205914617197,-21.160061897329545,-24.24814401728765,-37.0,-37.0,0.0
51029,Buckingham County,48-49,Transportation and Warehousing,109.0,97.0,-12.0,-0.11009174311926606,6.0,7.0,0.3346557282617785,-0.11009174311926606,3.1933604344713395,33.28411394606252,-48.477474380533856,-12.0,-12.0,0.0
51029,Buckingham County,52,Finance and Insurance,31.0,47.0,16.0,0.5161290322580645,2.0,11.0,-0.11480562033484625,0.5161290322580645,0.9082034263175369,-4.46717765669777,19.558974230380233,16.0,16.0,0.0
51029,Buckingham County,54,"Professional, Scientific, and Technical Services",59.0,78.0,19.0,0.3220338983050847,1.0,12.0,0.02597243052605177,0.3220338983050847,1.7285161984753121,-0.1961427974382578,17.467626598962944,19.0,19.0,0.0
51029,Buckingham County,55,Management of Companies and Enterprises,29.0,31.0,2.0,0.06896551724137931,5.0,8.0,0.103242628498516,0.06896551724137931,0.8496096568776959,2.144426569579268,-0.9940362264569639,2.0,2.0,0.0
51029,Buckingham County,56,Administrative and Support and Waste Management,85.0,46.0,-39.0,-0.4588235294117647,12.0,1.0,-0.04737818404344833,-0.4588235294117647,2.4902352011932463,-6.517380844886355,-34.97285435630689,-39.0,-39.0,0.0
51029,Buckingham County,61,Educational Services,69.0,53.0,-16.0,-0.2318840579710145,7.0,6.0,0.02353954608582529,-0.2318840579710145,2.0214850456745177,-0.39725636575257267,-17.624228679921945,-16.0,-16.0,0.0
51029,Buckingham County,62,Health Care and Social Assistance,499.0,463.0,-36.0,-0.07214428857715431,10.0,3.0,0.13363830856047104,-0.07214428857715431,14.619145475240352,52.06637049643469,-102.68551597167506,-36.0,-36.000000000000014,1.4210854715202004e-14
51029,Buckingham County,72,Accommodation and Food Services,131.0,96.0,-35.0,-0.26717557251908397,9.0,4.0,-0.018053005411673755,-0.26717557251908397,3.8378918983095915,-6.202835607238853,-32.63505629107074,-35.0,-35.0,0.0
51029,Buckingham County,81,Other Services,78.0,81.0,3.0,0.038461538461538464,4.0,9.0,-0.04100189216848398,0.038461538461538464,2.2851570081538024,-5.483304597295553,6.198147589141751,3.0,3.0000000000000004,-4.440892098500626e-16
51031,Campbell County,22,Utilities,80.0,88.0,8.0,0.1,10.0,7.0,0.00744013020227854,0.1,2.3437507775936437,-1.7485403614113604,7.404789583817717,8.0,8.0,0.0
51031,Campbell County,23,Construction,1991.0,1971.0,-20.0,-0.010045203415369162,15.0,2.0,0.13591228420498483,-0.010045203415369162,58.330097477361804,212.271260374763,-290.6013578521248,-20.0,-20.0,0.0
51031,Campbell County,31-33,Manufacturing,4832.0,4662.0,-170.0,-0.03518211920529801,16.0,1.0,-0.03237878773034985,-0.03518211920529801,141.56254696665607,-298.01684927970655,-13.545697686949525,-170.0,-170.0,0.0
51031,Campbell County,42,Wholesale Trade,687.0,853.0,166.0,0.24163027656477437,2.0,15.0,-0.05056216076505557,0.24163027656477437,20.126959802585414,-54.86316424817859,200.73620444559316,166.0,166.0,0.0
51031,Campbell County,44-45,Retail Trade,2118.0,2309.0,191.0,0.09017941454202077,1.0,16.0,-0.04443155394673292,0.09017941454202077,62.05080183679171,-156.15683309597202,285.1060312591803,191.0,191.00000000000003,-2.842170943040401e-14
51031,Campbell County,48-49,Transportation and Warehousing,456.0,445.0,-11.0,-0.02412280701754386,13.0,4.0,0.3346557282617785,-0.02412280701754386,13.359379432283768,139.24363265508723,-163.60301208737098,-11.0,-11.0,0.0
51031,Campbell County,51,Information,115.0,161.0,46.0,0.4,6.0,11.0,-0.026894309682406164,0.4,3.3691417427908625,-6.4619873562675725,49.09284561347671,46.0,46.0,0.0
51031,Campbell County,52,Finance and Insurance,421.0,419.0,-2.0,-0.004750593824228029,11.0,6.0,-0.11480562033484625,-0.004750593824228029,12.33398846708655,-60.66715462805682,46.333166160970265,-2.0,-2.000000000000007,7.105427357601002e-15
51031,Campbell County,53,Real Estate and Rental and Leasing,126.0,162.0,36.0,0.2857142857142857,7.0,10.0,0.09487335052328227,0.2857142857142857,3.6914074747099885,8.262634691223578,24.04595783406643,36.0,36.0,0.0
51031,Campbell County,54,"Professional, Scientific, and Technical Services",515.0,578.0,63.0,0.12233009708737864,5.0,12.0,0.02597243052605177,0.12233009708737864,15.08789563075908,-1.7120939098424197,49.624198279083345,63.0,63.00000000000001,-7.105427357601002e-15
51031,Campbell County,55,Management of Companies and Enterprises,105.0,96.0,-9.0,-0.08571428571428572,12.0,5.0,0.103242628498516,-0.08571428571428572,3.0761728955916574,7.7643030967525215,-19.840475992344178,-9.0,-9.0,0.0
51031,Campbell County,56,Administrative and Support and Waste Management,581.0,736.0,155.0,0.2667814113597246,3.0,14.0,-0.04737818404344833,0.2667814113597246,17.021490022273838,-44.54821495151732,182.5267249292435,155.0,155.0,0.0
51031,Campbell County,71,"Arts, Entertainment, and Recreation",146.0,180.0,34.0,0.2328767123287671,8.0,9.0,0.20360393832435444,0.2328767123287671,4.2773451691084,25.44882982624735,4.273825004644249,34.0,34.0,0.0
51031,Campbell County,72,Accommodation and Food Services,1201.0,1326.0,125.0,0.10407993338884262,4.0,13.0,-0.018053005411673755,0.10407993338884262,35.18555854862458,-56.86721804804475,146.68165949942016,125.0,125.0,0.0
51031,Campbell County,81,Other Services,379.0,360.0,-19.0,-0.05013192612137203,14.0,3.0,-0.04100189216848398,-0.05013192612137203,11.103519308849886,-26.643236440705316,-3.4602828681445708,-19.0,-19.0,0.0
51031,Campbell County,99,Unclassified,70.0,92.0,22.0,0.3142857142857143,9.0,8.0,0.16838424733161575,0.3142857142857143,2.050781930394438,9.736115382818666,10.213102686786897,22.0,22.0,0.0
51033,Caroline County,22,Utilities,127.0,128.0,1.0,0.007874015748031496,8.0,3.0,0.00744013020227854,0.007874015748031496,3.7207043594299094,-2.775807823740535,0.05510346431062541,1.0,1.0,0.0
51033,Caroline County,23,Construction,259.0,363.0,104.0,0.4015444015444015,2.0,9.0,0.13591228420498483,0.4015444015444015,7.587893142459421,27.613388466631648,68.79871839090893,104.0,104.0,0.0
51033,Caroline County,42,Wholesale Trade,244.0,358.0,114.0,0.4672131147540984,1.0,10.0,-0.05056216076505557,0.4672131147540984,7.148439871660613,-19.485607098334174,126.33716722667356,114.0,114.0,0.0
51033,Caroline County,44-45,Retail Trade,576.0,663.0,87.0,0.15104166666666666,3.0,8.0,-0.04443155394673292,0.15104166666666666,16.875005598674235,-42.467580671992394,112.59257507331816,87.0,87.0,0.0
51033,Caroline County,48-49,Transportation and Warehousing,243.0,262.0,19.0,0.07818930041152264,6.0,5.0,0.3346557282617785,0.07818930041152264,7.119142986940693,74.20219898067148,-62.32134196761218,19.0,18.999999999999993,7.105427357601002e-15
51033,Caroline County,52,Finance and Insurance,46.0,66.0,20.0,0.43478260869565216,5.0,6.0,-0.11480562033484625,0.43478260869565216,1.347656697116345,-6.628715232519273,25.281058535402927,20.0,20.0,0.0
51033,Caroline County,71,"Arts, Entertainment, and Recreation",62.0,69.0,7.0,0.11290322580645161,7.0,4.0,0.20360393832435444,0.11290322580645161,1.8164068526350738,10.807037323474903,-5.623444176109976,7.0,7.000000000000002,-1.7763568394002505e-15
51033,Caroline County,72,Accommodation and Food Services,507.0,459.0,-48.0,-0.09467455621301775,10.0,1.0,-0.018053005411673755,-0.09467455621301775,14.853520552999717,-24.00639429671831,-38.847126256281406,-48.0,-48.0,0.0
51033,Caroline County,81,Other Services,318.0,310.0,-8.0,-0.025157232704402517,9.0,2.0,-0.04100189216848398,-0.025157232704402517,9.316409340934733,-22.355011050512637,5.038601709577906,-8.0,-7.999999999999998,-1.7763568394002505e-15
51033,Caroline County,99,Unclassified,23.0,79.0,56.0,2.4347826086956523,4.0,7.0,0.16838424733161575,2.4347826086956523,0.6738283485581725,3.19900934006899,52.12716231137284,56.0,56.00000000000001,-7.105427357601002e-15
51035,Carroll County,23,Construction,246.0,210.0,-36.0,-0.14634146341463414,6.0,2.0,0.13591228420498483,-0.14634146341463414,7.2070336411004545,26.22738827332581,-69.43442191442627,-36.0,-36.0,0.0
51035,Carroll County,31-33,Manufacturing,1245.0,643.0,-602.0,-0.4835341365461847,7.0,1.0,-0.03237878773034985,-0.4835341365461847,36.47462147630108,-76.78621220058663,-561.6884092757144,-602.0,-602.0,0.0
51035,Carroll County,42,Wholesale Trade,208.0,249.0,41.0,0.1971153846153846,2.0,6.0,-0.05056216076505557,0.1971153846153846,6.093752021743473,-16.610681460875032,51.51692943913156,41.0,41.0,0.0
51035,Carroll County,44-45,Retail Trade,729.0,767.0,38.0,0.05212620027434842,3.0,5.0,-0.04443155394673292,0.05212620027434842,21.357428960822077,-53.74803178799037,70.3906028271683,38.0,38.0,0.0
51035,Carroll County,52,Finance and Insurance,75.0,65.0,-10.0,-0.13333333333333333,5.0,3.0,-0.11480562033484625,-0.13333333333333333,2.197266353994041,-10.80768787910751,-1.3895784748865314,-10.0,-10.000000000000002,1.7763568394002505e-15
51035,Carroll County,53,Real Estate and Rental and Leasing,22.0,15.0,-7.0,-0.3181818181818182,4.0,4.0,0.09487335052328227,-0.3181818181818182,0.644531463838252,1.442682247673958,-9.08721371151221,-7.0,-6.999999999999999,-8.881784197001252e-16
51035,Carroll County,81,Other Services,117.0,168.0,51.0,0.4358974358974359,1.0,7.0,-0.04100189216848398,0.4358974358974359,3.427735512230704,-8.224956895943329,55.797221383712625,51.0,51.0,0.0
51036,Charles City County,23,Construction,427.0,482.0,55.0,0.1288056206088993,2.0,5.0,0.13591228420498483,0.1288056206088993,12.509769775406072,45.524775580122444,-3.03454535552852,55.0,54.99999999999999,7.105427357601002e-15
51036,Charles City County,31-33,Manufacturing,195.0,132.0,-63.0,-0.3230769230769231,6.0,1.0,-0.03237878773034985,-0.3230769230769231,5.712892520384506,-12.026756127802726,-56.68613639258178,-63.0,-63.0,0.0
51036,Charles City County,42,Wholesale Trade,63.0,78.0,15.0,0.23809523809523808,4.0,3.0,-0.05056216076505557,0.23809523809523808,1.8457037373549943,-5.031119865553496,18.185416128198497,15.0,14.999999999999996,3.552713678800501e-15
51036,Charles City County,48-49,Transportation and Warehousing,149.0,496.0,347.0,2.3288590604026846,1.0,6.0,0.3346557282617785,2.3288590604026846,4.365235823268161,45.498467687736834,297.136296488995,347.0,347.0,0.0
51036,Charles City County,71,"Arts, Entertainment, and Recreation",34.0,31.0,-3.0,-0.08823529411764706,5.0,2.0,0.20360393832435444,-0.08823529411764706,0.9960940804772985,5.926439822550753,-9.92253390302805,-3.0,-2.9999999999999982,-1.7763568394002505e-15
51036,Charles City County,72,Accommodation and Food Services,32.0,49.0,17.0,0.53125,3.0,4.0,-0.018053005411673755,0.53125,0.9375003110374575,-1.5151964842110175,17.57769617317356,17.0,17.0,0.0
51037,Charlotte County,23,Construction,63.0,135.0,72.0,1.1428571428571428,1.0,8.0,0.13591228420498483,1.1428571428571428,1.8457037373549943,6.71677016755905,63.43752609508595,72.0,72.0,0.0
51037,Charlotte County,31-33,Manufacturing,467.0,457.0,-10.0,-0.021413276231263382,5.0,4.0,-0.03237878773034985,-0.021413276231263382,13.681645164202894,-28.802539034276272,5.12089387007338,-10.0,-9.999999999999996,-3.552713678800501e-15
51037,Charlotte County,42,Wholesale Trade,92.0,90.0,-2.0,-0.021739130434782608,4.0,5.0,-0.05056216076505557,-0.021739130434782608,2.69531339423269,-7.347032184617803,2.6517187903851123,-2.0,-2.0000000000000004,4.440892098500626e-16
51037,Charlotte County,44-45,Retail Trade,273.0,240.0,-33.0,-0.12087912087912088,7.0,2.0,-0.04443155394673292,-0.12087912087912088,7.998049528538309,-20.127863755996394,-20.870185772541916,-33.0,-33.0,0.0
51037,Charlotte County,48-49,Transportation and Warehousing,253.0,176.0,-77.0,-0.30434782608695654,8.0,1.0,0.3346557282617785,-0.30434782608695654,7.412111834139898,77.25578741609006,-161.66789925022996,-77.0,-77.00000000000001,1.4210854715202004e-14
51037,Charlotte County,52,Finance and Insurance,33.0,48.0,15.0,0.45454545454545453,2.0,7.0,-0.11480562033484625,0.45454545454545453,0.966797195757378,-4.7553826668073045,18.788585471049927,15.0,15.0,0.0
51037,Charlotte County,53,Real Estate and Rental and Leasing,9.0,8.0,-1.0,-0.1111111111111111,3.0,6.0,0.09487335052328227,-0.1111111111111111,0.2636719624792849,0.5901881922302555,-1.8538601547095404,-1.0,-0.9999999999999999,-1.1102230246251565e-16
51037,Charlotte County,81,Other Services,52.0,37.0,-15.0,-0.28846153846153844,6.0,3.0,-0.04100189216848398,-0.28846153846153844,1.5234380054358683,-3.655536398197035,-12.867901607238831,-15.0,-14.999999999999998,-1.7763568394002505e-15
51041,Chesterfield County,22,Utilities,547.0,522.0,-25.0,-0.04570383912248629,15.0,4.0,0.00744013020227854,-0.04570383912248629,16.02539594179654,-11.955644721150177,-29.06975122064636,-25.0,-25.0,0.0
51041,Chesterfield County,23,Construction,10074.0,11245.0,1171.0,0.11623982529283304,3.0,16.0,0.13591228420498483,0.11623982529283304,295.1368166684796,1074.0435344125376,-198.1803510810171,1171.0,1171.0000000000002,-2.2737367544323206e-13
51041,Chesterfield County,31-33,Manufacturing,7968.0,8877.0,909.0,0.11408132530120482,6.0,13.0,-0.03237878773034985,0.11408132530120482,233.43757744832692,-491.43175808375446,1166.9941806354277,909.0,909.0000000000002,-2.2737367544323206e-13
51041,Chesterfield County,42,Wholesale Trade,5393.0,4651.0,-742.0,-0.13758575931763398,16.0,3.0,-0.05056216076505557,-0.13758575931763398,157.9980992945315,-430.6798323004762,-469.31826699405536,-742.0,-742.0,0.0
51041,Chesterfield County,44-45,Retail Trade,18007.0,18615.0,608.0,0.033764647081690455,7.0,12.0,-0.04443155394673292,0.033764647081690455,527.5490031516092,-1327.6279950704288,1408.0789919188196,608.0,608.0,0.0
51041,Chesterfield County,48-49,Transportation and Warehousing,8629.0,12614.0,3985.0,0.46181481052265616,1.0,18.0,0.3346557282617785,0.46181481052265616,252.8028182481944,2634.941460922692,1097.2557208291137,3985.0,3985.0,0.0
51041,Chesterfield County,51,Information,1311.0,1445.0,134.0,0.10221205186880244,12.0,7.0,-0.026894309682406164,0.10221205186880244,38.408215867815834,-73.66665586145032,169.25843999363448,134.0,134.0,0.0
51041,Chesterfield County,52,Finance and Insurance,4496.0,3367.0,-1129.0,-0.2511120996441281,17.0,2.0,-0.11480562033484625,-0.2511120996441281,131.71879370076277,-647.8848627262315,-612.8339309745312,-1129.0,-1129.0,0.0
51041,Chesterfield County,53,Real Estate and Rental and Leasing,1460.0,1700.0,240.0,0.1643835616438356,11.0,8.0,0.09487335052328227,0.1643835616438356,42.773451691084,95.74164007290811,101.48490823600787,240.0,239.99999999999997,2.842170943040401e-14
51041,Chesterfield County,54,"Professional, Scientific, and Technical Services",7584.0,8522.0,938.0,0.12368143459915612,5.0,14.0,0.02597243052605177,0.12368143459915612,222.18757371587742,-25.212660606300798,741.0250868904234,938.0,938.0,0.0
51041,Chesterfield County,55,Management of Companies and Enterprises,1283.0,1374.0,91.0,0.07092751363990647,13.0,6.0,0.103242628498516,0.07092751363990647,37.587903095658056,94.87238926793796,-41.46029236359602,91.0,91.0,0.0
51041,Chesterfield County,56,Administrative and Support and Waste Management,10979.0,8848.0,-2131.0,-0.19409782311685947,18.0,1.0,-0.04737818404344833,-0.19409782311685947,321.6504973400077,-841.8155799530269,-1610.8349173869808,-2131.0,-2131.0,0.0
51041,Chesterfield County,61,Educational Services,1233.0,1657.0,424.0,0.34387672343876724,8.0,11.0,0.02353954608582529,0.34387672343876724,36.12305885966203,-7.0987985358394505,394.9757396761774,424.0,424.0,0.0
51041,Chesterfield County,62,Health Care and Social Assistance,16039.0,18656.0,2617.0,0.16316478583452834,2.0,17.0,0.13363830856047104,0.16316478583452834,469.89273402280566,1673.5320969785894,473.575168998605,2617.0,2617.0,0.0
51041,Chesterfield County,71,"Arts, Entertainment, and Recreation",2909.0,3280.0,371.0,0.12753523547610862,9.0,10.0,0.20360393832435444,0.12753523547610862,85.22463765024887,507.05921893529825,-221.28385658554708,371.0,371.00000000000006,-5.684341886080802e-14
51041,Chesterfield County,72,Accommodation and Food Services,12189.0,13149.0,960.0,0.07875953728771844,4.0,15.0,-0.018053005411673755,0.07875953728771844,357.09972785111154,-577.1478108140029,1180.0480829628914,960.0,960.0,0.0
51041,Chesterfield County,81,Other Services,5116.0,5464.0,348.0,0.06802189210320563,10.0,9.0,-0.04100189216848398,0.06802189210320563,149.88286222711352,-359.64854256107753,557.765680333964,348.0,348.0,0.0
51041,Chesterfield County,99,Unclassified,412.0,443.0,31.0,0.07524271844660194,14.0,5.0,0.16838424733161575,0.07524271844660194,12.070316504607264,57.30399339601843,-38.37430990062569,31.0,31.0,0.0
51043,Clarke County,23,Construction,331.0,526.0,195.0,0.5891238670694864,1.0,15.0,0.13591228420498483,0.5891238670694864,9.6972688422937,35.289697229556275,150.01303392815004,195.0,195.0,0.0
51043,Clarke County,31-33,Manufacturing,641.0,587.0,-54.0,-0.0842433697347894,14.0,2.0,-0.03237878773034985,-0.0842433697347894,18.77930310546907,-39.53410604062332,-33.24519706484575,-54.0,-54.0,0.0
51043,Clarke County,42,Wholesale Trade,215.0,100.0,-115.0,-0.5348837209302325,15.0,1.0,-0.05056216076505557,-0.5348837209302325,6.298830214782917,-17.169694779269864,-104.12913543551304,-115.0,-114.99999999999999,-1.4210854715202004e-14
51043,Clarke County,44-45,Retail Trade,280.0,330.0,50.0,0.17857142857142858,5.0,11.0,-0.04443155394673292,0.17857142857142858,8.203127721577752,-20.64396282666297,62.44083510508522,50.0,50.0,0.0
51043,Clarke County,48-49,Transportation and Warehousing,26.0,24.0,-2.0,-0.07692307692307693,9.0,7.0,0.3346557282617785,-0.07692307692307693,0.7617190027179341,7.939329932088306,-10.70104893480624,-2.0,-2.0,0.0
51043,Clarke County,51,Information,28.0,25.0,-3.0,-0.10714285714285714,10.0,6.0,-0.026894309682406164,-0.10714285714285714,0.8203127721577753,-1.573353443265148,-2.2469593288926273,-3.0,-3.0,0.0
51043,Clarke County,52,Finance and Insurance,75.0,80.0,5.0,0.06666666666666667,8.0,8.0,-0.11480562033484625,0.06666666666666667,2.197266353994041,-10.80768787910751,13.610421525113468,5.0,4.999999999999998,1.7763568394002505e-15
51043,Clarke County,53,Real Estate and Rental and Leasing,44.0,25.0,-19.0,-0.4318181818181818,12.0,4.0,0.09487335052328227,-0.4318181818181818,1.289062927676504,2.885364495347916,-23.17442742302442,-19.0,-19.0,0.0
51043,Clarke County,54,"Professional, Scientific, and Technical Services",215.0,269.0,54.0,0.25116279069767444,3.0,13.0,0.02597243052605177,0.25116279069767444,6.298830214782917,-0.7147576516817868,48.415927436898876,54.0,54.00000000000001,-7.105427357601002e-15
51043,Clarke County,61,Educational Services,246.0,298.0,52.0,0.21138211382113822,4.0,12.0,0.02353954608582529,0.21138211382113822,7.2070336411004545,-1.416305303987433,46.209271662886984,52.0,52.00000000000001,-7.105427357601002e-15
51043,Clarke County,62,Health Care and Social Assistance,272.0,343.0,71.0,0.2610294117647059,2.0,14.0,0.13363830856047104,0.2610294117647059,7.968752643818388,28.380867284629733,34.65038007155188,71.0,71.0,0.0
51043,Clarke County,71,"Arts, Entertainment, and Recreation",24.0,34.0,10.0,0.4166666666666667,6.0,10.0,0.20360393832435444,0.4166666666666667,0.7031252332780931,4.183369286506414,5.113505480215494,10.0,10.0,0.0
51043,Clarke County,72,Accommodation and Food Services,257.0,243.0,-14.0,-0.054474708171206226,11.0,5.0,-0.018053005411673755,-0.054474708171206226,7.5292993730195805,-12.168921763819734,-9.360377609199846,-14.0,-14.0,0.0
51043,Clarke County,81,Other Services,182.0,136.0,-46.0,-0.25274725274725274,13.0,3.0,-0.04100189216848398,-0.25274725274725274,5.332033019025539,-12.794377393689624,-38.537655625335915,-46.0,-46.0,0.0
51043,Clarke County,99,Unclassified,5.0,12.0,7.0,1.4,7.0,9.0,0.16838424733161575,1.4,0.14648442359960273,0.695436813058476,6.158078763341921,7.0,7.0,0.0
51045,Craig County,44-45,Retail Trade,124.0,106.0,-18.0,-0.14516129032258066,1.0,1.0,-0.04443155394673292,-0.14516129032258066,3.6328137052701477,-9.14232639466503,-12.490487310605118,-18.0,-18.0,0.0
51047,Culpeper County,11,"Agriculture, Forestry, Fishing and Hunting",218.0,248.0,30.0,0.13761467889908258,6.0,9.0,-0.0450656018254421,0.13761467889908258,6.386720868942679,-16.211022066889058,39.82430119794638,30.0,30.000000000000004,-3.552713678800501e-15
51047,Culpeper County,31-33,Manufacturing,1249.0,1175.0,-74.0,-0.059247397918334666,11.0,4.0,-0.03237878773034985,-0.059247397918334666,36.591809015180765,-77.03291489038772,-33.558894124793035,-74.0,-73.99999999999999,-1.4210854715202004e-14
51047,Culpeper County,42,Wholesale Trade,407.0,449.0,42.0,0.10319410319410319,4.0,11.0,-0.05056216076505557,0.10319410319410319,11.923832081007662,-32.50263151238528,62.57879943137761,42.0,41.99999999999999,7.105427357601002e-15
51047,Culpeper County,44-45,Retail Trade,2213.0,2353.0,140.0,0.06326253953908721,3.0,12.0,-0.04443155394673292,0.06326253953908721,64.83400588518417,-163.1610347693041,238.32702888411993,140.0,140.0,0.0
51047,Culpeper County,52,Finance and Insurance,196.0,202.0,6.0,0.030612244897959183,8.0,7.0,-0.11480562033484625,0.030612244897959183,5.742189405104427,-28.244090990734293,28.501901585629863,6.0,5.9999999999999964,3.552713678800501e-15
51047,Culpeper County,53,Real Estate and Rental and Leasing,205.0,127.0,-78.0,-0.3804878048780488,12.0,3.0,0.09487335052328227,-0.3804878048780488,6.005861367583712,13.443175489689153,-97.44903685727287,-78.0,-78.0,0.0
51047,Culpeper County,54,"Professional, Scientific, and Technical Services",644.0,1003.0,359.0,0.5574534161490683,1.0,14.0,0.02597243052605177,0.5574534161490683,18.867193759628833,-2.1409485008514917,342.2737547412226,359.0,358.99999999999994,5.684341886080802e-14
51047,Culpeper County,55,Management of Companies and Enterprises,44.0,71.0,27.0,0.6136363636363636,7.0,8.0,0.103242628498516,0.6136363636363636,1.289062927676504,3.2536127262581997,22.4573243460653,27.0,27.000000000000004,-3.552713678800501e-15
51047,Culpeper County,56,Administrative and Support and Waste Management,724.0,963.0,239.0,0.3301104972375691,2.0,13.0,-0.04737818404344833,0.3301104972375691,21.210944537222474,-55.51274978467907,273.3018052474566,239.0,239.00000000000003,-2.842170943040401e-14
51047,Culpeper County,61,Educational Services,123.0,95.0,-28.0,-0.22764227642276422,9.0,6.0,0.02353954608582529,-0.22764227642276422,3.6035168205502273,-0.7081526519937165,-30.895364168556508,-28.0,-27.999999999999996,-3.552713678800501e-15
51047,Culpeper County,62,Health Care and Social Assistance,2434.0,2293.0,-141.0,-0.05792933442892358,14.0,1.0,0.13363830856047104,-0.05792933442892358,71.30861740828661,253.9670256278999,-466.2756430361865,-141.0,-141.00000000000006,5.684341886080802e-14
51047,Culpeper County,71,"Arts, Entertainment, and Recreation",170.0,104.0,-66.0,-0.38823529411764707,10.0,5.0,0.20360393832435444,-0.38823529411764707,4.9804704023864925,29.632199112753764,-100.61266951514027,-66.0,-66.00000000000001,1.4210854715202004e-14
51047,Culpeper County,72,Accommodation and Food Services,1376.0,1288.0,-88.0,-0.06395348837209303,13.0,2.0,-0.018053005411673755,-0.06395348837209303,40.312513374610674,-65.15344882107375,-63.159064553536915,-88.0,-88.0,0.0
51047,Culpeper County,81,Other Services,914.0,947.0,33.0,0.036105032822757115,5.0,10.0,-0.04100189216848398,0.036105032822757115,26.77735263400738,-64.25308207600173,70.47572944199436,33.0,33.00000000000001,-7.105427357601002e-15
51049,Cumberland County,11,"Agriculture, Forestry, Fishing and Hunting",71.0,43.0,-28.0,-0.39436619718309857,6.0,1.0,-0.0450656018254421,-0.39436619718309857,2.0800788151143585,-5.279736544720748,-24.800342270393607,-28.0,-27.999999999999996,-3.552713678800501e-15
51049,Cumberland County,23,Construction,141.0,126.0,-15.0,-0.10638297872340426,5.0,2.0,0.13591228420498483,-0.10638297872340426,4.130860745508797,15.032771327394064,-34.163632072902864,-15.0,-15.000000000000004,3.552713678800501e-15
51049,Cumberland County,31-33,Manufacturing,119.0,144.0,25.0,0.21008403361344538,1.0,6.0,-0.03237878773034985,0.21008403361344538,3.486329281670545,-7.339405021582176,28.853075739911635,25.0,25.000000000000004,-3.552713678800501e-15
51049,Cumberland County,44-45,Retail Trade,151.0,149.0,-2.0,-0.013245033112582781,4.0,3.0,-0.04443155394673292,-0.013245033112582781,4.423829592708002,-11.132994238664672,4.709164645956671,-2.0,-1.9999999999999991,-8.881784197001252e-16
51049,Cumberland County,72,Accommodation and Food Services,30.0,40.0,10.0,0.3333333333333333,3.0,4.0,-0.018053005411673755,0.3333333333333333,0.8789065415976164,-1.420496703947829,10.541590162350213,10.0,10.0,0.0
51049,Cumberland County,81,Other Services,29.0,40.0,11.0,0.3793103448275862,2.0,5.0,-0.04100189216848398,0.3793103448275862,0.8496096568776959,-2.0386645297637314,12.189054872886036,11.0,11.0,0.0
51051,Dickenson County,44-45,Retail Trade,362.0,364.0,2.0,0.0055248618784530384,3.0,2.0,-0.04443155394673292,0.0055248618784530384,10.605472268611237,-26.689694797328553,18.084222528717316,2.0,2.0,0.0
51051,Dickenson County,56,Administrative and Support and Waste Management,77.0,80.0,3.0,0.03896103896103896,2.0,3.0,-0.04737818404344833,0.03896103896103896,2.255860123433882,-5.903980294779404,6.648120171345521,3.0,2.999999999999999,8.881784197001252e-16
51051,Dickenson County,62,Health Care and Social Assistance,352.0,385.0,33.0,0.09375,1.0,4.0,0.13363830856047104,0.09375,10.312503421412032,36.72818119187377,-14.040684613285807,33.0,33.0,0.0
51051,Dickenson County,81,Other Services,60.0,47.0,-13.0,-0.21666666666666667,4.0,1.0,-0.04100189216848398,-0.21666666666666667,1.7578130831952328,-4.217926613304272,-10.539886469890961,-13.0,-13.0,0.0
51053,Dinwiddie County,31-33,Manufacturing,700.0,792.0,92.0,0.13142857142857142,1.0,7.0,-0.03237878773034985,0.13142857142857142,20.50781930394438,-43.17297071518927,114.66515141124489,92.0,92.0,0.0
51053,Dinwiddie County,44-45,Retail Trade,529.0,618.0,89.0,0.16824196597353497,2.0,6.0,-0.04443155394673292,0.16824196597353497,15.498052016837969,-39.00234405465968,112.50429203782171,89.0,89.0,0.0
51053,Dinwiddie County,48-49,Transportation and Warehousing,2474.0,2331.0,-143.0,-0.05780113177041229,6.0,2.0,0.3346557282617785,-0.05780113177041229,72.48049279708343,755.4577789225565,-970.9382717196399,-143.0,-143.0,0.0
51053,Dinwiddie County,56,Administrative and Support and Waste Management,769.0,336.0,-433.0,-0.5630689206762028,7.0,1.0,-0.04737818404344833,-0.5630689206762028,22.5293043496189,-58.96312787903067,-396.56617647058823,-433.0,-433.0,0.0
51053,Dinwiddie County,71,"Arts, Entertainment, and Recreation",70.0,46.0,-24.0,-0.34285714285714286,5.0,3.0,0.20360393832435444,-0.34285714285714286,2.050781930394438,12.201493752310373,-38.25227568270481,-24.0,-24.0,0.0
51053,Dinwiddie County,72,Accommodation and Food Services,282.0,318.0,36.0,0.1276595744680851,3.0,5.0,-0.018053005411673755,0.1276595744680851,8.261721491017594,-13.35266901710959,41.090947526091995,36.0,36.0,0.0
51053,Dinwiddie County,81,Other Services,160.0,172.0,12.0,0.075,4.0,4.0,-0.04100189216848398,0.075,4.687501555187287,-11.247804302144724,18.560302746957436,12.0,12.0,0.0
51057,Essex County,31-33,Manufacturing,296.0,284.0,-12.0,-0.04054054054054054,7.0,3.0,-0.03237878773034985,-0.04054054054054054,8.671877877096481,-18.255999045280035,-2.4158788318164452,-12.0,-12.0,0.0
51057,Essex County,42,Wholesale Trade,166.0,201.0,35.0,0.21084337349397592,2.0,9.0,-0.05056216076505557,0.21084337349397592,4.863282863506811,-13.256601550506035,43.39331868699922,35.0,35.0,0.0
51057,Essex County,44-45,Retail Trade,778.0,808.0,30.0,0.038560411311053984,3.0,8.0,-0.04443155394673292,0.038560411311053984,22.792976312098183,-57.3607252826564,64.56774897055821,30.0,30.0,0.0
51057,Essex County,48-49,Transportation and Warehousing,28.0,31.0,3.0,0.10714285714285714,6.0,5.0,0.3346557282617785,0.10714285714285714,0.8203127721577753,8.550047619172023,-6.370360391329797,3.0,3.0000000000000018,-1.7763568394002505e-15
51057,Essex County,52,Finance and Insurance,111.0,76.0,-35.0,-0.3153153153153153,10.0,1.0,-0.11480562033484625,-0.3153153153153153,3.2519542039111804,-15.995378061079114,-22.256576142832063,-35.0,-35.0,0.0
51057,Essex County,53,Real Estate and Rental and Leasing,27.0,31.0,4.0,0.14814814814814814,4.0,6.0,0.09487335052328227,0.14814814814814814,0.7910158874378548,1.7705645766907665,1.4384195358713785,4.0,3.9999999999999996,4.440892098500626e-16
51057,Essex County,56,Administrative and Support and Waste Management,160.0,234.0,74.0,0.4625,1.0,10.0,-0.04737818404344833,0.4625,4.687501555187287,-12.268011002139021,81.58050944695174,74.0,74.0,0.0
51057,Essex County,71,"Arts, Entertainment, and Recreation",38.0,26.0,-12.0,-0.3157894736842105,8.0,4.0,0.20360393832435444,-0.3157894736842105,1.1132816193569808,6.623668036968488,-19.736949656325468,-12.0,-12.0,0.0
51057,Essex County,72,Accommodation and Food Services,415.0,392.0,-23.0,-0.05542168674698795,9.0,2.0,-0.018053005411673755,-0.05542168674698795,12.158207158767027,-19.65020440461163,-15.50800275415539,-23.0,-22.999999999999993,-7.105427357601002e-15
51057,Essex County,81,Other Services,136.0,140.0,4.0,0.029411764705882353,5.0,7.0,-0.04100189216848398,0.029411764705882353,3.984376321909194,-9.560633656823015,9.576257334913821,4.0,4.0,0.0
51059,Fairfax County,11,"Agriculture, Forestry, Fishing and Hunting",63.0,82.0,19.0,0.30158730158730157,8.0,13.0,-0.0450656018254421,0.30158730158730157,1.8457037373549943,-4.684836652357847,21.839132915002853,19.0,19.0,0.0
51059,Fairfax County,21,"Mining, Quarrying, and Oil and Gas Extraction",269.0,69.0,-200.0,-0.7434944237918215,12.0,9.0,-0.17446043165467626,-0.7434944237918215,7.8808619896586265,-54.810718104766536,-153.07014388489208,-200.0,-200.0,0.0
51059,Fairfax County,22,Utilities,1321.0,1285.0,-36.0,-0.02725208175624527,9.0,12.0,0.00744013020227854,-0.02725208175624527,38.70118471501504,-28.872772717805088,-45.828411997209955,-36.0,-36.0,0.0
51059,Fairfax County,23,Construction,25061.0,26559.0,1498.0,0.05977415107138582,5.0,16.0,0.13591228420498483,0.05977415107138582,734.2092279659288,2671.888526495196,-1908.097754461125,1498.0,1497.9999999999995,4.547473508864641e-13
51059,Fairfax County,31-33,Manufacturing,5672.0,5532.0,-140.0,-0.02468265162200282,11.0,10.0,-0.03237878773034985,-0.02468265162200282,166.17193013138933,-349.8244141379337,43.65248400654435,-140.0,-140.0,0.0
51059,Fairfax County,42,Wholesale Trade,13824.0,12100.0,-1724.0,-0.12471064814814815,15.0,6.0,-0.05056216076505557,-0.12471064814814815,405.00013436818165,-1103.9714447843098,-1025.028689583872,-1724.0,-1724.0,0.0
51059,Fairfax County,44-45,Retail Trade,52473.0,49306.0,-3167.0,-0.06035484916052065,19.0,2.0,-0.04443155394673292,-0.06035484916052065,1537.2954319083908,-3868.7523621553073,-835.5430697530834,-3167.0,-3166.9999999999995,-4.547473508864641e-13
51059,Fairfax County,48-49,Transportation and Warehousing,10100.0,11252.0,1152.0,0.11405940594059406,6.0,15.0,0.3346557282617785,0.11405940594059406,295.8985356711975,3084.1243197727654,-2228.0228554439627,1152.0,1152.0,0.0
51059,Fairfax County,51,Information,20272.0,22130.0,1858.0,0.09165351223362272,4.0,17.0,-0.026894309682406164,0.09165351223362272,593.9064470422293,-1139.107892923967,2403.2014458817375,1858.0,1857.9999999999998,2.2737367544323206e-13
51059,Fairfax County,52,Finance and Insurance,28105.0,25726.0,-2379.0,-0.08464685998932574,18.0,3.0,-0.11480562033484625,-0.08464685998932574,823.3889450533669,-4050.000904564221,847.6119595108539,-2379.0,-2379.0,0.0
51059,Fairfax County,53,Real Estate and Rental and Leasing,10129.0,9419.0,-710.0,-0.0700957646361931,14.0,7.0,0.09487335052328227,-0.0700957646361931,296.7481453280752,664.2240221222509,-1670.9721674503262,-710.0,-710.0000000000001,1.1368683772161603e-13
51059,Fairfax County,54,"Professional, Scientific, and Technical Services",159986.0,154006.0,-5980.0,-0.037378270598677384,20.0,1.0,0.02597243052605177,-0.037378270598677384,4687.091398801208,-531.86612866029,-10135.225270140918,-5980.0,-5980.0,0.0
51059,Fairfax County,55,Management of Companies and Enterprises,20460.0,24482.0,4022.0,0.1965786901270772,2.0,19.0,0.103242628498516,0.1965786901270772,599.4142613695743,1512.929917710063,1909.6558209203624,4022.0,4022.0,0.0
51059,Fairfax County,56,Administrative and Support and Waste Management,43114.0,45451.0,2337.0,0.05420513058403303,3.0,18.0,-0.04737818404344833,0.05420513058403303,1263.1058878146544,-3305.768914663886,4379.663026849231,2337.0,2336.999999999999,9.094947017729282e-13
51059,Fairfax County,61,Educational Services,11484.0,11036.0,-448.0,-0.039010797631487286,13.0,8.0,0.02353954608582529,-0.039010797631487286,336.44542412356753,-66.11727687394992,-718.3281472496177,-448.0,-448.0000000000001,1.1368683772161603e-13
51059,Fairfax County,62,Health Care and Social Assistance,60322.0,75707.0,15385.0,0.2550479095520706,1.0,20.0,0.13363830856047104,0.2550479095520706,1767.2466800750472,6294.083368909687,7323.669951015267,15385.0,15385.0,0.0
51059,Fairfax County,71,"Arts, Entertainment, and Recreation",8703.0,9788.0,1085.0,0.1246696541422498,7.0,14.0,0.20360393832435444,0.1246696541422498,254.9707877174685,1516.9942875193883,-686.9650752368567,1085.0,1085.0,0.0
51059,Fairfax County,72,Accommodation and Food Services,46272.0,44087.0,-2185.0,-0.047220781466113415,17.0,4.0,-0.018053005411673755,-0.047220781466113415,1355.6254497601635,-2190.9741161691313,-1349.651333591032,-2185.0,-2185.0,0.0
51059,Fairfax County,81,Other Services,20625.0,18879.0,-1746.0,-0.08465454545454545,16.0,5.0,-0.04100189216848398,-0.08465454545454545,604.2482473483612,-1449.9122733233432,-900.3359740250179,-1746.0,-1746.0,0.0
51059,Fairfax County,99,Unclassified,1305.0,1235.0,-70.0,-0.05363984674329502,10.0,11.0,0.16838424733161575,-0.05363984674329502,38.23243455949631,181.50900820826226,-289.74144276775854,-70.0,-69.99999999999997,-2.842170943040401e-14
51061,Fauquier County,22,Utilities,116.0,128.0,12.0,0.10344827586206896,9.0,5.0,0.00744013020227854,0.10344827586206896,3.3984386275107834,-2.5353835240464724,11.136944896535688,12.0,12.0,0.0
51061,Fauquier County,23,Construction,2530.0,2622.0,92.0,0.03636363636363636,6.0,8.0,0.13591228420498483,0.03636363636363636,74.12111834139898,269.7369606972126,-251.85807903861163,92.0,91.99999999999997,2.842170943040401e-14
51061,Fauquier County,42,Wholesale Trade,485.0,474.0,-11.0,-0.02268041237113402,10.0,4.0,-0.05056216076505557,-0.02268041237113402,14.208989089161465,-38.731637060213416,13.522647971051951,-11.0,-11.000000000000002,1.7763568394002505e-15
51061,Fauquier County,44-45,Retail Trade,2873.0,2903.0,30.0,0.010442046641141664,7.0,7.0,-0.04443155394673292,0.010442046641141664,84.16994980033172,-211.8218042892954,157.6518544889637,30.0,30.00000000000003,-2.842170943040401e-14
51061,Fauquier County,48-49,Transportation and Warehousing,239.0,372.0,133.0,0.5564853556485355,5.0,9.0,0.3346557282617785,0.5564853556485355,7.00195544806101,72.98076360650404,53.01728094543493,133.0,133.0,0.0
51061,Fauquier County,52,Finance and Insurance,553.0,580.0,27.0,0.048824593128390596,8.0,6.0,-0.11480562033484625,0.048824593128390596,16.20117725011606,-79.68868529528604,90.48750804516997,27.0,27.0,0.0
51061,Fauquier County,53,Real Estate and Rental and Leasing,258.0,218.0,-40.0,-0.15503875968992248,12.0,2.0,0.09487335052328227,-0.15503875968992248,7.5585962577395005,16.918728177267326,-64.47732443500682,-40.0,-39.99999999999999,-7.105427357601002e-15
51061,Fauquier County,54,"Professional, Scientific, and Technical Services",1727.0,2322.0,595.0,0.3445280833815866,1.0,13.0,0.02597243052605177,0.3445280833815866,50.59571991130278,-5.741332392811376,550.1456124815087,595.0,595.0000000000001,-1.1368683772161603e-13
51061,Fauquier County,61,Educational Services,484.0,638.0,154.0,0.3181818181818182,3.0,11.0,0.02353954608582529,0.3181818181818182,14.179692204441544,-2.786551898902104,142.60685969446055,154.0,154.0,0.0
51061,Fauquier County,62,Health Care and Social Assistance,2549.0,2701.0,152.0,0.05963122793252256,4.0,10.0,0.13363830856047104,0.05963122793252256,74.67775915107747,265.9662893695632,-188.64404852064067,152.0,151.99999999999997,2.842170943040401e-14
51061,Fauquier County,71,"Arts, Entertainment, and Recreation",306.0,291.0,-15.0,-0.049019607843137254,11.0,3.0,0.20360393832435444,-0.049019607843137254,8.964846724295686,53.33795840295678,-77.30280512725247,-15.0,-15.0,0.0
51061,Fauquier County,72,Accommodation and Food Services,2293.0,2025.0,-268.0,-0.11687745311818579,13.0,1.0,-0.018053005411673755,-0.11687745311818579,67.17775666277781,-108.57329807174573,-226.60445859103208,-268.0,-268.0,0.0
51061,Fauquier County,81,Other Services,1080.0,1447.0,367.0,0.3398148148148148,2.0,12.0,-0.04100189216848398,0.3398148148148148,31.64063549751419,-75.92267903947689,411.2820435419627,367.0,367.0,0.0
51063,Floyd County,31-33,Manufacturing,408.0,383.0,-25.0,-0.061274509803921566,10.0,2.0,-0.03237878773034985,-0.061274509803921566,11.953128965727583,-25.16367435971032,-11.78945460601726,-25.0,-25.0,0.0
51063,Floyd County,42,Wholesale Trade,32.0,32.0,0.0,0.0,7.0,5.0,-0.05056216076505557,0.0,0.9375003110374575,-2.555489455519236,1.6179891444817782,0.0,0.0,0.0
51063,Floyd County,44-45,Retail Trade,381.0,413.0,32.0,0.08398950131233596,3.0,9.0,-0.04443155394673292,0.08398950131233596,11.162113078289728,-28.09053513199497,48.92842205370525,32.0,32.00000000000001,-7.105427357601002e-15
51063,Floyd County,48-49,Transportation and Warehousing,16.0,11.0,-5.0,-0.3125,8.0,4.0,0.3346557282617785,-0.3125,0.46875015551872873,4.885741496669727,-10.354491652188456,-5.0,-5.0,0.0
51063,Floyd County,54,"Professional, Scientific, and Technical Services",65.0,96.0,31.0,0.47692307692307695,4.0,8.0,0.02597243052605177,0.47692307692307695,1.9042975067948356,-0.21608952260147046,29.31179201580664,31.0,31.000000000000004,-3.552713678800501e-15
51063,Floyd County,56,Administrative and Support and Waste Management,160.0,94.0,-66.0,-0.4125,11.0,1.0,-0.04737818404344833,-0.4125,4.687501555187287,-12.268011002139021,-58.41949055304826,-66.0,-66.0,0.0
51063,Floyd County,61,Educational Services,25.0,43.0,18.0,0.72,6.0,6.0,0.02353954608582529,0.72,0.7324221179980136,-0.1439334658523814,17.411511347854365,18.0,17.999999999999996,3.552713678800501e-15
51063,Floyd County,62,Health Care and Social Assistance,790.0,922.0,132.0,0.1670886075949367,1.0,11.0,0.13363830856047104,0.1670886075949367,23.14453892873723,82.42972483403489,26.425736237227877,132.0,132.0,0.0
51063,Floyd County,71,"Arts, Entertainment, and Recreation",38.0,31.0,-7.0,-0.18421052631578946,9.0,3.0,0.20360393832435444,-0.18421052631578946,1.1132816193569808,6.623668036968488,-14.736949656325468,-7.0,-6.999999999999999,-8.881784197001252e-16
51063,Floyd County,72,Accommodation and Food Services,232.0,262.0,30.0,0.12931034482758622,5.0,7.0,-0.018053005411673755,0.12931034482758622,6.796877255021567,-10.985174510529877,34.18829725550832,30.0,30.000000000000007,-7.105427357601002e-15
51063,Floyd County,81,Other Services,131.0,196.0,65.0,0.4961832061068702,2.0,10.0,-0.04100189216848398,0.4961832061068702,3.8378918983095915,-9.209139772380993,70.3712478740714,65.0,65.0,0.0
51065,Fluvanna County,23,Construction,493.0,688.0,195.0,0.39553752535496955,1.0,14.0,0.13591228420498483,0.39553752535496955,14.443364166920828,52.56139194613669,127.99524388694249,195.0,195.0,0.0
51065,Fluvanna County,31-33,Manufacturing,163.0,258.0,95.0,0.5828220858895705,2.0,13.0,-0.03237878773034985,0.5828220858895705,4.775392209347049,-10.053134609394073,100.27774240004702,95.0,95.0,0.0
51065,Fluvanna County,44-45,Retail Trade,302.0,392.0,90.0,0.2980132450331126,3.0,12.0,-0.04443155394673292,0.2980132450331126,8.847659185416004,-22.265988477329344,103.41832929191335,90.0,90.00000000000001,-1.4210854715202004e-14
51065,Fluvanna County,48-49,Transportation and Warehousing,72.0,63.0,-9.0,-0.125,11.0,4.0,0.3346557282617785,-0.125,2.1093756998342794,21.98583673501377,-33.09521243484805,-9.0,-9.0,0.0
51065,Fluvanna County,51,Information,23.0,59.0,36.0,1.565217391304348,6.0,9.0,-0.026894309682406164,1.565217391304348,0.6738283485581725,-1.2923974712535145,36.61856912269534,36.0,36.0,0.0
51065,Fluvanna County,52,Finance and Insurance,48.0,136.0,88.0,1.8333333333333333,4.0,11.0,-0.11480562033484625,1.8333333333333333,1.4062504665561861,-6.916920242628806,93.51066977607262,88.0,88.0,0.0
51065,Fluvanna County,53,Real Estate and Rental and Leasing,36.0,51.0,15.0,0.4166666666666667,7.0,8.0,0.09487335052328227,0.4166666666666667,1.0546878499171397,2.360752768921022,11.584559381161839,15.0,15.0,0.0
51065,Fluvanna County,56,Administrative and Support and Waste Management,329.0,315.0,-14.0,-0.0425531914893617,12.0,3.0,-0.04737818404344833,-0.0425531914893617,9.638675072853859,-25.226097623148362,1.5874225502945016,-14.0,-14.000000000000002,1.7763568394002505e-15
51065,Fluvanna County,61,Educational Services,194.0,168.0,-26.0,-0.13402061855670103,13.0,2.0,0.02353954608582529,-0.13402061855670103,5.683595635664586,-1.1169236950144796,-30.566671940650103,-26.0,-25.999999999999996,-3.552713678800501e-15
51065,Fluvanna County,62,Health Care and Social Assistance,325.0,367.0,42.0,0.12923076923076923,5.0,10.0,0.13363830856047104,0.12923076923076923,9.521487533974177,33.91096274817891,-1.432450282153088,42.0,41.99999999999999,7.105427357601002e-15
51065,Fluvanna County,71,"Arts, Entertainment, and Recreation",23.0,24.0,1.0,0.043478260869565216,10.0,5.0,0.20360393832435444,0.043478260869565216,0.6738283485581725,4.00906223290198,-3.6828905814601525,1.0,1.0,0.0
51065,Fluvanna County,72,Accommodation and Food Services,298.0,219.0,-79.0,-0.2651006711409396,14.0,1.0,-0.018053005411673755,-0.2651006711409396,8.730471646536323,-14.1102672592151,-73.62020438732122,-79.0,-79.0,0.0
51065,Fluvanna County,81,Other Services,207.0,210.0,3.0,0.014492753623188406,9.0,6.0,-0.04100189216848398,0.014492753623188406,6.064455137023553,-14.551846815899736,11.487391678876184,3.0,3.0000000000000018,-1.7763568394002505e-15
51065,Fluvanna County,99,Unclassified,19.0,28.0,9.0,0.47368421052631576,8.0,7.0,0.16838424733161575,0.47368421052631576,0.5566408096784904,2.642659889622209,5.8006993006993,9.0,9.0,0.0
51067,Franklin County,23,Construction,1195.0,1492.0,297.0,0.2485355648535565,1.0,14.0,0.13591228420498483,0.2485355648535565,35.00977724030505,127.40540238465181,134.58482037504314,297.0,297.0,0.0
51067,Franklin County,31-33,Manufacturing,3142.0,3262.0,120.0,0.03819223424570337,4.0,11.0,-0.03237878773034985,0.03819223424570337,92.05081178999035,-193.78496283874958,221.73415104875923,120.0,120.0,0.0
51067,Franklin County,42,Wholesale Trade,412.0,419.0,7.0,0.01699029126213592,10.0,5.0,-0.05056216076505557,0.01699029126213592,12.070316504607264,-32.90192673981016,27.83161023520289,7.0,6.9999999999999964,3.552713678800501e-15
51067,Franklin County,44-45,Retail Trade,1857.0,1968.0,111.0,0.05977382875605816,5.0,10.0,-0.04443155394673292,0.05977382875605816,54.404314924892454,-136.9137106039755,193.50939567908304,111.0,111.0,0.0
51067,Franklin County,51,Information,82.0,109.0,27.0,0.32926829268292684,8.0,7.0,-0.026894309682406164,0.32926829268292684,2.4023445470334845,-4.607677940990791,29.20533339395731,27.0,27.000000000000004,-3.552713678800501e-15
51067,Franklin County,52,Finance and Insurance,223.0,330.0,107.0,0.4798206278026906,6.0,9.0,-0.11480562033484625,0.4798206278026906,6.533205292542282,-32.13485862721299,132.60165333467071,107.0,107.0,0.0
51067,Franklin County,53,Real Estate and Rental and Leasing,99.0,93.0,-6.0,-0.06060606060606061,12.0,3.0,0.09487335052328227,-0.06060606060606061,2.900391587272134,6.492070114532811,-15.392461701804946,-6.0,-6.000000000000002,1.7763568394002505e-15
51067,Franklin County,54,"Professional, Scientific, and Technical Services",284.0,387.0,103.0,0.3626760563380282,7.0,8.0,0.02597243052605177,0.3626760563380282,8.320315260457434,-0.9441449910587324,95.6238297306013,103.0,103.0,0.0
51067,Franklin County,55,Management of Companies and Enterprises,43.0,49.0,6.0,0.13953488372093023,11.0,4.0,0.103242628498516,0.13953488372093023,1.2597660429565836,3.179666982479604,1.5605669745638122,6.0,6.0,0.0
51067,Franklin County,56,Administrative and Support and Waste Management,820.0,756.0,-64.0,-0.07804878048780488,13.0,2.0,-0.04737818404344833,-0.07804878048780488,24.02344547033485,-62.87355638596248,-25.14988908437237,-64.0,-64.0,0.0
51067,Franklin County,71,"Arts, Entertainment, and Recreation",203.0,360.0,157.0,0.7733990147783252,2.0,13.0,0.20360393832435444,0.7733990147783252,5.9472675981438705,35.384331881700085,115.66840052015607,157.0,157.00000000000003,-2.842170943040401e-14
51067,Franklin County,72,Accommodation and Food Services,1089.0,1217.0,128.0,0.11753902662993572,3.0,12.0,-0.018053005411673755,0.11753902662993572,31.904307459993476,-51.56403035330619,147.6597228933127,128.0,128.0,0.0
51067,Franklin County,81,Other Services,576.0,430.0,-146.0,-0.2534722222222222,14.0,1.0,-0.04100189216848398,-0.2534722222222222,16.875005598674235,-40.492095487721,-122.38291011095322,-146.0,-146.0,0.0
51067,Franklin County,99,Unclassified,69.0,81.0,12.0,0.17391304347826086,9.0,6.0,0.16838424733161575,0.17391304347826086,2.0214850456745177,9.59702802020697,0.381486934118513,12.0,12.0,0.0
51069,Frederick County,23,Construction,2298.0,2311.0,13.0,0.005657093124456049,15.0,2.0,0.13591228420498483,0.005657093124456049,67.32424108637741,245.0021880166777,-299.3264291030551,13.0,13.000000000000057,-5.684341886080802e-14
51069,Frederick County,31-33,Manufacturing,5929.0,6335.0,406.0,0.06847697756788666,5.0,12.0,-0.03237878773034985,0.06847697756788666,173.70122950440893,-365.67506195765316,597.9738324532442,406.0,406.0,0.0
51069,Frederick County,44-45,Retail Trade,3425.0,4398.0,973.0,0.2840875912408759,1.0,16.0,-0.04443155394673292,0.2840875912408759,100.34183016572787,-252.5199024332881,1125.1780722675603,973.0,973.0,0.0
51069,Frederick County,48-49,Transportation and Warehousing,3533.0,4453.0,920.0,0.2604019247098783,2.0,15.0,0.3346557282617785,0.2604019247098783,103.50589371547929,1078.832794233384,-262.3386879488634,920.0,919.9999999999998,2.2737367544323206e-13
51069,Frederick County,51,Information,273.0,220.0,-53.0,-0.19413919413919414,16.0,1.0,-0.026894309682406164,-0.19413919413919414,7.998049528538309,-15.340196071835193,-45.657853456703116,-53.0,-53.0,0.0
51069,Frederick County,52,Finance and Insurance,2121.0,2953.0,832.0,0.39226779820839225,3.0,14.0,-0.11480562033484625,0.39226779820839225,62.13869249095148,-305.64141322116035,1075.502720730209,832.0,832.0,0.0
51069,Frederick County,53,Real Estate and Rental and Leasing,236.0,321.0,85.0,0.3601694915254237,12.0,5.0,0.09487335052328227,0.3601694915254237,6.9140647939012485,15.476045929593367,62.60988927650538,85.0,85.0,0.0
51069,Frederick County,54,"Professional, Scientific, and Technical Services",841.0,1220.0,379.0,0.450653983353151,6.0,11.0,0.02597243052605177,0.450653983353151,24.63868004945318,-2.7958659770436407,357.15718592759043,379.0,379.0,0.0
51069,Frederick County,55,Management of Companies and Enterprises,165.0,444.0,279.0,1.690909090909091,7.0,10.0,0.103242628498516,1.690909090909091,4.83398597878689,12.201047723468248,261.96496629774487,279.0,279.0,0.0
51069,Frederick County,56,Administrative and Support and Waste Management,1578.0,1780.0,202.0,0.12801013941698353,8.0,9.0,-0.04737818404344833,0.12801013941698353,46.23048408803462,-120.9932585085961,276.76277442056147,202.0,202.0,0.0
51069,Frederick County,61,Educational Services,143.0,207.0,64.0,0.44755244755244755,13.0,4.0,0.02353954608582529,0.44755244755244755,4.189454514948638,-0.8232994246756217,60.63384490972698,64.0,64.0,0.0
51069,Frederick County,62,Health Care and Social Assistance,1569.0,2071.0,502.0,0.31994901210962395,4.0,13.0,0.13363830856047104,0.31994901210962395,45.966812125555336,163.71169400582372,292.3214938686209,502.0,501.99999999999994,5.684341886080802e-14
51069,Frederick County,71,"Arts, Entertainment, and Recreation",268.0,406.0,138.0,0.5149253731343284,9.0,8.0,0.20360393832435444,0.5149253731343284,7.8515651049387065,46.71429036598829,83.43414452907302,138.0,138.00000000000003,-2.842170943040401e-14
51069,Frederick County,72,Accommodation and Food Services,2343.0,2448.0,105.0,0.04481434058898848,10.0,7.0,-0.018053005411673755,0.04481434058898848,68.64260089877384,-110.94079257832544,147.29819167955162,105.0,105.00000000000001,-1.4210854715202004e-14
51069,Frederick County,81,Other Services,798.0,893.0,95.0,0.11904761904761904,11.0,6.0,-0.04100189216848398,0.11904761904761904,23.378914006496597,-56.09842395694681,127.71950995045022,95.0,95.0,0.0
51069,Frederick County,99,Unclassified,43.0,83.0,40.0,0.9302325581395349,14.0,3.0,0.16838424733161575,0.9302325581395349,1.2597660429565836,5.980756592302894,32.759477364740526,40.0,40.0,0.0
51071,Giles County,31-33,Manufacturing,863.0,855.0,-8.0,-0.009269988412514484,7.0,3.0,-0.03237878773034985,-0.009269988412514484,25.28321151329143,-53.22610532458335,19.94289381129192,-8.0,-8.0,0.0
51071,Giles County,44-45,Retail Trade,618.0,817.0,199.0,0.3220064724919094,1.0,9.0,-0.04443155394673292,0.3220064724919094,18.105474756910898,-45.56417509599184,226.45870033908096,199.0,199.00000000000003,-2.842170943040401e-14
51071,Giles County,48-49,Transportation and Warehousing,68.0,54.0,-14.0,-0.20588235294117646,8.0,2.0,0.3346557282617785,-0.20588235294117646,1.992188160954597,20.76440136084634,-36.75658952180094,-14.0,-14.000000000000004,3.552713678800501e-15
51071,Giles County,52,Finance and Insurance,72.0,72.0,0.0,0.0,6.0,4.0,-0.11480562033484625,0.0,2.1093756998342794,-10.37538036394321,8.26600466410893,0.0,0.0,0.0
51071,Giles County,53,Real Estate and Rental and Leasing,8.0,18.0,10.0,1.25,4.0,6.0,0.09487335052328227,1.25,0.23437507775936436,0.5246117264268938,9.241013195813743,10.0,10.0,0.0
51071,Giles County,54,"Professional, Scientific, and Technical Services",284.0,266.0,-18.0,-0.06338028169014084,9.0,1.0,0.02597243052605177,-0.06338028169014084,8.320315260457434,-0.9441449910587324,-25.376170269398703,-18.0,-18.0,0.0
51071,Giles County,71,"Arts, Entertainment, and Recreation",20.0,26.0,6.0,0.3,5.0,5.0,0.20360393832435444,0.3,0.5859376943984109,3.486141072088678,1.9279212335129108,6.0,6.0,0.0
51071,Giles County,72,Accommodation and Food Services,437.0,453.0,16.0,0.036613272311212815,3.0,7.0,-0.018053005411673755,0.036613272311212815,12.802738622605279,-20.691901987506707,23.88916336490143,16.0,16.000000000000004,-3.552713678800501e-15
51071,Giles County,81,Other Services,160.0,189.0,29.0,0.18125,2.0,8.0,-0.04100189216848398,0.18125,4.687501555187287,-11.247804302144724,35.56030274695744,29.0,29.000000000000004,-3.552713678800501e-15
51073,Gloucester County,23,Construction,596.0,606.0,10.0,0.016778523489932886,8.0,6.0,0.13591228420498483,0.016778523489932886,17.460943293072646,63.54277809309831,-71.00372138617095,10.0,10.0,0.0
51073,Gloucester County,31-33,Manufacturing,141.0,153.0,12.0,0.0851063829787234,7.0,7.0,-0.03237878773034985,0.0851063829787234,4.130860745508797,-8.696269815488126,16.565409069979328,12.0,12.0,0.0
51073,Gloucester County,44-45,Retail Trade,1946.0,1863.0,-83.0,-0.04265159301130524,13.0,1.0,-0.04443155394673292,-0.04265159301130524,57.01173766496538,-143.47554164530763,3.4638039803422593,-83.0,-82.99999999999999,-1.4210854715202004e-14
51073,Gloucester County,48-49,Transportation and Warehousing,222.0,203.0,-19.0,-0.08558558558558559,10.0,4.0,0.3346557282617785,-0.08558558558558559,6.503908407822361,67.78966326629246,-93.29357167411483,-19.0,-19.0,0.0
51073,Gloucester County,51,Information,73.0,50.0,-23.0,-0.3150684931506849,11.0,3.0,-0.026894309682406164,-0.3150684931506849,2.1386725845542,-4.10195719136985,-21.03671539318435,-23.0,-23.0,0.0
51073,Gloucester County,52,Finance and Insurance,192.0,214.0,22.0,0.11458333333333333,6.0,8.0,-0.11480562033484625,0.11458333333333333,5.6250018662247445,-27.667680970515224,44.04267910429048,22.0,22.0,0.0
51073,Gloucester County,53,Real Estate and Rental and Leasing,93.0,146.0,53.0,0.5698924731182796,4.0,10.0,0.09487335052328227,0.5698924731182796,2.7246102789526105,6.09861131971264,44.17677840133475,53.0,53.0,0.0
51073,Gloucester County,61,Educational Services,37.0,85.0,48.0,1.2972972972972974,5.0,9.0,0.02353954608582529,1.2972972972972974,1.0839847346370601,-0.21302152946152447,47.12903679482447,48.0,48.00000000000001,-7.105427357601002e-15
51073,Gloucester County,62,Health Care and Social Assistance,1643.0,1740.0,97.0,0.05903834449178332,2.0,12.0,0.13363830856047104,0.05903834449178332,48.134781594829455,171.43295937002446,-122.56774096485391,97.0,97.00000000000001,-1.4210854715202004e-14
51073,Gloucester County,71,"Arts, Entertainment, and Recreation",125.0,92.0,-33.0,-0.264,12.0,2.0,0.20360393832435444,-0.264,3.662110589990068,21.78838170055424,-58.450492290544304,-33.0,-33.0,0.0
51073,Gloucester County,72,Accommodation and Food Services,1098.0,1187.0,89.0,0.08105646630236794,3.0,11.0,-0.018053005411673755,0.08105646630236794,32.16797942247276,-51.99017936449054,108.82219994201778,89.0,89.0,0.0
51073,Gloucester County,81,Other Services,389.0,556.0,167.0,0.42930591259640105,1.0,13.0,-0.04100189216848398,0.42930591259640105,11.396488156049092,-27.34622420958936,182.94973605354028,167.0,167.0,0.0
51073,Gloucester County,99,Unclassified,28.0,14.0,-14.0,-0.5,9.0,5.0,0.16838424733161575,-0.5,0.8203127721577753,3.894446153127466,-18.71475892528524,-14.0,-13.999999999999996,-3.552713678800501e-15
51075,Goochland County,21,"Mining, Quarrying, and Oil and Gas Extraction",94.0,108.0,14.0,0.14893617021276595,7.0,7.0,-0.17446043165467626,0.14893617021276595,2.7539071636725314,-19.153187739212097,30.39928057553957,14.0,14.000000000000007,-7.105427357601002e-15
51075,Goochland County,23,Construction,1000.0,1227.0,227.0,0.227,3.0,11.0,0.13591228420498483,0.227,29.296884719920545,106.61539948506427,91.08771579501519,227.0,227.0,0.0
51075,Goochland County,42,Wholesale Trade,436.0,439.0,3.0,0.006880733944954129,8.0,6.0,-0.05056216076505557,0.006880733944954129,12.773441737885358,-34.81854383144959,25.04510209356423,3.0,2.9999999999999964,3.552713678800501e-15
51075,Goochland County,44-45,Retail Trade,595.0,981.0,386.0,0.6487394957983194,2.0,12.0,-0.04443155394673292,0.6487394957983194,17.431646408352723,-43.86842100665881,412.4367745983061,386.0,386.0,0.0
51075,Goochland County,48-49,Transportation and Warehousing,187.0,130.0,-57.0,-0.3048128342245989,13.0,1.0,0.3346557282617785,-0.3048128342245989,5.478517442625142,57.10210374232744,-119.58062118495258,-57.0,-57.0,0.0
51075,Goochland County,54,"Professional, Scientific, and Technical Services",474.0,424.0,-50.0,-0.10548523206751055,12.0,2.0,0.02597243052605177,-0.10548523206751055,13.886723357242339,-1.5757912878937999,-62.31093206934854,-50.0,-50.0,0.0
51075,Goochland County,55,Management of Companies and Enterprises,2039.0,2008.0,-31.0,-0.015203531142717018,11.0,3.0,0.103242628498516,-0.015203531142717018,59.73634794391799,150.7753715645561,-241.5117195084741,-31.0,-31.0,0.0
51075,Goochland County,56,Administrative and Support and Waste Management,638.0,629.0,-9.0,-0.014106583072100314,9.0,5.0,-0.04737818404344833,-0.014106583072100314,18.691412451309308,-48.91869387102935,21.227281419720033,-9.0,-9.000000000000007,7.105427357601002e-15
51075,Goochland County,61,Educational Services,88.0,127.0,39.0,0.4431818181818182,6.0,8.0,0.02353954608582529,0.4431818181818182,2.578125855353008,-0.5066457998003826,36.92851994444737,39.0,39.0,0.0
51075,Goochland County,62,Health Care and Social Assistance,530.0,967.0,437.0,0.8245283018867925,1.0,13.0,0.13363830856047104,0.8245283018867925,15.52734890155789,55.30095463549176,366.1716964629504,437.0,437.00000000000006,-5.684341886080802e-14
51075,Goochland County,71,"Arts, Entertainment, and Recreation",521.0,682.0,161.0,0.30902111324376197,4.0,10.0,0.20360393832435444,0.30902111324376197,15.263676939078604,90.81397492791007,54.92234813301132,161.0,161.0,0.0
51075,Goochland County,72,Accommodation and Food Services,514.0,663.0,149.0,0.2898832684824903,5.0,9.0,-0.018053005411673755,0.2898832684824903,15.058598746039161,-24.337843527639468,158.27924478160034,149.0,149.00000000000003,-2.842170943040401e-14
51075,Goochland County,81,Other Services,402.0,385.0,-17.0,-0.04228855721393035,10.0,4.0,-0.04100189216848398,-0.04228855721393035,11.77734765740806,-28.26010830913862,-0.5172393482694401,-17.0,-17.0,0.0
51077,Grayson County,31-33,Manufacturing,407.0,354.0,-53.0,-0.13022113022113022,4.0,1.0,-0.03237878773034985,-0.13022113022113022,11.923832081007662,-25.10199868726005,-39.8218333937476,-53.0,-52.99999999999999,-7.105427357601002e-15
51077,Grayson County,44-45,Retail Trade,174.0,232.0,58.0,0.3333333333333333,1.0,4.0,-0.04443155394673292,0.3333333333333333,5.097657941266175,-12.828748327997703,65.73109038673152,58.0,57.99999999999999,7.105427357601002e-15
51077,Grayson County,52,Finance and Insurance,106.0,98.0,-8.0,-0.07547169811320754,3.0,2.0,-0.11480562033484625,-0.07547169811320754,3.105469780311578,-15.27486553580528,4.169395755493702,-8.0,-7.999999999999999,-8.881784197001252e-16
51077,Grayson County,53,Real Estate and Rental and Leasing,15.0,10.0,-5.0,-0.3333333333333333,2.0,3.0,0.09487335052328227,-0.3333333333333333,0.4394532707988082,0.9836469870504259,-6.423100257849234,-5.0,-5.0,0.0
51079,Greene County,23,Construction,312.0,305.0,-7.0,-0.022435897435897436,9.0,3.0,0.13591228420498483,-0.022435897435897436,9.14062803261521,33.26400463934006,-49.40463267195527,-7.0,-7.0,0.0
51079,Greene County,31-33,Manufacturing,71.0,44.0,-27.0,-0.38028169014084506,10.0,2.0,-0.03237878773034985,-0.38028169014084506,2.0800788151143585,-4.3789727439691974,-24.70110607114516,-27.0,-26.999999999999996,-3.552713678800501e-15
51079,Greene County,44-45,Retail Trade,728.0,792.0,64.0,0.08791208791208792,2.0,10.0,-0.04443155394673292,0.08791208791208792,21.328132076102158,-53.67430334932372,96.34617127322157,64.0,64.0,0.0
51079,Greene County,51,Information,13.0,15.0,2.0,0.15384615384615385,7.0,5.0,-0.026894309682406164,0.15384615384615385,0.38085950135896707,-0.7304855272302473,2.3496260258712804,2.0,2.0,0.0
51079,Greene County,52,Finance and Insurance,46.0,89.0,43.0,0.9347826086956522,3.0,9.0,-0.11480562033484625,0.9347826086956522,1.347656697116345,-6.628715232519273,48.281058535402934,43.0,43.00000000000001,-7.105427357601002e-15
51079,Greene County,53,Real Estate and Rental and Leasing,27.0,34.0,7.0,0.25925925925925924,5.0,7.0,0.09487335052328227,0.25925925925925924,0.7910158874378548,1.7705645766907665,4.438419535871378,7.0,6.999999999999999,8.881784197001252e-16
51079,Greene County,54,"Professional, Scientific, and Technical Services",251.0,164.0,-87.0,-0.3466135458167331,11.0,1.0,0.02597243052605177,-0.3466135458167331,7.353518064700057,-0.8344380026610628,-93.519080062039,-87.0,-87.0,0.0
51079,Greene County,71,"Arts, Entertainment, and Recreation",52.0,52.0,0.0,0.0,8.0,4.0,0.20360393832435444,0.0,1.5234380054358683,9.063966787430564,-10.587404792866431,0.0,1.7763568394002505e-15,-1.7763568394002505e-15
51079,Greene County,72,Accommodation and Food Services,351.0,422.0,71.0,0.2022792022792023,1.0,11.0,-0.018053005411673755,0.2022792022792023,10.283206536692111,-16.619811436189597,77.33660489949749,71.0,71.0,0.0
51079,Greene County,81,Other Services,164.0,170.0,6.0,0.036585365853658534,6.0,6.0,-0.04100189216848398,0.036585365853658534,4.804689094066969,-11.528999409698342,12.724310315631373,6.0,6.0,0.0
51079,Greene County,99,Unclassified,4.0,17.0,13.0,3.25,4.0,8.0,0.16838424733161575,3.25,0.11718753887968218,0.5563494504467809,12.326463010673537,13.0,13.0,0.0
51081,Greensville County,23,Construction,75.0,128.0,53.0,0.7066666666666667,3.0,3.0,0.13591228420498483,0.7066666666666667,2.197266353994041,7.996154961379821,42.80657868462614,53.0,53.0,0.0
51081,Greensville County,31-33,Manufacturing,1267.0,560.0,-707.0,-0.5580110497237569,5.0,1.0,-0.03237878773034985,-0.5580110497237569,37.11915294013933,-78.14307699449259,-665.9760759456468,-707.0,-707.0000000000001,1.1368683772161603e-13
51081,Greensville County,44-45,Retail Trade,176.0,243.0,67.0,0.3806818181818182,2.0,4.0,-0.04443155394673292,0.3806818181818182,5.156251710706016,-12.97620520533101,74.819953494625,67.0,67.0,0.0
51081,Greensville County,48-49,Transportation and Warehousing,74.0,196.0,122.0,1.6486486486486487,1.0,5.0,0.3346557282617785,1.6486486486486487,2.1679694692741203,22.596554422097487,97.23547610862839,122.0,122.0,0.0
51081,Greensville County,56,Administrative and Support and Waste Management,139.0,86.0,-53.0,-0.381294964028777,4.0,2.0,-0.04737818404344833,-0.381294964028777,4.072266976068956,-10.657834558108274,-46.41443241796068,-53.0,-53.0,0.0
51083,Halifax County,23,Construction,554.0,846.0,292.0,0.5270758122743683,1.0,14.0,0.13591228420498483,0.5270758122743683,16.230474134835983,59.06493131472561,216.70459455043846,292.0,292.00000000000006,-5.684341886080802e-14
51083,Halifax County,31-33,Manufacturing,1975.0,1961.0,-14.0,-0.007088607594936709,8.0,7.0,-0.03237878773034985,-0.007088607594936709,57.86134732184308,-121.80945308928402,49.94810576744096,-14.0,-13.999999999999986,-1.4210854715202004e-14
51083,Halifax County,44-45,Retail Trade,1252.0,1230.0,-22.0,-0.01757188498402556,9.0,6.0,-0.04443155394673292,-0.01757188498402556,36.67969966934052,-92.30800521065014,33.628305541309615,-22.0,-22.0,0.0
51083,Halifax County,48-49,Transportation and Warehousing,1020.0,1013.0,-7.0,-0.006862745098039216,6.0,9.0,0.3346557282617785,-0.006862745098039216,29.882822414318955,311.4660204126951,-348.34884282701404,-7.0,-6.999999999999943,-5.684341886080802e-14
51083,Halifax County,51,Information,73.0,43.0,-30.0,-0.410958904109589,12.0,3.0,-0.026894309682406164,-0.410958904109589,2.1386725845542,-4.10195719136985,-28.036715393184352,-30.0,-30.000000000000004,3.552713678800501e-15
51083,Halifax County,52,Finance and Insurance,200.0,174.0,-26.0,-0.13,11.0,4.0,-0.11480562033484625,-0.13,5.859376943984109,-28.820501010953357,-3.0388759330307518,-26.0,-26.0,0.0
51083,Halifax County,53,Real Estate and Rental and Leasing,122.0,57.0,-65.0,-0.5327868852459017,13.0,2.0,0.09487335052328227,-0.5327868852459017,3.5742199358303064,8.000328828010131,-76.57454876384044,-65.0,-65.0,0.0
51083,Halifax County,54,"Professional, Scientific, and Technical Services",192.0,236.0,44.0,0.22916666666666666,2.0,13.0,0.02597243052605177,0.22916666666666666,5.6250018662247445,-0.638295205222805,39.013293338998054,44.0,43.99999999999999,7.105427357601002e-15
51083,Halifax County,55,Management of Companies and Enterprises,48.0,35.0,-13.0,-0.2708333333333333,7.0,8.0,0.103242628498516,-0.2708333333333333,1.4062504665561861,3.5493957013725814,-17.95564616792877,-13.0,-13.000000000000002,1.7763568394002505e-15
51083,Halifax County,56,Administrative and Support and Waste Management,353.0,224.0,-129.0,-0.3654390934844193,14.0,1.0,-0.04737818404344833,-0.3654390934844193,10.341800306131953,-27.066299273469216,-112.27550103266273,-129.0,-129.0,0.0
51083,Halifax County,71,"Arts, Entertainment, and Recreation",293.0,308.0,15.0,0.051194539249146756,5.0,10.0,0.20360393832435444,0.051194539249146756,8.58398722293672,51.07196670609913,-44.655953929035846,15.0,15.000000000000007,-7.105427357601002e-15
51083,Halifax County,72,Accommodation and Food Services,830.0,853.0,23.0,0.027710843373493974,4.0,11.0,-0.018053005411673755,0.027710843373493974,24.316414317534054,-39.30040880922326,37.98399449168922,23.0,23.000000000000007,-7.105427357601002e-15
51083,Halifax County,81,Other Services,329.0,306.0,-23.0,-0.06990881458966565,10.0,5.0,-0.04100189216848398,-0.06990881458966565,9.638675072853859,-23.128297596285087,-9.510377476568769,-23.0,-22.999999999999996,-3.552713678800501e-15
51083,Halifax County,99,Unclassified,14.0,50.0,36.0,2.5714285714285716,3.0,12.0,0.16838424733161575,2.5714285714285716,0.41015638607888766,1.947223076563733,33.64262053735738,36.0,36.0,0.0
51085,Hanover County,23,Construction,5513.0,6468.0,955.0,0.17322691819336114,1.0,15.0,0.13591228420498483,0.17322691819336114,161.51372546092196,587.7706973611594,205.7155771779186,955.0,954.9999999999999,1.1368683772161603e-13
51085,Hanover County,31-33,Manufacturing,3547.0,3444.0,-103.0,-0.029038624189455877,11.0,5.0,-0.03237878773034985,-0.029038624189455877,103.91605010155817,-218.76361018110907,11.847560079550918,-103.0,-102.99999999999999,-1.4210854715202004e-14
51085,Hanover County,44-45,Retail Trade,7269.0,7715.0,446.0,0.06135644517815381,2.0,14.0,-0.04443155394673292,0.06135644517815381,212.95905502910244,-535.932020667904,768.9729656388016,446.0,446.00000000000006,-5.684341886080802e-14
51085,Hanover County,51,Information,558.0,408.0,-150.0,-0.26881720430107525,14.0,2.0,-0.026894309682406164,-0.26881720430107525,16.347661673715663,-31.354686476498305,-134.99297519721736,-150.0,-150.0,0.0
51085,Hanover County,52,Finance and Insurance,646.0,791.0,145.0,0.22445820433436534,7.0,9.0,-0.11480562033484625,0.22445820433436534,18.92578752906867,-93.09021826537935,219.16443073631066,145.0,145.0,0.0
51085,Hanover County,53,Real Estate and Rental and Leasing,593.0,764.0,171.0,0.28836424957841483,6.0,10.0,0.09487335052328227,0.28836424957841483,17.373052638912885,38.8868442213935,114.7401031396936,171.0,171.0,0.0
51085,Hanover County,54,"Professional, Scientific, and Technical Services",2476.0,2406.0,-70.0,-0.02827140549273021,10.0,6.0,0.02597243052605177,-0.02827140549273021,72.53908656652327,-8.23134858401909,-134.3077379825042,-70.0,-70.00000000000001,1.4210854715202004e-14
51085,Hanover County,55,Management of Companies and Enterprises,1390.0,444.0,-946.0,-0.6805755395683454,15.0,1.0,0.103242628498516,-0.6805755395683454,40.722669760689556,102.78458385224766,-1089.5072536129373,-946.0,-946.0000000000001,1.1368683772161603e-13
51085,Hanover County,56,Administrative and Support and Waste Management,3601.0,3903.0,302.0,0.08386559289086365,3.0,13.0,-0.04737818404344833,0.08386559289086365,105.49808187643389,-276.1069226168913,472.6088407404575,302.0,302.00000000000006,-5.684341886080802e-14
51085,Hanover County,61,Educational Services,792.0,889.0,97.0,0.12247474747474747,8.0,8.0,0.02353954608582529,0.12247474747474747,23.203132698177072,-4.559812198203443,78.35667950002637,97.0,97.0,0.0
51085,Hanover County,62,Health Care and Social Assistance,6581.0,6774.0,193.0,0.029326850022792887,5.0,11.0,0.13363830856047104,0.029326850022792887,192.80279834179711,686.6709102946628,-686.47370863646,193.0,193.0,0.0
51085,Hanover County,71,"Arts, Entertainment, and Recreation",2053.0,2254.0,201.0,0.09790550414028251,4.0,12.0,0.20360393832435444,0.09790550414028251,60.14650432999688,357.8523810499028,-216.9988853798997,201.0,201.00000000000003,-2.842170943040401e-14
51085,Hanover County,72,Accommodation and Food Services,4161.0,4029.0,-132.0,-0.03172314347512617,12.0,3.0,-0.018053005411673755,-0.03172314347512617,121.90433731958939,-197.02289283756386,-56.8814444820255,-132.0,-131.99999999999997,-2.842170943040401e-14
51085,Hanover County,81,Other Services,1863.0,1731.0,-132.0,-0.07085346215780998,13.0,4.0,-0.04100189216848398,-0.07085346215780998,54.580096233211975,-130.96662134309761,-55.61347489011433,-132.0,-131.99999999999997,-2.842170943040401e-14
51085,Hanover County,99,Unclassified,96.0,171.0,75.0,0.78125,9.0,7.0,0.16838424733161575,0.78125,2.8125009331123723,13.352386810722741,58.83511225616489,75.0,75.0,0.0
51087,Henrico County,22,Utilities,587.0,596.0,9.0,0.015332197614991482,7.0,9.0,0.00744013020227854,0.015332197614991482,17.19727133059336,-12.829914901855856,4.632643571262498,9.0,9.0,0.0
51087,Henrico County,23,Construction,8948.0,12190.0,3242.0,0.36231560125167633,2.0,14.0,0.13591228420498483,0.36231560125167633,262.148524473849,953.9945945923552,2025.8568809337955,3242.0,3242.0,0.0
51087,Henrico County,42,Wholesale Trade,7353.0,7041.0,-312.0,-0.04243166054671563,8.0,8.0,-0.05056216076505557,-0.04243166054671563,215.41999334557576,-587.2035614510294,59.7835681054536,-312.0,-312.0,0.0
51087,Henrico County,44-45,Retail Trade,22460.0,20297.0,-2163.0,-0.09630454140694568,14.0,2.0,-0.04443155394673292,-0.09630454140694568,658.0080308094155,-1655.9407324530368,-1165.0672983563786,-2163.0,-2163.0,0.0
51087,Henrico County,48-49,Transportation and Warehousing,3925.0,8876.0,4951.0,1.2614012738853504,1.0,15.0,0.3346557282617785,1.2614012738853504,114.99027252568814,1198.5334609017923,3637.4762665725198,4951.0,4951.0,0.0
51087,Henrico County,52,Finance and Insurance,16236.0,11163.0,-5073.0,-0.31245380635624537,15.0,1.0,-0.11480562033484625,-0.31245380635624537,475.66422031263,-2339.648272069194,-3209.015948243436,-5073.0,-5073.0,0.0
51087,Henrico County,53,Real Estate and Rental and Leasing,4198.0,4744.0,546.0,0.13006193425440685,5.0,11.0,0.09487335052328227,0.13006193425440685,122.98832205422644,275.2900034425125,147.72167450326097,546.0,545.9999999999999,1.1368683772161603e-13
51087,Henrico County,54,"Professional, Scientific, and Technical Services",17268.0,20276.0,3008.0,0.1741950428538337,3.0,13.0,0.02597243052605177,0.1741950428538337,505.898605343588,-57.40667501972603,2559.5080696761383,3008.0,3008.0000000000005,-4.547473508864641e-13
51087,Henrico County,55,Management of Companies and Enterprises,8430.0,7839.0,-591.0,-0.0701067615658363,10.0,6.0,0.103242628498516,-0.0701067615658363,246.9727381889302,623.3626200535596,-1461.3353582424897,-591.0,-591.0,0.0
51087,Henrico County,56,Administrative and Support and Waste Management,15934.0,13778.0,-2156.0,-0.13530814610267353,13.0,3.0,-0.04737818404344833,-0.13530814610267353,466.81656112721396,-1221.7405456755198,-1401.0760154516943,-2156.0,-2156.0,0.0
51087,Henrico County,61,Educational Services,2525.0,2827.0,302.0,0.1196039603960396,6.0,10.0,0.02353954608582529,0.1196039603960396,73.97463391779938,-14.537280051090521,242.56264613329114,302.0,302.0,0.0
51087,Henrico County,62,Health Care and Social Assistance,28355.0,27470.0,-885.0,-0.031211426556162936,11.0,5.0,0.13363830856047104,-0.031211426556162936,830.7131662333471,2958.6010729988093,-4674.314239232156,-885.0,-884.9999999999995,-4.547473508864641e-13
51087,Henrico County,71,"Arts, Entertainment, and Recreation",2691.0,3734.0,1043.0,0.38758825715347456,4.0,12.0,0.20360393832435444,0.38758825715347456,78.83791678130619,469.06028124953167,495.10180196916224,1043.0,1043.0,0.0
51087,Henrico County,72,Accommodation and Food Services,16591.0,15139.0,-1452.0,-0.08751732867217166,12.0,4.0,-0.018053005411673755,-0.08751732867217166,486.0646143882018,-785.582027173281,-1152.4825872149206,-1452.0,-1451.9999999999998,-2.2737367544323206e-13
51087,Henrico County,81,Other Services,6560.0,6110.0,-450.0,-0.06859756097560976,9.0,7.0,-0.04100189216848398,-0.06859756097560976,192.1875637626788,-461.1599763879337,-181.0275873747451,-450.0,-450.0,0.0
51089,Henry County,23,Construction,431.0,437.0,6.0,0.013921113689095127,3.0,10.0,0.13591228420498483,0.013921113689095127,12.626957314285756,45.951237178062705,-52.57819449234846,6.0,6.0,0.0
51089,Henry County,31-33,Manufacturing,4163.0,4229.0,66.0,0.015853951477300024,1.0,12.0,-0.03237878773034985,0.015853951477300024,121.96293108902923,-256.7558244104756,200.79289332144643,66.0,66.00000000000003,-2.842170943040401e-14
51089,Henry County,44-45,Retail Trade,2083.0,1933.0,-150.0,-0.07201152184349496,11.0,2.0,-0.04443155394673292,-0.07201152184349496,61.025410871594495,-153.57633774263917,-57.449073128955334,-150.0,-150.0,0.0
51089,Henry County,48-49,Transportation and Warehousing,1142.0,1044.0,-98.0,-0.08581436077057793,10.0,3.0,0.3346557282617785,-0.08581436077057793,33.457042350149266,348.7197993248018,-480.176841674951,-98.0,-97.99999999999994,-5.684341886080802e-14
51089,Henry County,51,Information,155.0,179.0,24.0,0.15483870967741936,2.0,11.0,-0.026894309682406164,0.15483870967741936,4.541017131587685,-8.70963513236064,28.168618000772955,24.0,24.0,0.0
51089,Henry County,52,Finance and Insurance,280.0,193.0,-87.0,-0.3107142857142857,9.0,4.0,-0.11480562033484625,-0.3107142857142857,8.203127721577752,-40.3487014153347,-54.85442630624305,-87.0,-87.0,0.0
51089,Henry County,53,Real Estate and Rental and Leasing,92.0,75.0,-17.0,-0.18478260869565216,4.0,9.0,0.09487335052328227,-0.18478260869565216,2.69531339423269,6.033034853909279,-25.72834824814197,-17.0,-17.0,0.0
51089,Henry County,56,Administrative and Support and Waste Management,1223.0,891.0,-332.0,-0.2714636140637776,12.0,1.0,-0.04737818404344833,-0.2714636140637776,35.830090012462826,-93.77360909760014,-274.0564809148627,-332.0,-332.0,0.0
51089,Henry County,71,"Arts, Entertainment, and Recreation",112.0,88.0,-24.0,-0.21428571428571427,5.0,8.0,0.20360393832435444,-0.21428571428571427,3.2812510886311013,19.522390003696596,-46.803641092327695,-24.0,-23.999999999999996,-3.552713678800501e-15
51089,Henry County,72,Accommodation and Food Services,946.0,863.0,-83.0,-0.08773784355179703,8.0,5.0,-0.018053005411673755,-0.08773784355179703,27.714852945044836,-44.79299606448821,-65.92185688055662,-83.0,-82.99999999999999,-1.4210854715202004e-14
51089,Henry County,81,Other Services,431.0,388.0,-43.0,-0.09976798143851508,7.0,6.0,-0.04100189216848398,-0.09976798143851508,12.626957314285756,-30.298772838902348,-25.328184475383402,-43.0,-42.99999999999999,-7.105427357601002e-15
51089,Henry County,99,Unclassified,45.0,18.0,-27.0,-0.6,6.0,7.0,0.16838424733161575,-0.6,1.3183598123964246,6.258931317526285,-34.577291129922706,-27.0,-26.999999999999996,-3.552713678800501e-15
51091,Highland County,23,Construction,39.0,47.0,8.0,0.20512820512820512,2.0,1.0,0.13591228420498483,0.20512820512820512,1.1425785040769012,4.158000579917507,2.6994209160055913,8.0,8.0,0.0
51091,Highland County,54,"Professional, Scientific, and Technical Services",11.0,25.0,14.0,1.2727272727272727,1.0,2.0,0.02597243052605177,1.2727272727272727,0.322265731919126,-0.03656899613255654,13.71430326421343,14.0,14.0,0.0
51093,Isle of Wight County,23,Construction,429.0,538.0,109.0,0.2540792540792541,3.0,11.0,0.13591228420498483,0.2540792540792541,12.568363544845914,45.738006379092575,50.69363007606151,109.0,109.0,0.0
51093,Isle of Wight County,31-33,Manufacturing,3108.0,1730.0,-1378.0,-0.44337194337194336,14.0,1.0,-0.03237878773034985,-0.44337194337194336,91.05471770951306,-191.6879899754404,-1277.3667277340726,-1378.0,-1378.0,0.0
51093,Isle of Wight County,44-45,Retail Trade,943.0,1157.0,214.0,0.22693531283138918,1.0,14.0,-0.04443155394673292,0.22693531283138918,27.626962290885075,-69.52591766265421,255.89895537176915,214.0,214.0,0.0
51093,Isle of Wight County,48-49,Transportation and Warehousing,632.0,371.0,-261.0,-0.4129746835443038,13.0,2.0,0.3346557282617785,-0.4129746835443038,18.515631142989786,192.98678911845423,-472.502420261444,-261.0,-261.0,0.0
51093,Isle of Wight County,51,Information,31.0,11.0,-20.0,-0.6451612903225806,8.0,7.0,-0.026894309682406164,-0.6451612903225806,0.9082034263175369,-1.741927026472128,-19.166276399845408,-20.0,-20.0,0.0
51093,Isle of Wight County,52,Finance and Insurance,200.0,156.0,-44.0,-0.22,9.0,6.0,-0.11480562033484625,-0.22,5.859376943984109,-28.820501010953357,-21.038875933030752,-44.0,-44.0,0.0
51093,Isle of Wight County,53,Real Estate and Rental and Leasing,75.0,96.0,21.0,0.28,6.0,9.0,0.09487335052328227,0.28,2.197266353994041,4.918234935252129,13.884498710753832,21.0,21.0,0.0
51093,Isle of Wight County,54,"Professional, Scientific, and Technical Services",345.0,289.0,-56.0,-0.16231884057971013,10.0,5.0,0.02597243052605177,-0.16231884057971013,10.107425228372588,-1.1469366968847279,-64.96048853148785,-56.0,-55.99999999999999,-7.105427357601002e-15
51093,Isle of Wight County,55,Management of Companies and Enterprises,283.0,375.0,92.0,0.3250883392226148,5.0,10.0,0.103242628498516,0.3250883392226148,8.291018375737515,20.926645489342512,62.782336134919966,92.0,92.0,0.0
51093,Isle of Wight County,56,Administrative and Support and Waste Management,552.0,315.0,-237.0,-0.42934782608695654,12.0,3.0,-0.04737818404344833,-0.42934782608695654,16.17188036539614,-42.32463795737962,-210.8472424080165,-237.0,-237.0,0.0
51093,Isle of Wight County,71,"Arts, Entertainment, and Recreation",71.0,180.0,109.0,1.5352112676056338,4.0,12.0,0.20360393832435444,1.5352112676056338,2.0800788151143585,12.375800805914807,94.54412037897083,109.0,109.0,0.0
51093,Isle of Wight County,72,Accommodation and Food Services,935.0,1115.0,180.0,0.1925133689839572,2.0,13.0,-0.018053005411673755,0.1925133689839572,27.39258721312571,-44.272147273040666,196.87956005991495,180.0,180.0,0.0
51093,Isle of Wight County,81,Other Services,414.0,327.0,-87.0,-0.21014492753623187,11.0,4.0,-0.04100189216848398,-0.21014492753623187,12.128910274047106,-29.103693631799473,-70.02521664224763,-87.0,-87.0,0.0
51093,Isle of Wight County,99,Unclassified,44.0,36.0,-8.0,-0.18181818181818182,7.0,8.0,0.16838424733161575,-0.18181818181818182,1.289062927676504,6.1198439549145895,-15.408906882591094,-8.0,-8.0,0.0
51095,James City County,23,Construction,1490.0,1650.0,160.0,0.10738255033557047,5.0,12.0,0.13591228420498483,0.10738255033557047,43.652358232681614,158.85694523274577,-42.5093034654274,160.0,160.0,0.0
51095,James City County,31-33,Manufacturing,1806.0,1676.0,-130.0,-0.07198228128460686,12.0,4.0,-0.03237878773034985,-0.07198228128460686,52.9101738041765,-111.38626444518833,-71.52390935898816,-130.0,-130.0,0.0
51095,James City County,44-45,Retail Trade,3821.0,3609.0,-212.0,-0.05548285789060455,14.0,3.0,-0.04443155394673292,-0.05548285789060455,111.9433965148164,-281.71636414528285,-42.227032369533504,-212.0,-211.99999999999994,-5.684341886080802e-14
51095,James City County,48-49,Transportation and Warehousing,1305.0,1175.0,-130.0,-0.09961685823754789,13.0,5.0,0.3346557282617785,-0.09961685823754789,38.23243455949631,398.4932908221246,-566.7257253816209,-130.0,-130.0,0.0
51095,James City County,51,Information,151.0,160.0,9.0,0.059602649006622516,9.0,8.0,-0.026894309682406164,0.059602649006622516,4.423829592708002,-8.484870354751333,13.06104076204333,9.0,9.0,0.0
51095,James City County,52,Finance and Insurance,461.0,555.0,94.0,0.2039045553145336,6.0,11.0,-0.11480562033484625,0.2039045553145336,13.505863855883371,-66.4312548302475,146.92539097436412,94.0,94.0,0.0
51095,James City County,53,Real Estate and Rental and Leasing,819.0,869.0,50.0,0.06105006105006105,7.0,10.0,0.09487335052328227,0.06105006105006105,23.994148585614926,53.70712549295325,-27.701274078568183,50.0,49.99999999999999,7.105427357601002e-15
51095,James City County,54,"Professional, Scientific, and Technical Services",1422.0,1672.0,250.0,0.17580872011251758,3.0,14.0,0.02597243052605177,0.17580872011251758,41.660170071727016,-4.727373863681399,213.06720379195437,250.0,250.0,0.0
51095,James City County,55,Management of Companies and Enterprises,1013.0,224.0,-789.0,-0.7788746298124383,16.0,1.0,0.103242628498516,-0.7788746298124383,29.67774422127951,74.90703844771718,-893.5847826689966,-789.0,-788.9999999999999,-1.1368683772161603e-13
51095,James City County,56,Administrative and Support and Waste Management,1223.0,1385.0,162.0,0.13246116107931316,4.0,13.0,-0.04737818404344833,0.13246116107931316,35.830090012462826,-93.77360909760014,219.94351908513732,162.0,162.0,0.0
51095,James City County,61,Educational Services,300.0,252.0,-48.0,-0.16,10.0,7.0,0.02353954608582529,-0.16,8.789065415976165,-1.7272015902285769,-55.06186382574759,-48.0,-48.0,0.0
51095,James City County,62,Health Care and Social Assistance,3919.0,4627.0,708.0,0.18065833120694055,1.0,16.0,0.13363830856047104,0.18065833120694055,114.81449121736861,408.9140400311174,184.27146875151402,708.0,708.0,0.0
51095,James City County,71,"Arts, Entertainment, and Recreation",3085.0,3006.0,-79.0,-0.02560777957860616,11.0,6.0,0.20360393832435444,-0.02560777957860616,90.38088936095488,537.7372603696787,-707.1181497306335,-79.0,-78.99999999999989,-1.1368683772161603e-13
51095,James City County,72,Accommodation and Food Services,3585.0,3046.0,-539.0,-0.1503486750348675,15.0,2.0,-0.018053005411673755,-0.1503486750348675,105.02933172091515,-169.74935612176554,-474.2799755991496,-539.0,-539.0,0.0
51095,James City County,81,Other Services,698.0,989.0,291.0,0.4169054441260745,2.0,15.0,-0.04100189216848398,0.4169054441260745,20.449225534504542,-49.06854626810636,319.6193207336018,291.0,291.0,0.0
51095,James City County,99,Unclassified,61.0,93.0,32.0,0.5245901639344263,8.0,9.0,0.16838424733161575,0.5245901639344263,1.7871099679151532,8.484329119313408,21.728560912771442,32.0,32.0,0.0
51097,King and Queen County,23,Construction,94.0,142.0,48.0,0.5106382978723404,1.0,5.0,0.13591228420498483,0.5106382978723404,2.7539071636725314,10.021847551596043,35.224245284731424,48.0,48.0,0.0
51097,King and Queen County,31-33,Manufacturing,141.0,47.0,-94.0,-0.6666666666666666,5.0,1.0,-0.03237878773034985,-0.6666666666666666,4.130860745508797,-8.696269815488126,-89.43459093002066,-94.0,-93.99999999999999,-1.4210854715202004e-14
51097,King and Queen County,48-49,Transportation and Warehousing,74.0,77.0,3.0,0.04054054054054054,4.0,2.0,0.3346557282617785,0.04054054054054054,2.1679694692741203,22.596554422097487,-21.764523891371606,3.0,3.0,0.0
51097,King and Queen County,54,"Professional, Scientific, and Technical Services",58.0,98.0,40.0,0.6896551724137931,2.0,4.0,0.02597243052605177,0.6896551724137931,1.6992193137553917,-0.192818343244389,38.493599029489,40.0,40.0,0.0
51097,King and Queen County,56,Administrative and Support and Waste Management,32.0,70.0,38.0,1.1875,3.0,3.0,-0.04737818404344833,1.1875,0.9375003110374575,-2.453602200427804,39.51610188939035,38.0,38.0,0.0
51099,King George County,23,Construction,288.0,381.0,93.0,0.3229166666666667,3.0,7.0,0.13591228420498483,0.3229166666666667,8.437502799337118,30.705235051698512,53.857262148964374,93.0,93.0,0.0
51099,King George County,44-45,Retail Trade,814.0,926.0,112.0,0.1375921375921376,2.0,8.0,-0.04443155394673292,0.1375921375921376,23.847664162015324,-60.01494907465592,148.1672849126406,112.0,112.00000000000001,-1.4210854715202004e-14
51099,King George County,48-49,Transportation and Warehousing,124.0,69.0,-55.0,-0.4435483870967742,9.0,1.0,0.3346557282617785,-0.4435483870967742,3.6328137052701477,37.86449659919038,-96.49731030446053,-55.0,-55.0,0.0
51099,King George County,52,Finance and Insurance,103.0,89.0,-14.0,-0.13592233009708737,7.0,3.0,-0.11480562033484625,-0.13592233009708737,3.017579126151816,-14.842558020640979,-2.175021105510836,-14.0,-14.0,0.0
51099,King George County,53,Real Estate and Rental and Leasing,77.0,46.0,-31.0,-0.4025974025974026,8.0,2.0,0.09487335052328227,-0.4025974025974026,2.255860123433882,5.0493878668588525,-38.305247990292735,-31.0,-31.0,0.0
51099,King George County,54,"Professional, Scientific, and Technical Services",2050.0,3014.0,964.0,0.47024390243902436,1.0,9.0,0.02597243052605177,0.47024390243902436,60.058613675837115,-6.815131097430991,910.7565174215939,964.0,964.0,0.0
51099,King George County,71,"Arts, Entertainment, and Recreation",31.0,69.0,38.0,1.2258064516129032,4.0,6.0,0.20360393832435444,1.2258064516129032,0.9082034263175369,5.4035186617374515,31.688277911945015,38.0,38.0,0.0
51099,King George County,72,Accommodation and Food Services,580.0,601.0,21.0,0.03620689655172414,5.0,5.0,-0.018053005411673755,0.03620689655172414,16.992193137553915,-27.46293627632469,31.47074313877078,21.0,21.000000000000004,-3.552713678800501e-15
51099,King George County,81,Other Services,275.0,271.0,-4.0,-0.014545454545454545,6.0,4.0,-0.04100189216848398,-0.014545454545454545,8.05664329797815,-19.332163644311244,7.275520346333095,-4.0,-3.999999999999999,-8.881784197001252e-16
51101,King William County,31-33,Manufacturing,659.0,775.0,116.0,0.17602427921092564,1.0,10.0,-0.03237878773034985,0.17602427921092564,19.30664703042764,-40.64426814472819,137.33762111430056,116.0,116.00000000000001,-1.4210854715202004e-14
51101,King William County,44-45,Retail Trade,472.0,429.0,-43.0,-0.09110169491525423,9.0,2.0,-0.04443155394673292,-0.09110169491525423,13.828129587802497,-34.799823050660436,-22.028306537142058,-43.0,-43.0,0.0
51101,King William County,48-49,Transportation and Warehousing,347.0,383.0,36.0,0.1037463976945245,3.0,8.0,0.3346557282617785,0.1037463976945245,10.16601899781243,105.9595187090247,-80.12553770683714,36.0,36.0,0.0
51101,King William County,52,Finance and Insurance,97.0,105.0,8.0,0.08247422680412371,5.0,6.0,-0.11480562033484625,0.08247422680412371,2.841797817832293,-13.977942990312378,19.136145172480084,8.0,8.0,0.0
51101,King William County,53,Real Estate and Rental and Leasing,31.0,25.0,-6.0,-0.1935483870967742,7.0,4.0,0.09487335052328227,-0.1935483870967742,0.9082034263175369,2.0328704399042135,-8.94107386622175,-6.0,-5.999999999999999,-8.881784197001252e-16
51101,King William County,54,"Professional, Scientific, and Technical Services",153.0,108.0,-45.0,-0.29411764705882354,10.0,1.0,0.02597243052605177,-0.29411764705882354,4.482423362147843,-0.5086414916619227,-48.97378187048592,-45.0,-45.0,0.0
51101,King William County,56,Administrative and Support and Waste Management,170.0,162.0,-8.0,-0.047058823529411764,8.0,3.0,-0.04737818404344833,-0.047058823529411764,4.9804704023864925,-13.03476168977271,0.05429128738621655,-8.0,-8.0,0.0
51101,King William County,71,"Arts, Entertainment, and Recreation",44.0,68.0,24.0,0.5454545454545454,4.0,7.0,0.20360393832435444,0.5454545454545454,1.289062927676504,7.669510358595092,15.041426713728404,24.0,24.0,0.0
51101,King William County,72,Accommodation and Food Services,317.0,321.0,4.0,0.012618296529968454,6.0,5.0,-0.018053005411673755,0.012618296529968454,9.287112456214812,-15.009915171715392,9.72280271550058,4.0,4.0,0.0
51101,King William County,81,Other Services,147.0,195.0,48.0,0.32653061224489793,2.0,9.0,-0.04100189216848398,0.32653061224489793,4.3066420538283205,-10.333920202595465,54.027278148767145,48.0,48.0,0.0
51103,Lancaster County,11,"Agriculture, Forestry, Fishing and Hunting",33.0,16.0,-17.0,-0.5151515151515151,10.0,4.0,-0.0450656018254421,-0.5151515151515151,0.966797195757378,-2.4539620559969673,-15.51283513976041,-17.0,-17.0,0.0
51103,Lancaster County,23,Construction,309.0,332.0,23.0,0.0744336569579288,6.0,8.0,0.13591228420498483,0.0744336569579288,9.052737378455449,32.94415844088486,-18.99689581934031,23.0,23.0,0.0
51103,Lancaster County,31-33,Manufacturing,130.0,268.0,138.0,1.0615384615384615,1.0,13.0,-0.03237878773034985,1.0615384615384615,3.808595013589671,-8.017837418535152,142.20924240494548,138.0,138.0,0.0
51103,Lancaster County,44-45,Retail Trade,678.0,654.0,-24.0,-0.035398230088495575,11.0,3.0,-0.04443155394673292,-0.035398230088495575,19.86328784010613,-49.98788141599105,6.12459357588492,-24.0,-24.0,0.0
51103,Lancaster County,48-49,Transportation and Warehousing,81.0,116.0,35.0,0.43209876543209874,4.0,9.0,0.3346557282617785,0.43209876543209874,2.373047662313564,24.734066326890492,7.892886010795942,35.0,35.0,0.0
51103,Lancaster County,51,Information,66.0,52.0,-14.0,-0.21212121212121213,8.0,6.0,-0.026894309682406164,-0.21212121212121213,1.933594391514756,-3.7086188305535632,-12.224975560961193,-14.0,-14.0,0.0
51103,Lancaster County,52,Finance and Insurance,246.0,201.0,-45.0,-0.18292682926829268,13.0,1.0,-0.11480562033484625,-0.18292682926829268,7.2070336411004545,-35.449216243472634,-16.75781739762782,-45.0,-45.0,0.0
51103,Lancaster County,53,Real Estate and Rental and Leasing,72.0,77.0,5.0,0.06944444444444445,7.0,7.0,0.09487335052328227,0.06944444444444445,2.1093756998342794,4.721505537842044,-1.8308812376763235,5.0,5.0,0.0
51103,Lancaster County,54,"Professional, Scientific, and Technical Services",155.0,140.0,-15.0,-0.0967741935483871,9.0,5.0,0.02597243052605177,-0.0967741935483871,4.541017131587685,-0.5152904000496603,-19.025726731538025,-15.0,-15.0,0.0
51103,Lancaster County,71,"Arts, Entertainment, and Recreation",28.0,123.0,95.0,3.392857142857143,2.0,12.0,0.20360393832435444,3.392857142857143,0.8203127721577753,4.880597500924149,89.29908972691807,95.0,95.0,0.0
51103,Lancaster County,72,Accommodation and Food Services,552.0,594.0,42.0,0.07608695652173914,3.0,11.0,-0.018053005411673755,0.07608695652173914,16.17188036539614,-26.13713935264005,51.96525898724392,42.0,42.000000000000014,-1.4210854715202004e-14
51103,Lancaster County,81,Other Services,249.0,216.0,-33.0,-0.13253012048192772,12.0,2.0,-0.04100189216848398,-0.13253012048192772,7.294924295260216,-17.504395445212726,-22.79052885004749,-33.0,-33.0,0.0
51103,Lancaster County,99,Unclassified,25.0,60.0,35.0,1.4,5.0,10.0,0.16838424733161575,1.4,0.7324221179980136,3.47718406529238,30.790393816709603,35.0,35.0,0.0
51105,Lee County,11,"Agriculture, Forestry, Fishing and Hunting",32.0,24.0,-8.0,-0.25,13.0,4.0,-0.0450656018254421,-0.25,0.9375003110374575,-2.379599569451605,-6.557900741585852,-8.0,-8.0,0.0
51105,Lee County,21,"Mining, Quarrying, and Oil and Gas Extraction",27.0,64.0,37.0,1.3703703703703705,1.0,16.0,-0.17446043165467626,1.3703703703703705,0.7910158874378548,-5.501447542114113,41.71043165467626,37.0,37.00000000000001,-7.105427357601002e-15
51105,Lee County,22,Utilities,50.0,50.0,0.0,0.0,9.0,8.0,0.00744013020227854,0.0,1.4648442359960272,-1.0928377258821003,-0.372006510113927,0.0,-5.551115123125783e-17,5.551115123125783e-17
51105,Lee County,23,Construction,191.0,195.0,4.0,0.020942408376963352,6.0,11.0,0.13591228420498483,0.020942408376963352,5.5957049815048245,20.363541301647277,-21.959246283152105,4.0,3.9999999999999964,3.552713678800501e-15
51105,Lee County,31-33,Manufacturing,173.0,144.0,-29.0,-0.1676300578034682,16.0,1.0,-0.03237878773034985,-0.1676300578034682,5.068361056546254,-10.669891333896778,-23.398469722649473,-29.0,-28.999999999999996,-3.552713678800501e-15
51105,Lee County,42,Wholesale Trade,99.0,106.0,7.0,0.0707070707070707,4.0,12.0,-0.05056216076505557,0.0707070707070707,2.900391587272134,-7.906045503012636,12.005653915740501,7.0,6.999999999999999,8.881784197001252e-16
51105,Lee County,44-45,Retail Trade,660.0,663.0,3.0,0.004545454545454545,7.0,10.0,-0.04443155394673292,0.004545454545454545,19.33594391514756,-48.660769519991284,32.32482560484373,3.0,3.000000000000007,-7.105427357601002e-15
51105,Lee County,48-49,Transportation and Warehousing,65.0,41.0,-24.0,-0.36923076923076925,15.0,2.0,0.3346557282617785,-0.36923076923076925,1.9042975067948356,19.848324830220765,-45.7526223370156,-24.0,-24.0,0.0
51105,Lee County,51,Information,21.0,14.0,-7.0,-0.3333333333333333,12.0,5.0,-0.026894309682406164,-0.3333333333333333,0.6152345791183315,-1.1800150824488609,-6.43521949666947,-7.0,-6.999999999999999,-8.881784197001252e-16
51105,Lee County,52,Finance and Insurance,95.0,92.0,-3.0,-0.031578947368421054,11.0,6.0,-0.11480562033484625,-0.031578947368421054,2.783204048392452,-13.689737980202846,7.906533931810393,-3.0,-3.000000000000001,8.881784197001252e-16
51105,Lee County,53,Real Estate and Rental and Leasing,18.0,29.0,11.0,0.6111111111111112,2.0,15.0,0.09487335052328227,0.6111111111111112,0.5273439249585699,1.180376384460511,9.29227969058092,11.0,11.0,0.0
51105,Lee County,54,"Professional, Scientific, and Technical Services",42.0,49.0,7.0,0.16666666666666666,5.0,13.0,0.02597243052605177,0.16666666666666666,1.230469158236663,-0.1396270761424886,5.909157917905825,7.0,6.999999999999999,8.881784197001252e-16
51105,Lee County,55,Management of Companies and Enterprises,73.0,59.0,-14.0,-0.1917808219178082,14.0,3.0,0.103242628498516,-0.1917808219178082,2.1386725845542,5.398039295837467,-21.536711880391668,-14.0,-14.0,0.0
51105,Lee County,56,Administrative and Support and Waste Management,82.0,91.0,9.0,0.10975609756097561,3.0,14.0,-0.04737818404344833,0.10975609756097561,2.4023445470334845,-6.287355638596249,12.885011091562763,9.0,9.0,0.0
51105,Lee County,81,Other Services,68.0,70.0,2.0,0.029411764705882353,8.0,9.0,-0.04100189216848398,0.029411764705882353,1.992188160954597,-4.780316828411507,4.788128667456911,2.0,2.0,0.0
51105,Lee County,99,Unclassified,5.0,3.0,-2.0,-0.4,10.0,7.0,0.16838424733161575,-0.4,0.14648442359960273,0.695436813058476,-2.8419212366580786,-2.0,-1.9999999999999998,-2.220446049250313e-16
51107,Loudoun County,23,Construction,17250.0,24219.0,6969.0,0.404,1.0,16.0,0.13591228420498483,0.404,505.3712614186294,1839.1156411173588,4624.513097464012,6969.0,6969.0,0.0
51107,Loudoun County,31-33,Manufacturing,7888.0,7452.0,-436.0,-0.0552738336713996,16.0,1.0,-0.03237878773034985,-0.0552738336713996,231.09382667073325,-486.49770428773286,-180.59612238300042,-436.0,-436.0,0.0
51107,Loudoun County,44-45,Retail Trade,17725.0,17299.0,-426.0,-0.024033850493653034,15.0,2.0,-0.04443155394673292,-0.024033850493653034,519.2872816605917,-1306.8365753664327,361.54929370584097,-426.0,-426.00000000000006,5.684341886080802e-14
51107,Loudoun County,48-49,Transportation and Warehousing,11877.0,13337.0,1460.0,0.12292666498273976,6.0,11.0,0.3346557282617785,0.12292666498273976,347.9590998184963,3626.746984746647,-2514.706084565143,1460.0,1460.0,0.0
51107,Loudoun County,51,Information,7277.0,7338.0,61.0,0.008382575237048235,13.0,4.0,-0.026894309682406164,0.008382575237048235,213.1934301068618,-408.9033216657315,256.70989155886963,61.0,60.99999999999994,5.684341886080802e-14
51107,Loudoun County,52,Finance and Insurance,3741.0,4162.0,421.0,0.11253675487837476,9.0,8.0,-0.11480562033484625,0.11253675487837476,109.59964573722276,-539.0874714098826,850.4878256726598,421.0,421.0,0.0
51107,Loudoun County,53,Real Estate and Rental and Leasing,2273.0,2353.0,80.0,0.03519577650681918,12.0,5.0,0.09487335052328227,0.03519577650681918,66.5918189683794,149.0553067710412,-135.6471257394206,80.0,79.99999999999997,2.842170943040401e-14
51107,Loudoun County,54,"Professional, Scientific, and Technical Services",21149.0,25626.0,4477.0,0.2116884959099721,3.0,14.0,0.02597243052605177,0.2116884959099721,619.5998149415996,-70.30888174613075,3927.709066804531,4477.0,4477.0,0.0
51107,Loudoun County,55,Management of Companies and Enterprises,1412.0,1935.0,523.0,0.37039660056657225,8.0,9.0,0.103242628498516,0.37039660056657225,41.36720122452781,104.41139021537677,377.2214085600954,523.0,523.0,0.0
51107,Loudoun County,56,Administrative and Support and Waste Management,10094.0,12408.0,2314.0,0.2292450960966911,4.0,13.0,-0.04737818404344833,0.2292450960966911,295.722754362878,-773.9581440974455,2792.2353897345674,2314.0,2314.0,0.0
51107,Loudoun County,61,Educational Services,3467.0,3324.0,-143.0,-0.04124603403518892,14.0,3.0,0.02353954608582529,-0.04124603403518892,101.57229932396453,-19.960693044408252,-224.61160627955627,-143.0,-143.0,0.0
51107,Loudoun County,62,Health Care and Social Assistance,13647.0,19235.0,5588.0,0.40946728218656114,2.0,15.0,0.13363830856047104,0.40946728218656114,399.81458577275566,1423.9474111519926,3764.2380030752515,5588.0,5588.0,0.0
51107,Loudoun County,71,"Arts, Entertainment, and Recreation",3535.0,3924.0,389.0,0.11004243281471005,10.0,7.0,0.20360393832435444,0.11004243281471005,103.56448748491913,616.1754344916739,-330.73992197659294,389.0,389.00000000000006,-5.684341886080802e-14
51107,Loudoun County,72,Accommodation and Food Services,16791.0,18363.0,1572.0,0.09362158299088798,5.0,12.0,-0.018053005411673755,0.09362158299088798,491.9239913321859,-795.0520051995999,1875.128013867414,1572.0,1572.0,0.0
51107,Loudoun County,81,Other Services,5719.0,6457.0,738.0,0.12904353908025878,7.0,10.0,-0.04100189216848398,0.12904353908025878,167.5488837132256,-402.0387050247855,972.4898213115599,738.0,738.0,0.0
51107,Loudoun County,99,Unclassified,506.0,604.0,98.0,0.19367588932806323,11.0,6.0,0.16838424733161575,0.19367588932806323,14.824223668279796,70.37820548151778,12.797570850202426,98.0,98.0,0.0
51109,Louisa County,44-45,Retail Trade,1199.0,1166.0,-33.0,-0.027522935779816515,8.0,2.0,-0.04443155394673292,-0.027522935779816515,35.12696477918473,-88.4003979613175,20.27343318213277,-33.0,-32.99999999999999,-7.105427357601002e-15
51109,Louisa County,52,Finance and Insurance,105.0,154.0,49.0,0.4666666666666667,4.0,6.0,-0.11480562033484625,0.4666666666666667,3.0761728955916574,-15.130763030750513,61.054590135158854,49.0,49.0,0.0
51109,Louisa County,53,Real Estate and Rental and Leasing,40.0,147.0,107.0,2.675,2.0,8.0,0.09487335052328227,2.675,1.1718753887968218,2.623058632134469,103.2050659790687,107.0,107.0,0.0
51109,Louisa County,54,"Professional, Scientific, and Technical Services",247.0,259.0,12.0,0.048582995951417005,6.0,4.0,0.02597243052605177,0.048582995951417005,7.2363305258203745,-0.8211401858855877,5.584809660065213,12.0,12.0,0.0
51109,Louisa County,55,Management of Companies and Enterprises,46.0,49.0,3.0,0.06521739130434782,7.0,3.0,0.103242628498516,0.06521739130434782,1.347656697116345,3.4015042138153904,-1.7491609109317359,3.0,2.999999999999999,8.881784197001252e-16
51109,Louisa County,56,Administrative and Support and Waste Management,540.0,448.0,-92.0,-0.17037037037037037,9.0,1.0,-0.04737818404344833,-0.17037037037037037,15.820317748757095,-41.4045371322192,-66.4157806165379,-92.0,-92.0,0.0
51109,Louisa County,71,"Arts, Entertainment, and Recreation",53.0,116.0,63.0,1.1886792452830188,3.0,7.0,0.20360393832435444,1.1886792452830188,1.552734890155789,9.238273841034998,52.208991268809214,63.0,63.0,0.0
51109,Louisa County,72,Accommodation and Food Services,522.0,757.0,235.0,0.4501915708812261,1.0,9.0,-0.018053005411673755,0.4501915708812261,15.292973823798524,-24.716642648692222,244.42366882489372,235.0,235.00000000000003,-2.842170943040401e-14
51109,Louisa County,81,Other Services,207.0,232.0,25.0,0.12077294685990338,5.0,5.0,-0.04100189216848398,0.12077294685990338,6.064455137023553,-14.551846815899736,33.48739167887618,25.0,24.999999999999996,3.552713678800501e-15
51111,Lunenburg County,11,"Agriculture, Forestry, Fishing and Hunting",73.0,50.0,-23.0,-0.3150684931506849,3.0,4.0,-0.0450656018254421,-0.3150684931506849,2.1386725845542,-5.428461517811473,-19.710211066742723,-23.0,-22.999999999999996,-3.552713678800501e-15
51111,Lunenburg County,23,Construction,178.0,108.0,-70.0,-0.39325842696629215,5.0,3.0,0.13591228420498483,-0.39325842696629215,5.214845480145857,18.97754110834144,-94.19238658848731,-70.0,-70.00000000000001,1.4210854715202004e-14
51111,Lunenburg County,31-33,Manufacturing,442.0,290.0,-152.0,-0.3438914027149321,7.0,1.0,-0.03237878773034985,-0.3438914027149321,12.949223046204882,-27.260647223019514,-137.68857582318537,-152.0,-152.0,0.0
51111,Lunenburg County,42,Wholesale Trade,119.0,48.0,-71.0,-0.5966386554621849,6.0,2.0,-0.05056216076505557,-0.5966386554621849,3.486329281670545,-9.503226412712158,-64.98310286895838,-71.0,-71.0,0.0
51111,Lunenburg County,44-45,Retail Trade,178.0,186.0,8.0,0.0449438202247191,1.0,7.0,-0.04443155394673292,0.0449438202247191,5.214845480145857,-13.123662082664316,15.90881660251846,8.0,8.0,0.0
51111,Lunenburg County,48-49,Transportation and Warehousing,57.0,34.0,-23.0,-0.40350877192982454,4.0,5.0,0.3346557282617785,-0.40350877192982454,1.669922429035471,17.405454081885903,-42.07537651092137,-23.0,-23.0,0.0
51111,Lunenburg County,81,Other Services,75.0,54.0,-21.0,-0.28,2.0,6.0,-0.04100189216848398,-0.28,2.197266353994041,-5.27240826663034,-17.924858087363702,-21.0,-21.0,0.0
51113,Madison County,11,"Agriculture, Forestry, Fishing and Hunting",99.0,90.0,-9.0,-0.09090909090909091,9.0,3.0,-0.0450656018254421,-0.09090909090909091,2.900391587272134,-7.361886167990902,-4.538505419281233,-9.0,-9.0,0.0
51113,Madison County,23,Construction,239.0,285.0,46.0,0.19246861924686193,2.0,10.0,0.13591228420498483,0.19246861924686193,7.00195544806101,25.481080476930362,13.516964075008627,46.0,46.0,0.0
51113,Madison County,31-33,Manufacturing,329.0,312.0,-17.0,-0.05167173252279635,10.0,2.0,-0.03237878773034985,-0.05167173252279635,9.638675072853859,-20.291296236138958,-6.3473788367149,-17.0,-17.0,0.0
51113,Madison County,42,Wholesale Trade,62.0,72.0,10.0,0.16129032258064516,6.0,6.0,-0.05056216076505557,0.16129032258064516,1.8164068526350738,-4.951260820068519,13.134853967433445,10.0,10.0,0.0
51113,Madison County,44-45,Retail Trade,714.0,430.0,-284.0,-0.39775910364145656,11.0,1.0,-0.04443155394673292,-0.39775910364145656,20.91797569002327,-52.642105207990575,-252.27587048203267,-284.0,-284.0,0.0
51113,Madison County,48-49,Transportation and Warehousing,11.0,71.0,60.0,5.454545454545454,1.0,11.0,0.3346557282617785,5.454545454545454,0.322265731919126,3.3589472789604375,56.31878698912043,60.0,60.0,0.0
51113,Madison County,52,Finance and Insurance,27.0,67.0,40.0,1.4814814814814814,3.0,9.0,-0.11480562033484625,1.4814814814814814,0.7910158874378548,-3.8907676364787034,43.09975174904085,40.0,40.0,0.0
51113,Madison County,54,"Professional, Scientific, and Technical Services",72.0,91.0,19.0,0.2638888888888889,5.0,7.0,0.02597243052605177,0.2638888888888889,2.1093756998342794,-0.23936070195855189,17.129985002124272,19.0,19.0,0.0
51113,Madison County,71,"Arts, Entertainment, and Recreation",6.0,10.0,4.0,0.6666666666666666,7.0,5.0,0.20360393832435444,0.6666666666666666,0.17578130831952327,1.0458423216266035,2.7783763700538735,4.0,4.0,0.0
51113,Madison County,72,Accommodation and Food Services,184.0,218.0,34.0,0.18478260869565216,4.0,8.0,-0.018053005411673755,0.18478260869565216,5.39062678846538,-8.71237978421335,37.32175299574797,34.0,34.0,0.0
51113,Madison County,81,Other Services,142.0,139.0,-3.0,-0.02112676056338028,8.0,4.0,-0.04100189216848398,-0.02112676056338028,4.160157630228717,-9.982426318153442,2.8222686879247254,-3.0,-2.999999999999999,-8.881784197001252e-16
51115,Mathews County,23,Construction,122.0,123.0,1.0,0.00819672131147541,5.0,3.0,0.13591228420498483,0.00819672131147541,3.5742199358303064,13.007078737177842,-15.581298673008147,1.0,1.0000000000000018,-1.7763568394002505e-15
51115,Mathews County,44-45,Retail Trade,191.0,189.0,-2.0,-0.010471204188481676,6.0,2.0,-0.04443155394673292,-0.010471204188481676,5.5957049815048245,-14.08213178533081,6.486426803825987,-2.0,-1.9999999999999982,-1.7763568394002505e-15
51115,Mathews County,48-49,Transportation and Warehousing,18.0,33.0,15.0,0.8333333333333334,3.0,5.0,0.3346557282617785,0.8333333333333334,0.5273439249585699,5.4964591837534424,8.976196891287987,15.0,15.0,0.0
51115,Mathews County,56,Administrative and Support and Waste Management,53.0,55.0,2.0,0.03773584905660377,4.0,4.0,-0.04737818404344833,0.03773584905660377,1.552734890155789,-4.063778644458551,4.5110437543027615,2.0,2.0,0.0
51115,Mathews County,71,"Arts, Entertainment, and Recreation",34.0,71.0,37.0,1.088235294117647,1.0,7.0,0.20360393832435444,1.088235294117647,0.9960940804772985,5.926439822550753,30.077466096971946,37.0,37.0,0.0
51115,Mathews County,72,Accommodation and Food Services,147.0,165.0,18.0,0.12244897959183673,2.0,6.0,-0.018053005411673755,0.12244897959183673,4.3066420538283205,-6.960433849344362,20.653791795516042,18.0,18.0,0.0
51115,Mathews County,81,Other Services,157.0,67.0,-90.0,-0.5732484076433121,7.0,1.0,-0.04100189216848398,-0.5732484076433121,4.599610901027526,-11.03690797147951,-83.56270292954802,-90.0,-90.00000000000001,1.4210854715202004e-14
51117,Mecklenburg County,31-33,Manufacturing,1036.0,789.0,-247.0,-0.2384169884169884,11.0,1.0,-0.03237878773034985,-0.2384169884169884,30.351572569837685,-63.89599665848012,-213.45557591135756,-247.0,-247.0,0.0
51117,Mecklenburg County,44-45,Retail Trade,1690.0,1820.0,130.0,0.07692307692307693,1.0,11.0,-0.04443155394673292,0.07692307692307693,49.511735176665724,-124.60106134664436,205.08932616997865,130.0,130.0,0.0
51117,Mecklenburg County,48-49,Transportation and Warehousing,435.0,436.0,1.0,0.0022988505747126436,5.0,6.0,0.3346557282617785,0.0022988505747126436,12.744144853165437,132.8310969407082,-144.57524179387363,1.0,1.0,0.0
51117,Mecklenburg County,52,Finance and Insurance,237.0,185.0,-52.0,-0.21940928270042195,8.0,4.0,-0.11480562033484625,-0.21940928270042195,6.943361678621169,-34.15229369797973,-24.791067980641444,-52.0,-52.0,0.0
51117,Mecklenburg County,53,Real Estate and Rental and Leasing,106.0,121.0,15.0,0.14150943396226415,4.0,8.0,0.09487335052328227,0.14150943396226415,3.105469780311578,6.9511053751563425,4.943424844532078,15.0,14.999999999999998,1.7763568394002505e-15
51117,Mecklenburg County,54,"Professional, Scientific, and Technical Services",366.0,313.0,-53.0,-0.1448087431693989,9.0,3.0,0.02597243052605177,-0.1448087431693989,10.72265980749092,-1.216750234955972,-62.50590957253495,-53.0,-53.0,0.0
51117,Mecklenburg County,55,Management of Companies and Enterprises,141.0,142.0,1.0,0.0070921985815602835,6.0,7.0,0.103242628498516,0.0070921985815602835,4.130860745508797,10.426349872781959,-13.557210618290755,1.0,1.0000000000000018,-1.7763568394002505e-15
51117,Mecklenburg County,56,Administrative and Support and Waste Management,496.0,525.0,29.0,0.05846774193548387,3.0,9.0,-0.04737818404344833,0.05846774193548387,14.53125482108059,-38.03083410663096,52.49957928555037,29.0,28.999999999999996,3.552713678800501e-15
51117,Mecklenburg County,71,"Arts, Entertainment, and Recreation",63.0,103.0,40.0,0.6349206349206349,2.0,10.0,0.20360393832435444,0.6349206349206349,1.8457037373549943,10.981344377079337,27.17295188556567,40.0,40.0,0.0
51117,Mecklenburg County,72,Accommodation and Food Services,1198.0,1179.0,-19.0,-0.015859766277128547,7.0,5.0,-0.018053005411673755,-0.015859766277128547,35.09766789446481,-56.725168377649965,2.627500483185159,-19.0,-18.999999999999993,-7.105427357601002e-15
51117,Mecklenburg County,81,Other Services,440.0,375.0,-65.0,-0.14772727272727273,10.0,2.0,-0.04100189216848398,-0.14772727272727273,12.89062927676504,-30.93146183089799,-46.959167445867045,-65.0,-65.0,0.0
51119,Middlesex County,23,Construction,230.0,229.0,-1.0,-0.004347826086956522,4.0,9.0,0.13591228420498483,-0.004347826086956522,6.738283485581725,24.521541881564783,-32.25982536714651,-1.0,-1.0000000000000036,3.552713678800501e-15
51119,Middlesex County,31-33,Manufacturing,178.0,131.0,-47.0,-0.2640449438202247,11.0,2.0,-0.03237878773034985,-0.2640449438202247,5.214845480145857,-10.97826969614813,-41.23657578399772,-47.0,-46.99999999999999,-7.105427357601002e-15
51119,Middlesex County,42,Wholesale Trade,179.0,70.0,-109.0,-0.6089385474860335,12.0,1.0,-0.05056216076505557,-0.6089385474860335,5.244142364865778,-14.294769141810725,-99.94937322305505,-109.0,-109.0,0.0
51119,Middlesex County,44-45,Retail Trade,369.0,329.0,-40.0,-0.10840108401084012,10.0,3.0,-0.04443155394673292,-0.10840108401084012,10.810550461650681,-27.205793867995126,-23.60475659365555,-40.0,-40.0,0.0
51119,Middlesex County,48-49,Transportation and Warehousing,85.0,88.0,3.0,0.03529411764705882,3.0,10.0,0.3346557282617785,0.03529411764705882,2.4902352011932463,25.955501701057926,-25.44573690225117,3.0,3.0000000000000036,-3.552713678800501e-15
51119,Middlesex County,51,Information,39.0,33.0,-6.0,-0.15384615384615385,6.0,6.0,-0.026894309682406164,-0.15384615384615385,1.1425785040769012,-2.191456581690742,-4.95112192238616,-6.0,-6.000000000000001,8.881784197001252e-16
51119,Middlesex County,52,Finance and Insurance,60.0,53.0,-7.0,-0.11666666666666667,8.0,5.0,-0.11480562033484625,-0.11666666666666667,1.7578130831952328,-8.646150303286008,-0.11166277990922541,-7.0,-7.000000000000001,8.881784197001252e-16
51119,Middlesex County,53,Real Estate and Rental and Leasing,23.0,18.0,-5.0,-0.21739130434782608,5.0,8.0,0.09487335052328227,-0.21739130434782608,0.6738283485581725,1.5082587134773198,-7.1820870620354915,-5.0,-4.999999999999999,-8.881784197001252e-16
51119,Middlesex County,71,"Arts, Entertainment, and Recreation",107.0,139.0,32.0,0.29906542056074764,1.0,12.0,0.20360393832435444,0.29906542056074764,3.1347666650314983,18.65085473567443,10.214378599294072,32.0,32.0,0.0
51119,Middlesex County,72,Accommodation and Food Services,335.0,329.0,-6.0,-0.01791044776119403,7.0,7.0,-0.018053005411673755,-0.01791044776119403,9.814456381173382,-15.86221319408409,0.04775681291070742,-6.0,-6.0,0.0
51119,Middlesex County,81,Other Services,93.0,121.0,28.0,0.3010752688172043,2.0,11.0,-0.04100189216848398,0.3010752688172043,2.7246102789526105,-6.537786250621621,31.81317597166901,28.0,28.0,0.0
51119,Middlesex County,99,Unclassified,27.0,13.0,-14.0,-0.5185185185185185,9.0,4.0,0.16838424733161575,-0.5185185185185185,0.7910158874378548,3.755358790515771,-18.546374677953622,-14.0,-13.999999999999996,-3.552713678800501e-15
51121,Montgomery County,11,"Agriculture, Forestry, Fishing and Hunting",83.0,50.0,-33.0,-0.39759036144578314,13.0,6.0,-0.0450656018254421,-0.39759036144578314,2.4316414317534054,-6.1720863832651,-29.259555048488306,-33.0,-33.0,0.0
51121,Montgomery County,21,"Mining, Quarrying, and Oil and Gas Extraction",59.0,49.0,-10.0,-0.1694915254237288,12.0,7.0,-0.17446043165467626,-0.1694915254237288,1.7285161984753121,-12.02168166610121,0.29316546762589957,-10.0,-10.0,0.0
51121,Montgomery County,23,Construction,1055.0,1257.0,202.0,0.19146919431279621,3.0,16.0,0.13591228420498483,0.19146919431279621,30.908213379516177,112.47924645674281,58.61254016374101,202.0,202.0,0.0
51121,Montgomery County,31-33,Manufacturing,5322.0,5243.0,-79.0,-0.014844043592634347,14.0,5.0,-0.03237878773034985,-0.014844043592634347,155.91802047941715,-328.237928780339,93.31990830092191,-79.0,-78.99999999999996,-4.263256414560601e-14
51121,Montgomery County,42,Wholesale Trade,439.0,336.0,-103.0,-0.23462414578587698,15.0,4.0,-0.05056216076505557,-0.23462414578587698,12.861332392045119,-35.058120967904514,-80.8032114241406,-103.0,-103.0,0.0
51121,Montgomery County,44-45,Retail Trade,5006.0,4452.0,-554.0,-0.11066719936076708,18.0,1.0,-0.04443155394673292,-0.11066719936076708,146.66020490792226,-369.08456396526725,-331.57564094265496,-554.0,-554.0,0.0
51121,Montgomery County,51,Information,366.0,154.0,-212.0,-0.5792349726775956,16.0,3.0,-0.026894309682406164,-0.5792349726775956,10.72265980749092,-20.565977151251577,-202.15668265623935,-212.0,-212.0,0.0
51121,Montgomery County,52,Finance and Insurance,533.0,527.0,-6.0,-0.01125703564727955,11.0,8.0,-0.11480562033484625,-0.01125703564727955,15.61523955571765,-76.8066351941907,55.19139563847305,-6.0,-6.000000000000007,7.105427357601002e-15
51121,Montgomery County,53,Real Estate and Rental and Leasing,666.0,683.0,17.0,0.025525525525525526,8.0,11.0,0.09487335052328227,0.025525525525525526,19.511725223467085,43.67392622503891,-46.185651448505986,17.0,17.000000000000007,-7.105427357601002e-15
51121,Montgomery County,54,"Professional, Scientific, and Technical Services",2192.0,2358.0,166.0,0.07572992700729927,4.0,15.0,0.02597243052605177,0.07572992700729927,64.21877130606583,-7.287203592960357,109.06843228689453,166.0,166.0,0.0
51121,Montgomery County,55,Management of Companies and Enterprises,164.0,219.0,55.0,0.3353658536585366,6.0,13.0,0.103242628498516,0.3353658536585366,4.804689094066969,12.127101979689654,38.06820892624338,55.0,55.0,0.0
51121,Montgomery County,56,Administrative and Support and Waste Management,1707.0,1860.0,153.0,0.08963093145869948,5.0,14.0,-0.04737818404344833,0.08963093145869948,50.00978221690437,-130.8843423790707,233.87456016216632,153.0,153.0,0.0
51121,Montgomery County,61,Educational Services,438.0,442.0,4.0,0.0091324200913242,9.0,10.0,0.02353954608582529,0.0091324200913242,12.832035507325198,-2.521714321733722,-6.310321185591477,4.0,3.999999999999999,8.881784197001252e-16
51121,Montgomery County,62,Health Care and Social Assistance,4414.0,4791.0,377.0,0.0854100589034889,1.0,18.0,0.13363830856047104,0.0854100589034889,129.31644915372928,460.56304483218986,-212.87949398591914,377.0,377.0,0.0
51121,Montgomery County,71,"Arts, Entertainment, and Recreation",377.0,587.0,210.0,0.5570291777188329,2.0,17.0,0.20360393832435444,0.5570291777188329,11.044925539410047,65.71375920887158,133.2413152517184,210.0,210.0,0.0
51121,Montgomery County,72,Accommodation and Food Services,4525.0,4275.0,-250.0,-0.055248618784530384,17.0,2.0,-0.018053005411673755,-0.055248618784530384,132.56840335764048,-214.2582528454642,-168.31015051217625,-250.0,-249.99999999999997,-2.842170943040401e-14
51121,Montgomery County,81,Other Services,963.0,996.0,33.0,0.03426791277258567,7.0,12.0,-0.04100189216848398,0.03426791277258567,28.212899985283485,-67.69772214353355,72.48482215825007,33.0,33.0,0.0
51121,Montgomery County,99,Unclassified,78.0,80.0,2.0,0.02564102564102564,10.0,9.0,0.16838424733161575,0.02564102564102564,2.2851570081538024,10.848814283712226,-11.133971291866029,2.0,2.0,0.0
51125,Nelson County,23,Construction,201.0,238.0,37.0,0.18407960199004975,3.0,11.0,0.13591228420498483,0.18407960199004975,5.88867382870403,21.429695296497922,9.681630874798048,37.0,37.0,0.0
51125,Nelson County,31-33,Manufacturing,635.0,527.0,-108.0,-0.1700787401574803,13.0,1.0,-0.03237878773034985,-0.1700787401574803,18.603521797149547,-39.1640520059217,-87.43946979122784,-108.0,-107.99999999999999,-1.4210854715202004e-14
51125,Nelson County,44-45,Retail Trade,276.0,273.0,-3.0,-0.010869565217391304,9.0,5.0,-0.04443155394673292,-0.010869565217391304,8.08594018269807,-20.349049071996355,9.263108889298286,-3.0,-2.9999999999999982,-1.7763568394002505e-15
51125,Nelson County,48-49,Transportation and Warehousing,34.0,52.0,18.0,0.5294117647058824,6.0,8.0,0.3346557282617785,0.5294117647058824,0.9960940804772985,10.38220068042317,6.621705239099532,18.0,18.0,0.0
51125,Nelson County,51,Information,44.0,18.0,-26.0,-0.5909090909090909,11.0,3.0,-0.026894309682406164,-0.5909090909090909,1.289062927676504,-2.4724125537023753,-24.81665037397413,-26.0,-26.000000000000004,3.552713678800501e-15
51125,Nelson County,52,Finance and Insurance,36.0,56.0,20.0,0.5555555555555556,5.0,9.0,-0.11480562033484625,0.5555555555555556,1.0546878499171397,-5.187690181971605,24.133002332054463,20.0,20.0,0.0
51125,Nelson County,53,Real Estate and Rental and Leasing,46.0,54.0,8.0,0.17391304347826086,7.0,7.0,0.09487335052328227,0.17391304347826086,1.347656697116345,3.0165174269546395,3.635825875929015,8.0,8.0,0.0
51125,Nelson County,61,Educational Services,35.0,90.0,55.0,1.5714285714285714,2.0,12.0,0.02353954608582529,1.5714285714285714,1.025390965197219,-0.20150685219333397,54.176115886996115,55.0,55.0,0.0
51125,Nelson County,62,Health Care and Social Assistance,286.0,314.0,28.0,0.0979020979020979,4.0,10.0,0.13363830856047104,0.0979020979020979,8.378909029897276,29.84164721839744,-10.220556248294718,28.0,27.999999999999993,7.105427357601002e-15
51125,Nelson County,71,"Arts, Entertainment, and Recreation",21.0,20.0,-1.0,-0.047619047619047616,8.0,6.0,0.20360393832435444,-0.047619047619047616,0.6152345791183315,3.660448125693112,-5.275682704811444,-1.0,-1.0,0.0
51125,Nelson County,72,Accommodation and Food Services,722.0,645.0,-77.0,-0.10664819944598337,12.0,2.0,-0.018053005411673755,-0.10664819944598337,21.152350767782632,-34.186620675011085,-63.96573009277155,-77.0,-77.0,0.0
51125,Nelson County,81,Other Services,220.0,291.0,71.0,0.32272727272727275,1.0,13.0,-0.04100189216848398,0.32272727272727275,6.44531463838252,-15.465730915448995,80.02041627706649,71.0,71.00000000000001,-1.4210854715202004e-14
51125,Nelson County,99,Unclassified,20.0,16.0,-4.0,-0.2,10.0,4.0,0.16838424733161575,-0.2,0.5859376943984109,2.781747252233904,-7.367684946632316,-4.0,-4.000000000000001,8.881784197001252e-16
51127,New Kent County,23,Construction,727.0,779.0,52.0,0.07152682255845942,2.0,8.0,0.13591228420498483,0.07152682255845942,21.298835191382235,77.50939542564173,-46.80823061702397,52.0,51.99999999999999,7.105427357601002e-15
51127,New Kent County,31-33,Manufacturing,191.0,221.0,30.0,0.15706806282722513,4.0,7.0,-0.03237878773034985,0.15706806282722513,5.5957049815048245,-11.780053438001644,36.18434845649682,30.0,30.0,0.0
51127,New Kent County,42,Wholesale Trade,90.0,72.0,-18.0,-0.2,10.0,1.0,-0.05056216076505557,-0.2,2.6367196247928493,-7.187314093647851,-13.449405531145,-18.0,-18.0,0.0
51127,New Kent County,44-45,Retail Trade,571.0,589.0,18.0,0.03152364273204904,6.0,5.0,-0.04443155394673292,0.03152364273204904,16.728521175074633,-42.09893847865913,43.370417303584496,18.0,18.0,0.0
51127,New Kent County,51,Information,29.0,16.0,-13.0,-0.4482758620689655,9.0,2.0,-0.026894309682406164,-0.4482758620689655,0.8496096568776959,-1.6295446376674747,-12.220065019210223,-13.0,-13.000000000000002,1.7763568394002505e-15
51127,New Kent County,52,Finance and Insurance,43.0,60.0,17.0,0.3953488372093023,7.0,4.0,-0.11480562033484625,0.3953488372093023,1.2597660429565836,-6.1964077173549725,21.936641674398388,17.0,17.0,0.0
51127,New Kent County,53,Real Estate and Rental and Leasing,32.0,56.0,24.0,0.75,5.0,6.0,0.09487335052328227,0.75,0.9375003110374575,2.098446905707575,20.964052783254967,24.0,24.0,0.0
51127,New Kent County,56,Administrative and Support and Waste Management,229.0,332.0,103.0,0.4497816593886463,1.0,10.0,-0.04737818404344833,0.4497816593886463,6.708986600861805,-17.558590746811475,113.84960414594967,103.0,103.0,0.0
51127,New Kent County,81,Other Services,140.0,192.0,52.0,0.37142857142857144,3.0,9.0,-0.04100189216848398,0.37142857142857144,4.101563860788876,-9.841828764376633,57.74026490358776,52.0,52.0,0.0
51127,New Kent County,99,Unclassified,15.0,17.0,2.0,0.13333333333333333,8.0,3.0,0.16838424733161575,0.13333333333333333,0.4394532707988082,2.086310439175428,-0.5257637099742363,2.0,2.0,0.0
51131,Northampton County,11,"Agriculture, Forestry, Fishing and Hunting",797.0,733.0,-64.0,-0.08030112923462986,10.0,1.0,-0.0450656018254421,-0.08030112923462986,23.349617121776674,-59.26690177665403,-28.08271534512264,-64.0,-64.0,0.0
51131,Northampton County,23,Construction,113.0,174.0,61.0,0.5398230088495575,2.0,9.0,0.13591228420498483,0.5398230088495575,3.3105479733510217,12.047540141812263,45.64191188483671,61.0,60.99999999999999,7.105427357601002e-15
51131,Northampton County,31-33,Manufacturing,234.0,287.0,53.0,0.2264957264957265,3.0,8.0,-0.03237878773034985,0.2264957264957265,6.855471024461408,-14.432107353363271,60.57663632890186,53.0,53.0,0.0
51131,Northampton County,42,Wholesale Trade,46.0,35.0,-11.0,-0.2391304347826087,8.0,3.0,-0.05056216076505557,-0.2391304347826087,1.347656697116345,-3.6735160923089016,-8.674140604807445,-11.0,-11.0,0.0
51131,Northampton County,44-45,Retail Trade,430.0,553.0,123.0,0.28604651162790695,1.0,10.0,-0.04443155394673292,0.28604651162790695,12.597660429565835,-31.703228626660987,142.10556819709515,123.0,123.0,0.0
51131,Northampton County,52,Finance and Insurance,96.0,56.0,-40.0,-0.4166666666666667,9.0,2.0,-0.11480562033484625,-0.4166666666666667,2.8125009331123723,-13.833840485257612,-28.97866044785476,-40.0,-40.0,0.0
51131,Northampton County,53,Real Estate and Rental and Leasing,40.0,68.0,28.0,0.7,5.0,6.0,0.09487335052328227,0.7,1.1718753887968218,2.623058632134469,24.205065979068706,28.0,27.999999999999996,3.552713678800501e-15
51131,Northampton County,56,Administrative and Support and Waste Management,42.0,61.0,19.0,0.4523809523809524,6.0,5.0,-0.04737818404344833,0.4523809523809524,1.230469158236663,-3.220352888061493,20.989883729824832,19.0,19.000000000000004,-3.552713678800501e-15
51131,Northampton County,61,Educational Services,89.0,93.0,4.0,0.0449438202247191,7.0,4.0,0.02353954608582529,0.0449438202247191,2.6074227400729284,-0.5124031384344778,1.9049803983615492,4.0,4.0,0.0
51131,Northampton County,62,Health Care and Social Assistance,515.0,565.0,50.0,0.0970873786407767,4.0,7.0,0.13363830856047104,0.0970873786407767,15.08789563075908,53.7358332778835,-18.823728908642586,50.0,49.99999999999999,7.105427357601002e-15
51133,Northumberland County,11,"Agriculture, Forestry, Fishing and Hunting",142.0,153.0,11.0,0.07746478873239436,2.0,9.0,-0.0450656018254421,0.07746478873239436,4.160157630228717,-10.559473089441497,17.399315459212776,11.0,10.999999999999996,3.552713678800501e-15
51133,Northumberland County,23,Construction,197.0,167.0,-30.0,-0.15228426395939088,8.0,3.0,0.13591228420498483,-0.15228426395939088,5.771486289824347,21.003233698557665,-56.77471998838201,-30.0,-30.0,0.0
51133,Northumberland County,31-33,Manufacturing,654.0,472.0,-182.0,-0.2782874617737003,10.0,1.0,-0.03237878773034985,-0.2782874617737003,19.160162606828038,-40.33588978247683,-160.82427282435117,-182.0,-181.99999999999997,-2.842170943040401e-14
51133,Northumberland County,42,Wholesale Trade,44.0,33.0,-11.0,-0.25,5.0,6.0,-0.05056216076505557,-0.25,1.289062927676504,-3.5137980013389494,-8.775264926337554,-11.0,-11.0,0.0
51133,Northumberland County,44-45,Retail Trade,318.0,283.0,-35.0,-0.11006289308176101,9.0,2.0,-0.04443155394673292,-0.11006289308176101,9.316409340934733,-23.4456434959958,-20.87076584493893,-35.0,-35.0,0.0
51133,Northumberland County,48-49,Transportation and Warehousing,36.0,42.0,6.0,0.16666666666666666,3.0,8.0,0.3346557282617785,0.16666666666666666,1.0546878499171397,10.992918367506885,-6.0476062174240255,6.0,6.0,0.0
51133,Northumberland County,52,Finance and Insurance,56.0,49.0,-7.0,-0.125,4.0,7.0,-0.11480562033484625,-0.125,1.6406255443155506,-8.06974028306694,-0.5708852612486103,-7.0,-6.999999999999999,-8.881784197001252e-16
51133,Northumberland County,71,"Arts, Entertainment, and Recreation",91.0,122.0,31.0,0.34065934065934067,1.0,10.0,0.20360393832435444,0.34065934065934067,2.6660165095127697,15.861941878003485,12.472041612483746,31.0,31.0,0.0
51133,Northumberland County,72,Accommodation and Food Services,139.0,115.0,-24.0,-0.17266187050359713,7.0,4.0,-0.018053005411673755,-0.17266187050359713,4.072266976068956,-6.581634728291608,-21.49063224777735,-24.0,-24.0,0.0
51133,Northumberland County,81,Other Services,123.0,111.0,-12.0,-0.0975609756097561,6.0,5.0,-0.04100189216848398,-0.0975609756097561,3.6035168205502273,-8.646749557273756,-6.956767263276471,-12.0,-12.0,0.0
51135,Nottoway County,23,Construction,152.0,102.0,-50.0,-0.32894736842105265,9.0,2.0,0.13591228420498483,-0.32894736842105265,4.453126477427923,16.205540721729772,-70.65866719915769,-50.0,-50.0,0.0
51135,Nottoway County,31-33,Manufacturing,363.0,247.0,-116.0,-0.31955922865013775,10.0,1.0,-0.03237878773034985,-0.31955922865013775,10.634769153331158,-22.388269099448152,-104.24650005388301,-116.0,-116.0,0.0
51135,Nottoway County,42,Wholesale Trade,126.0,141.0,15.0,0.11904761904761904,2.0,9.0,-0.05056216076505557,0.11904761904761904,3.6914074747099885,-10.062239731106992,21.370832256397,15.0,14.999999999999998,1.7763568394002505e-15
51135,Nottoway County,44-45,Retail Trade,609.0,580.0,-29.0,-0.047619047619047616,8.0,3.0,-0.04443155394673292,-0.047619047619047616,17.84180279443161,-44.90061914799196,-1.9411836464396501,-29.0,-29.0,0.0
51135,Nottoway County,51,Information,28.0,15.0,-13.0,-0.4642857142857143,6.0,4.0,-0.026894309682406164,-0.4642857142857143,0.8203127721577753,-1.573353443265148,-12.246959328892629,-13.0,-13.000000000000002,1.7763568394002505e-15
51135,Nottoway County,52,Finance and Insurance,104.0,91.0,-13.0,-0.125,7.0,5.0,-0.11480562033484625,-0.125,3.0468760108717365,-14.986660525695747,-1.0602154851759904,-13.0,-13.0,0.0
51135,Nottoway County,53,Real Estate and Rental and Leasing,26.0,23.0,-3.0,-0.11538461538461539,4.0,7.0,0.09487335052328227,-0.11538461538461539,0.7617190027179341,1.7049881108874048,-5.466707113605339,-3.0,-3.0,0.0
51135,Nottoway County,54,"Professional, Scientific, and Technical Services",105.0,277.0,172.0,1.638095238095238,1.0,10.0,0.02597243052605177,1.638095238095238,3.0761728955916574,-0.3490676903562215,169.27289479476457,172.0,172.0,0.0
51135,Nottoway County,81,Other Services,84.0,73.0,-11.0,-0.13095238095238096,5.0,6.0,-0.04100189216848398,-0.13095238095238096,2.460938316473326,-5.90509725862598,-7.555841057847346,-11.0,-11.0,0.0
51135,Nottoway County,99,Unclassified,10.0,22.0,12.0,1.2,3.0,8.0,0.16838424733161575,1.2,0.29296884719920546,1.390873626116952,10.316157526683842,12.0,12.0,0.0
51137,Orange County,23,Construction,516.0,586.0,70.0,0.13565891472868216,2.0,10.0,0.13591228420498483,0.13565891472868216,15.117192515479001,55.01354613429317,-0.1307386497721763,70.0,70.0,0.0
51137,Orange County,31-33,Manufacturing,1482.0,1050.0,-432.0,-0.291497975708502,11.0,1.0,-0.03237878773034985,-0.291497975708502,43.41798315492225,-91.40334657130072,-384.0146365836215,-432.0,-431.99999999999994,-5.684341886080802e-14
51137,Orange County,42,Wholesale Trade,508.0,537.0,29.0,0.05708661417322835,4.0,8.0,-0.05056216076505557,0.05708661417322835,14.882817437719638,-40.568395106367866,54.685577668648236,29.0,29.000000000000007,-7.105427357601002e-15
51137,Orange County,44-45,Retail Trade,1206.0,1288.0,82.0,0.06799336650082918,1.0,11.0,-0.04443155394673292,0.06799336650082918,35.33204297222418,-88.91649703198408,135.5844540597599,82.0,82.0,0.0
51137,Orange County,52,Finance and Insurance,138.0,140.0,2.0,0.014492753623188406,7.0,5.0,-0.11480562033484625,0.014492753623188406,4.042970091349035,-19.88614569755782,17.84317560620878,2.0,1.9999999999999982,1.7763568394002505e-15
51137,Orange County,56,Administrative and Support and Waste Management,317.0,326.0,9.0,0.028391167192429023,6.0,6.0,-0.04737818404344833,0.028391167192429023,9.287112456214812,-24.305996797987934,24.018884341773123,9.0,9.000000000000002,-1.7763568394002505e-15
51137,Orange County,61,Educational Services,53.0,102.0,49.0,0.9245283018867925,3.0,9.0,0.02353954608582529,0.9245283018867925,1.552734890155789,-0.30513894760704857,47.75240405745126,49.0,49.0,0.0
51137,Orange County,62,Health Care and Social Assistance,584.0,580.0,-4.0,-0.00684931506849315,8.0,4.0,0.13363830856047104,-0.00684931506849315,17.1093806764336,60.93539152288149,-82.04477219931509,-4.0,-4.0,0.0
51137,Orange County,71,"Arts, Entertainment, and Recreation",164.0,157.0,-7.0,-0.042682926829268296,9.0,2.0,0.20360393832435444,-0.042682926829268296,4.804689094066969,28.586356791127162,-40.39104588519413,-7.0,-7.0,0.0
51137,Orange County,72,Accommodation and Food Services,859.0,852.0,-7.0,-0.008149010477299184,10.0,3.0,-0.018053005411673755,-0.008149010477299184,25.166023974411747,-40.6735556230395,8.507531648627756,-7.0,-6.999999999999995,-5.329070518200751e-15
51137,Orange County,81,Other Services,475.0,491.0,16.0,0.03368421052631579,5.0,7.0,-0.04100189216848398,0.03368421052631579,13.91602024196226,-33.39191902199215,35.475898780029894,16.0,16.0,0.0
51139,Page County,31-33,Manufacturing,678.0,621.0,-57.0,-0.084070796460177,5.0,1.0,-0.03237878773034985,-0.084070796460177,19.86328784010613,-41.816105921283324,-35.04718191882281,-57.0,-57.0,0.0
51139,Page County,44-45,Retail Trade,732.0,791.0,59.0,0.08060109289617487,1.0,5.0,-0.04443155394673292,0.08060109289617487,21.44531961498184,-53.96921710399033,91.5238974890085,59.0,59.000000000000014,-1.4210854715202004e-14
51139,Page County,52,Finance and Insurance,137.0,154.0,17.0,0.12408759124087591,2.0,4.0,-0.11480562033484625,0.12408759124087591,4.0136732066291145,-19.74204319250305,32.72836998587393,17.0,16.999999999999996,3.552713678800501e-15
51139,Page County,53,Real Estate and Rental and Leasing,26.0,37.0,11.0,0.4230769230769231,4.0,2.0,0.09487335052328227,0.4230769230769231,0.7617190027179341,1.7049881108874048,8.53329288639466,11.0,11.0,0.0
51139,Page County,81,Other Services,131.0,145.0,14.0,0.10687022900763359,3.0,3.0,-0.04100189216848398,0.10687022900763359,3.8378918983095915,-9.209139772380993,19.3712478740714,14.0,13.999999999999998,1.7763568394002505e-15
51141,Patrick County,11,"Agriculture, Forestry, Fishing and Hunting",189.0,105.0,-84.0,-0.4444444444444444,9.0,2.0,-0.0450656018254421,-0.4444444444444444,5.537111212064983,-14.05450995707354,-75.48260125499144,-84.0,-84.0,0.0
51141,Patrick County,23,Construction,114.0,130.0,16.0,0.14035087719298245,1.0,10.0,0.13591228420498483,0.14035087719298245,3.339844858070942,12.154155541297328,0.5059996006317287,16.0,15.999999999999998,1.7763568394002505e-15
51141,Patrick County,31-33,Manufacturing,954.0,913.0,-41.0,-0.0429769392033543,7.0,4.0,-0.03237878773034985,-0.0429769392033543,27.9492280228042,-58.83859151755795,-10.110636505246244,-41.0,-41.0,0.0
51141,Patrick County,44-45,Retail Trade,530.0,526.0,-4.0,-0.007547169811320755,4.0,7.0,-0.04443155394673292,-0.007547169811320755,15.52734890155789,-39.076072493326336,19.54872359176845,-4.0,-3.9999999999999964,-3.552713678800501e-15
51141,Patrick County,51,Information,92.0,65.0,-27.0,-0.29347826086956524,6.0,5.0,-0.026894309682406164,-0.29347826086956524,2.69531339423269,-5.169589885014058,-24.525723509218633,-27.0,-27.0,0.0
51141,Patrick County,52,Finance and Insurance,66.0,56.0,-10.0,-0.15151515151515152,5.0,6.0,-0.11480562033484625,-0.15151515151515152,1.933594391514756,-9.510765333614609,-2.422829057900148,-10.0,-10.0,0.0
51141,Patrick County,53,Real Estate and Rental and Leasing,5.0,13.0,8.0,1.6,3.0,8.0,0.09487335052328227,1.6,0.14648442359960273,0.32788232901680864,7.52563324738359,8.0,8.000000000000002,-1.7763568394002505e-15
51141,Patrick County,54,"Professional, Scientific, and Technical Services",285.0,77.0,-208.0,-0.7298245614035088,10.0,1.0,0.02597243052605177,-0.7298245614035088,8.349612145177355,-0.9474694452526012,-215.40214269992478,-208.0,-208.00000000000003,2.842170943040401e-14
51141,Patrick County,81,Other Services,134.0,81.0,-53.0,-0.39552238805970147,8.0,3.0,-0.04100189216848398,-0.39552238805970147,3.9257825524693533,-9.420036103046206,-47.50574644942314,-53.0,-52.99999999999999,-7.105427357601002e-15
51141,Patrick County,99,Unclassified,7.0,16.0,9.0,1.2857142857142858,2.0,9.0,0.16838424733161575,1.2857142857142858,0.20507819303944383,0.9736115382818665,7.82131026867869,9.0,9.0,0.0
51143,Pittsylvania County,22,Utilities,71.0,64.0,-7.0,-0.09859154929577464,8.0,7.0,0.00744013020227854,-0.09859154929577464,2.0800788151143585,-1.5518295707525824,-7.528249244361776,-7.0,-7.0,0.0
51143,Pittsylvania County,23,Construction,1073.0,1115.0,42.0,0.0391425908667288,4.0,12.0,0.13591228420498483,0.0391425908667288,31.435557304474745,114.39832364747397,-103.83388095194871,42.0,42.0,0.0
51143,Pittsylvania County,31-33,Manufacturing,1769.0,2293.0,524.0,0.29621254946297343,1.0,15.0,-0.03237878773034985,0.29621254946297343,51.826189069539446,-109.10426456452832,581.2780754949889,524.0,524.0,0.0
51143,Pittsylvania County,42,Wholesale Trade,872.0,881.0,9.0,0.010321100917431193,6.0,10.0,-0.05056216076505557,0.010321100917431193,25.546883475770716,-69.63708766289918,53.09020418712846,9.0,8.999999999999993,7.105427357601002e-15
51143,Pittsylvania County,44-45,Retail Trade,1116.0,899.0,-217.0,-0.19444444444444445,15.0,1.0,-0.04443155394673292,-0.19444444444444445,32.69532334743133,-82.28093755198526,-167.41438579544607,-217.0,-217.0,0.0
51143,Pittsylvania County,48-49,Transportation and Warehousing,369.0,348.0,-21.0,-0.056910569105691054,11.0,5.0,0.3346557282617785,-0.056910569105691054,10.810550461650681,112.67741326694558,-144.48796372859624,-21.0,-20.999999999999986,-1.4210854715202004e-14
51143,Pittsylvania County,52,Finance and Insurance,178.0,142.0,-36.0,-0.20224719101123595,12.0,4.0,-0.11480562033484625,-0.20224719101123595,5.214845480145857,-25.65024589974849,-15.564599580397367,-36.0,-36.0,0.0
51143,Pittsylvania County,54,"Professional, Scientific, and Technical Services",225.0,322.0,97.0,0.4311111111111111,3.0,13.0,0.02597243052605177,0.4311111111111111,6.5917990619821225,-0.7480021936204746,91.15620313163835,97.0,97.0,0.0
51143,Pittsylvania County,55,Management of Companies and Enterprises,59.0,52.0,-7.0,-0.11864406779661017,9.0,8.0,0.103242628498516,-0.11864406779661017,1.7285161984753121,4.362798882937131,-13.091315081412445,-7.0,-7.000000000000002,1.7763568394002505e-15
51143,Pittsylvania County,56,Administrative and Support and Waste Management,497.0,316.0,-181.0,-0.3641851106639839,14.0,2.0,-0.04737818404344833,-0.3641851106639839,14.560551705800512,-38.107509175394334,-157.45304253040618,-181.0,-181.0,0.0
51143,Pittsylvania County,61,Educational Services,251.0,256.0,5.0,0.0199203187250996,7.0,9.0,0.02353954608582529,0.0199203187250996,7.353518064700057,-1.4450919971579093,-0.9084260675421477,5.0,5.000000000000001,-8.881784197001252e-16
51143,Pittsylvania County,62,Health Care and Social Assistance,1277.0,1736.0,459.0,0.3594361785434612,2.0,14.0,0.13363830856047104,0.3594361785434612,37.412121787338535,133.243998244383,288.34387996827843,459.0,458.99999999999994,5.684341886080802e-14
51143,Pittsylvania County,71,"Arts, Entertainment, and Recreation",69.0,54.0,-15.0,-0.21739130434782608,10.0,6.0,0.20360393832435444,-0.21739130434782608,2.0214850456745177,12.02718669870594,-29.048671744380457,-15.0,-15.0,0.0
51143,Pittsylvania County,72,Accommodation and Food Services,629.0,640.0,11.0,0.017488076311605722,5.0,11.0,-0.018053005411673755,0.017488076311605722,18.427740488830022,-29.783080892772812,22.355340403942794,11.0,11.000000000000004,-3.552713678800501e-15
51143,Pittsylvania County,81,Other Services,438.0,388.0,-50.0,-0.1141552511415525,13.0,3.0,-0.04100189216848398,-0.1141552511415525,12.832035507325198,-30.79086427712118,-32.04117123020401,-50.0,-49.999999999999986,-1.4210854715202004e-14
51145,Powhatan County,23,Construction,1491.0,1918.0,427.0,0.2863849765258216,1.0,13.0,0.13591228420498483,0.2863849765258216,43.68165511740153,158.96356063223084,224.35478425036766,427.0,427.0,0.0
51145,Powhatan County,31-33,Manufacturing,268.0,267.0,-1.0,-0.0037313432835820895,13.0,1.0,-0.03237878773034985,-0.0037313432835820895,7.8515651049387065,-16.529080216672465,7.67751511173376,-1.0,-0.9999999999999982,-1.7763568394002505e-15
51145,Powhatan County,42,Wholesale Trade,157.0,268.0,111.0,0.7070063694267515,4.0,10.0,-0.05056216076505557,0.7070063694267515,4.599610901027526,-12.537870141141251,118.93825924011372,111.0,111.0,0.0
51145,Powhatan County,44-45,Retail Trade,768.0,819.0,51.0,0.06640625,8.0,6.0,-0.04443155394673292,0.06640625,22.500007464898978,-56.62344089598986,85.12343343109089,51.0,51.00000000000001,-7.105427357601002e-15
51145,Powhatan County,51,Information,13.0,17.0,4.0,0.3076923076923077,12.0,2.0,-0.026894309682406164,0.3076923076923077,0.38085950135896707,-0.7304855272302473,4.34962602587128,4.0,4.0,0.0
51145,Powhatan County,52,Finance and Insurance,124.0,159.0,35.0,0.28225806451612906,9.0,5.0,-0.11480562033484625,0.28225806451612906,3.6328137052701477,-17.86871062679108,49.23589692152094,35.0,35.00000000000001,-7.105427357601002e-15
51145,Powhatan County,53,Real Estate and Rental and Leasing,53.0,73.0,20.0,0.37735849056603776,10.0,4.0,0.09487335052328227,0.37735849056603776,1.552734890155789,3.4755526875781713,14.971712422266041,20.0,20.0,0.0
51145,Powhatan County,61,Educational Services,96.0,162.0,66.0,0.6875,6.0,8.0,0.02353954608582529,0.6875,2.8125009331123723,-0.5527045088731446,63.74020357576077,66.0,66.0,0.0
51145,Powhatan County,62,Health Care and Social Assistance,354.0,406.0,52.0,0.14689265536723164,7.0,7.0,0.13363830856047104,0.14689265536723164,10.371097190851874,36.93686403955488,4.692038769593253,52.0,52.0,0.0
51145,Powhatan County,71,"Arts, Entertainment, and Recreation",289.0,428.0,139.0,0.4809688581314879,2.0,12.0,0.20360393832435444,0.4809688581314879,8.466799684057039,50.3747384916814,80.15846182426155,139.0,139.0,0.0
51145,Powhatan County,72,Accommodation and Food Services,596.0,674.0,78.0,0.13087248322147652,5.0,9.0,-0.018053005411673755,0.13087248322147652,17.460943293072646,-28.2205345184302,88.75959122535757,78.0,78.00000000000001,-1.4210854715202004e-14
51145,Powhatan County,81,Other Services,286.0,418.0,132.0,0.46153846153846156,3.0,11.0,-0.04100189216848398,0.46153846153846156,8.378909029897276,-20.105450190083694,143.7265411601864,132.0,131.99999999999997,2.842170943040401e-14
51145,Powhatan County,99,Unclassified,18.0,26.0,8.0,0.4444444444444444,11.0,3.0,0.16838424733161575,0.4444444444444444,0.5273439249585699,2.503572527010514,4.969083548030916,8.0,8.0,0.0
51147,Prince Edward County,23,Construction,273.0,455.0,182.0,0.6666666666666666,1.0,13.0,0.13591228420498483,0.6666666666666666,7.998049528538309,29.10600405942255,144.89594641203914,182.0,182.0,0.0
51147,Prince Edward County,31-33,Manufacturing,156.0,261.0,105.0,0.6730769230769231,2.0,12.0,-0.03237878773034985,0.6730769230769231,4.570314016307605,-9.621404902242181,110.05109088593458,105.0,105.00000000000001,-1.4210854715202004e-14
51147,Prince Edward County,44-45,Retail Trade,1230.0,1222.0,-8.0,-0.0065040650406504065,7.0,7.0,-0.04443155394673292,-0.0065040650406504065,36.03516820550227,-90.68597955998376,46.65081135448149,-8.0,-8.0,0.0
51147,Prince Edward County,51,Information,91.0,72.0,-19.0,-0.2087912087912088,8.0,6.0,-0.026894309682406164,-0.2087912087912088,2.6660165095127697,-5.113398690611731,-16.55261781890104,-19.0,-19.0,0.0
51147,Prince Edward County,52,Finance and Insurance,169.0,134.0,-35.0,-0.20710059171597633,10.0,4.0,-0.11480562033484625,-0.20710059171597633,4.9511735176665725,-24.35332335425559,-15.597850163410985,-35.0,-35.0,0.0
51147,Prince Edward County,53,Real Estate and Rental and Leasing,109.0,87.0,-22.0,-0.2018348623853211,9.0,5.0,0.09487335052328227,-0.2018348623853211,3.1933604344713395,7.147834772566428,-32.34119520703777,-22.0,-22.000000000000004,3.552713678800501e-15
51147,Prince Edward County,54,"Professional, Scientific, and Technical Services",122.0,124.0,2.0,0.01639344262295082,6.0,8.0,0.02597243052605177,0.01639344262295082,3.5742199358303064,-0.4055834116519907,-1.1686365241783156,2.0,2.0,0.0
51147,Prince Edward County,55,Management of Companies and Enterprises,47.0,77.0,30.0,0.6382978723404256,3.0,11.0,0.103242628498516,0.6382978723404256,1.3769535818362657,3.475449957593986,25.14759646056975,30.0,30.000000000000004,-3.552713678800501e-15
51147,Prince Edward County,56,Administrative and Support and Waste Management,476.0,178.0,-298.0,-0.6260504201680672,13.0,1.0,-0.04737818404344833,-0.6260504201680672,13.94531712668218,-36.497332731363585,-275.4479843953186,-298.0,-298.0,0.0
51147,Prince Edward County,71,"Arts, Entertainment, and Recreation",44.0,55.0,11.0,0.25,5.0,9.0,0.20360393832435444,0.25,1.289062927676504,7.669510358595092,2.0414267137284043,11.0,11.0,0.0
51147,Prince Edward County,72,Accommodation and Food Services,1206.0,1123.0,-83.0,-0.06882255389718077,12.0,2.0,-0.018053005411673755,-0.06882255389718077,35.33204297222418,-57.10396749870272,-61.22807547352146,-83.0,-83.0,0.0
51147,Prince Edward County,81,Other Services,282.0,224.0,-58.0,-0.20567375886524822,11.0,3.0,-0.04100189216848398,-0.20567375886524822,8.261721491017594,-19.824255082530076,-46.43746640848751,-58.0,-57.99999999999999,-7.105427357601002e-15
51147,Prince Edward County,99,Unclassified,36.0,49.0,13.0,0.3611111111111111,4.0,10.0,0.16838424733161575,0.3611111111111111,1.0546878499171397,5.007145054021028,6.938167096061833,13.0,13.0,0.0
51149,Prince George County,44-45,Retail Trade,940.0,996.0,56.0,0.059574468085106386,4.0,7.0,-0.04443155394673292,0.059574468085106386,27.539071636725314,-69.30473234665425,97.76566070992895,56.0,56.000000000000014,-1.4210854715202004e-14
51149,Prince George County,48-49,Transportation and Warehousing,1687.0,2746.0,1059.0,0.6277415530527564,1.0,10.0,0.3346557282617785,0.6277415530527564,49.42384452250596,515.1403690551143,494.4357864223797,1059.0,1059.0,0.0
51149,Prince George County,52,Finance and Insurance,84.0,109.0,25.0,0.2976190476190476,5.0,6.0,-0.11480562033484625,0.2976190476190476,2.460938316473326,-12.104610424600411,34.643672108127085,25.0,25.0,0.0
51149,Prince George County,53,Real Estate and Rental and Leasing,124.0,112.0,-12.0,-0.0967741935483871,7.0,4.0,0.09487335052328227,-0.0967741935483871,3.6328137052701477,8.131481759616854,-23.764295464887002,-12.0,-12.0,0.0
51149,Prince George County,54,"Professional, Scientific, and Technical Services",592.0,275.0,-317.0,-0.535472972972973,10.0,1.0,0.02597243052605177,-0.535472972972973,17.343755754192962,-1.9680768827703154,-332.3756788714227,-317.0,-317.00000000000006,5.684341886080802e-14
51149,Prince George County,61,Educational Services,170.0,54.0,-116.0,-0.6823529411764706,9.0,2.0,0.02353954608582529,-0.6823529411764706,4.9804704023864925,-0.9787475677961935,-120.00172283459031,-116.0,-116.00000000000001,1.4210854715202004e-14
51149,Prince George County,62,Health Care and Social Assistance,679.0,786.0,107.0,0.15758468335787923,3.0,8.0,0.13363830856047104,0.15758468335787923,19.89258472482605,70.84782678773378,16.25958848744016,107.0,106.99999999999999,1.4210854715202004e-14
51149,Prince George County,71,"Arts, Entertainment, and Recreation",125.0,121.0,-4.0,-0.032,6.0,5.0,0.20360393832435444,-0.032,3.662110589990068,21.78838170055424,-29.450492290544304,-4.0,-3.9999999999999964,-3.552713678800501e-15
51149,Prince George County,72,Accommodation and Food Services,1169.0,1498.0,329.0,0.281437125748503,2.0,9.0,-0.018053005411673755,0.281437125748503,34.24805823758712,-55.35202156383373,350.1039633262466,329.0,329.0,0.0
51149,Prince George County,81,Other Services,310.0,273.0,-37.0,-0.11935483870967742,8.0,3.0,-0.04100189216848398,-0.11935483870967742,9.08203426317537,-21.7926208354054,-24.289413427769965,-37.0,-37.0,0.0
51153,Prince William County,11,"Agriculture, Forestry, Fishing and Hunting",129.0,95.0,-34.0,-0.26356589147286824,12.0,9.0,-0.0450656018254421,-0.26356589147286824,3.7792981288697503,-9.592760764351782,-28.18653736451797,-34.0,-34.0,0.0
51153,Prince William County,21,"Mining, Quarrying, and Oil and Gas Extraction",105.0,112.0,7.0,0.06666666666666667,11.0,10.0,-0.17446043165467626,0.06666666666666667,3.0761728955916574,-21.394518219332664,25.31834532374101,7.0,7.0000000000000036,-3.552713678800501e-15
51153,Prince William County,22,Utilities,404.0,479.0,75.0,0.18564356435643564,9.0,12.0,0.00744013020227854,0.18564356435643564,11.835941426847901,-8.83012882512737,71.99418739827946,75.0,75.0,0.0
51153,Prince William County,23,Construction,14739.0,16875.0,2136.0,0.14492163647465905,2.0,19.0,0.13591228420498483,0.14492163647465905,431.80678388690893,1571.4043730103624,132.7888431027284,2136.0,2136.0,0.0
51153,Prince William County,31-33,Manufacturing,1939.0,2432.0,493.0,0.25425477050025785,6.0,15.0,-0.03237878773034985,0.25425477050025785,56.80665947192594,-119.58912888107429,555.7824694091483,493.0,493.0,0.0
51153,Prince William County,42,Wholesale Trade,3004.0,2943.0,-61.0,-0.02030625832223702,15.0,6.0,-0.05056216076505557,-0.02030625832223702,88.00784169864131,-239.89657263686826,90.88873093822693,-61.0,-61.00000000000003,2.842170943040401e-14
51153,Prince William County,44-45,Retail Trade,21450.0,20336.0,-1114.0,-0.051934731934731936,20.0,1.0,-0.04443155394673292,-0.051934731934731936,628.4181772422957,-1581.4750093997168,-160.94316784257887,-1114.0,-1114.0,0.0
51153,Prince William County,48-49,Transportation and Warehousing,2317.0,4160.0,1843.0,0.7954251186879586,3.0,18.0,0.3346557282617785,0.7954251186879586,67.88088189605591,707.5164404864848,1067.6026776174594,1843.0,1843.0000000000002,-2.2737367544323206e-13
51153,Prince William County,51,Information,1185.0,1068.0,-117.0,-0.09873417721518987,17.0,4.0,-0.026894309682406164,-0.09873417721518987,34.71680839310584,-66.58656536675716,-85.1302430263487,-117.0,-117.0,0.0
51153,Prince William County,52,Finance and Insurance,2079.0,1724.0,-355.0,-0.17075517075517074,18.0,3.0,-0.11480562033484625,-0.17075517075517074,60.90822333271481,-299.58910800886014,-116.31911532385463,-355.0,-354.99999999999994,-5.684341886080802e-14
51153,Prince William County,53,Real Estate and Rental and Leasing,1750.0,1866.0,116.0,0.06628571428571428,8.0,13.0,0.09487335052328227,0.06628571428571428,51.269548259860954,114.75881515588301,-50.02836341574399,116.0,115.99999999999997,2.842170943040401e-14
51153,Prince William County,54,"Professional, Scientific, and Technical Services",10093.0,11100.0,1007.0,0.09977211929059744,4.0,17.0,0.02597243052605177,0.09977211929059744,295.69345747815805,-33.55371617871756,744.8602587005595,1007.0,1007.0,0.0
51153,Prince William County,55,Management of Companies and Enterprises,839.0,746.0,-93.0,-0.11084624553039332,16.0,5.0,0.103242628498516,-0.11084624553039332,24.580086280013337,62.04047903024158,-179.6205653102549,-93.0,-92.99999999999999,-1.4210854715202004e-14
51153,Prince William County,56,Administrative and Support and Waste Management,7066.0,7128.0,62.0,0.00877441268044155,10.0,11.0,-0.04737818404344833,0.00877441268044155,207.01178743095858,-541.7860358819645,396.7742484510059,62.0,62.0,0.0
51153,Prince William County,61,Educational Services,1587.0,2366.0,779.0,0.49086326402016384,5.0,16.0,0.02353954608582529,0.49086326402016384,46.49415605051391,-9.136896412309172,741.6427403617953,779.0,779.0,0.0
51153,Prince William County,62,Health Care and Social Assistance,13894.0,18637.0,4743.0,0.3413703757017418,1.0,20.0,0.13363830856047104,0.3413703757017418,407.05091629857606,1449.7197428406087,2886.2293408608157,4743.0,4743.0,0.0
51153,Prince William County,71,"Arts, Entertainment, and Recreation",3104.0,3050.0,-54.0,-0.017396907216494846,13.0,7.0,0.20360393832435444,-0.017396907216494846,90.93753017063338,541.0490943881629,-685.9866245587962,-54.0,-53.999999999999886,-1.1368683772161603e-13
51153,Prince William County,72,Accommodation and Food Services,14267.0,13666.0,-601.0,-0.04212518399102825,19.0,2.0,-0.018053005411673755,-0.04212518399102825,417.97865429910644,-675.5408825074559,-343.43777179165056,-601.0,-601.0,0.0
51153,Prince William County,81,Other Services,4538.0,4808.0,270.0,0.059497576024680476,7.0,14.0,-0.04100189216848398,0.059497576024680476,132.94926285899945,-319.0158495195797,456.06658666058036,270.0,270.0000000000001,-1.1368683772161603e-13
51153,Prince William County,99,Unclassified,465.0,411.0,-54.0,-0.11612903225806452,14.0,8.0,0.16838424733161575,-0.11612903225806452,13.623051394763054,64.67562361443828,-132.29867500920133,-54.0,-54.0,0.0
51155,Pulaski County,31-33,Manufacturing,5213.0,3935.0,-1278.0,-0.2451563399194322,9.0,1.0,-0.03237878773034985,-0.2451563399194322,152.7246600449458,-321.5152804832596,-1109.2093795616863,-1278.0,-1278.0,0.0
51155,Pulaski County,44-45,Retail Trade,1649.0,1664.0,15.0,0.009096422073984234,5.0,5.0,-0.04443155394673292,0.009096422073984234,48.31056290314898,-121.57819536131156,88.2676324581626,15.0,15.000000000000014,-1.4210854715202004e-14
51155,Pulaski County,48-49,Transportation and Warehousing,1023.0,1300.0,277.0,0.270772238514174,1.0,9.0,0.3346557282617785,0.270772238514174,29.97071306847872,312.3820969433207,-65.35281001179939,277.0,277.0,0.0
51155,Pulaski County,52,Finance and Insurance,136.0,162.0,26.0,0.19117647058823528,3.0,6.0,-0.11480562033484625,0.19117647058823528,3.984376321909194,-19.597940687448283,41.61356436553909,26.0,26.0,0.0
51155,Pulaski County,53,Real Estate and Rental and Leasing,66.0,76.0,10.0,0.15151515151515152,6.0,4.0,0.09487335052328227,0.15151515151515152,1.933594391514756,4.328046743021874,3.73835886546337,10.0,10.0,0.0
51155,Pulaski County,56,Administrative and Support and Waste Management,487.0,700.0,213.0,0.43737166324435317,2.0,8.0,-0.04737818404344833,0.43737166324435317,14.267582858601306,-37.340758487760645,236.07317562915935,213.0,213.0,0.0
51155,Pulaski County,71,"Arts, Entertainment, and Recreation",169.0,119.0,-50.0,-0.2958579881656805,7.0,3.0,0.20360393832435444,-0.2958579881656805,4.9511735176665725,29.45789205914933,-84.4090655768159,-50.0,-50.0,0.0
51155,Pulaski County,72,Accommodation and Food Services,1099.0,1027.0,-72.0,-0.06551410373066424,8.0,2.0,-0.018053005411673755,-0.06551410373066424,32.19727630719268,-52.03752925462213,-52.159747052570545,-72.0,-72.0,0.0
51155,Pulaski County,81,Other Services,361.0,387.0,26.0,0.07202216066481995,4.0,7.0,-0.04100189216848398,0.07202216066481995,10.576175383891316,-25.377858456714034,40.80168307282272,26.0,26.0,0.0
51157,Rappahannock County,11,"Agriculture, Forestry, Fishing and Hunting",50.0,89.0,39.0,0.78,2.0,8.0,-0.0450656018254421,0.78,1.4648442359960272,-3.7181243272681326,41.2532800912721,39.0,39.0,0.0
51157,Rappahannock County,23,Construction,114.0,114.0,0.0,0.0,7.0,3.0,0.13591228420498483,0.0,3.339844858070942,12.154155541297328,-15.49400039936827,0.0,0.0,0.0
51157,Rappahannock County,31-33,Manufacturing,101.0,78.0,-23.0,-0.22772277227722773,9.0,1.0,-0.03237878773034985,-0.22772277227722773,2.9589853567119753,-6.229242917477309,-19.729742439234666,-23.0,-23.0,0.0
51157,Rappahannock County,44-45,Retail Trade,110.0,157.0,47.0,0.42727272727272725,1.0,9.0,-0.04443155394673292,0.42727272727272725,3.22265731919126,-8.110128253331881,51.887470934140616,47.0,46.99999999999999,7.105427357601002e-15
51157,Rappahannock County,51,Information,52.0,59.0,7.0,0.1346153846153846,5.0,5.0,-0.026894309682406164,0.1346153846153846,1.5234380054358683,-2.921942108920989,8.39850410348512,7.0,6.999999999999999,8.881784197001252e-16
51157,Rappahannock County,53,Real Estate and Rental and Leasing,7.0,11.0,4.0,0.5714285714285714,6.0,4.0,0.09487335052328227,0.5714285714285714,0.20507819303944383,0.45903526062353206,3.335886546337024,4.0,4.0,0.0
51157,Rappahannock County,54,"Professional, Scientific, and Technical Services",67.0,77.0,10.0,0.14925373134328357,4.0,6.0,0.02597243052605177,0.14925373134328357,1.9628912762346766,-0.222738430989208,8.25984715475453,10.0,9.999999999999998,1.7763568394002505e-15
51157,Rappahannock County,61,Educational Services,56.0,54.0,-2.0,-0.03571428571428571,8.0,2.0,0.02353954608582529,-0.03571428571428571,1.6406255443155506,-0.32241096350933435,-3.318214580806216,-2.0,-1.9999999999999996,-4.440892098500626e-16
51157,Rappahannock County,62,Health Care and Social Assistance,78.0,96.0,18.0,0.23076923076923078,3.0,7.0,0.13363830856047104,0.23076923076923078,2.2851570081538024,8.138631059562938,7.576211932283259,18.0,18.0,0.0
51159,Richmond County,23,Construction,146.0,233.0,87.0,0.5958904109589042,2.0,7.0,0.13591228420498483,0.5958904109589042,4.2773451691084,15.565848324819385,67.15680650607223,87.0,87.00000000000001,-1.4210854715202004e-14
51159,Richmond County,44-45,Retail Trade,242.0,262.0,20.0,0.08264462809917356,3.0,6.0,-0.04443155394673292,0.08264462809917356,7.089846102220772,-17.84228215733014,30.752436055109367,20.0,20.0,0.0
51159,Richmond County,52,Finance and Insurance,56.0,35.0,-21.0,-0.375,7.0,2.0,-0.11480562033484625,-0.375,1.6406255443155506,-8.06974028306694,-14.570885261248609,-21.0,-21.0,0.0
51159,Richmond County,53,Real Estate and Rental and Leasing,19.0,14.0,-5.0,-0.2631578947368421,5.0,4.0,0.09487335052328227,-0.2631578947368421,0.5566408096784904,1.2459528502638728,-6.802593659942363,-5.0,-5.0,0.0
51159,Richmond County,54,"Professional, Scientific, and Technical Services",126.0,40.0,-86.0,-0.6825396825396826,8.0,1.0,0.02597243052605177,-0.6825396825396826,3.6914074747099885,-0.4188812284274658,-89.27252624628252,-86.0,-86.0,0.0
51159,Richmond County,71,"Arts, Entertainment, and Recreation",21.0,29.0,8.0,0.38095238095238093,4.0,5.0,0.20360393832435444,0.38095238095238093,0.6152345791183315,3.660448125693112,3.7243172951885564,8.0,8.0,0.0
51159,Richmond County,72,Accommodation and Food Services,110.0,225.0,115.0,1.0454545454545454,1.0,8.0,-0.018053005411673755,1.0454545454545454,3.22265731919126,-5.208487914475373,116.9858305952841,115.0,114.99999999999999,1.4210854715202004e-14
51159,Richmond County,81,Other Services,135.0,116.0,-19.0,-0.14074074074074075,6.0,3.0,-0.04100189216848398,-0.14074074074074075,3.9550794371892737,-9.490334879934611,-13.464744557254663,-19.0,-19.0,0.0
51161,Roanoke County,31-33,Manufacturing,3746.0,4389.0,643.0,0.17164975974372665,1.0,13.0,-0.03237878773034985,0.17164975974372665,109.74613016082236,-231.0370689987129,764.2909388378906,643.0,643.0000000000001,-1.1368683772161603e-13
51161,Roanoke County,44-45,Retail Trade,4321.0,4768.0,447.0,0.10344827586206896,2.0,12.0,-0.04443155394673292,0.10344827586206896,126.59183887477668,-318.5805834786096,638.9887446038329,447.0,446.99999999999994,5.684341886080802e-14
51161,Roanoke County,48-49,Transportation and Warehousing,1552.0,1367.0,-185.0,-0.11920103092783506,8.0,6.0,0.3346557282617785,-0.11920103092783506,45.46876508531669,473.9169251769635,-704.3856902622803,-185.0,-185.0000000000001,1.1368683772161603e-13
51161,Roanoke County,52,Finance and Insurance,1468.0,1108.0,-360.0,-0.2452316076294278,10.0,4.0,-0.11480562033484625,-0.2452316076294278,43.00782676884336,-211.54247742039766,-191.4653493484457,-360.0,-360.0,0.0
51161,Roanoke County,53,Real Estate and Rental and Leasing,479.0,460.0,-19.0,-0.03966597077244259,6.0,8.0,0.09487335052328227,-0.03966597077244259,14.033207780841941,31.411127119810267,-64.44433490065222,-19.0,-19.000000000000014,1.4210854715202004e-14
51161,Roanoke County,54,"Professional, Scientific, and Technical Services",3691.0,2993.0,-698.0,-0.18910864264426985,11.0,3.0,0.02597243052605177,-0.18910864264426985,108.13480150122673,-12.270560429569652,-793.8642410716571,-698.0,-698.0000000000001,1.1368683772161603e-13
51161,Roanoke County,55,Management of Companies and Enterprises,1358.0,639.0,-719.0,-0.5294550810014728,12.0,2.0,0.103242628498516,-0.5294550810014728,39.7851694496521,100.41832005133261,-859.2034895009847,-719.0,-719.0,0.0
51161,Roanoke County,56,Administrative and Support and Waste Management,2259.0,2395.0,136.0,0.06020362992474546,3.0,11.0,-0.04737818404344833,0.06020362992474546,66.18166258230052,-173.2089803364503,243.0273177541498,136.0,136.0,0.0
51161,Roanoke County,61,Educational Services,978.0,842.0,-136.0,-0.1390593047034765,7.0,7.0,0.02353954608582529,-0.1390593047034765,28.652353256082293,-5.630677184145161,-159.02167607193715,-136.0,-136.00000000000003,2.842170943040401e-14
51161,Roanoke County,62,Health Care and Social Assistance,6297.0,5308.0,-989.0,-0.15705891694457677,13.0,1.0,0.13363830856047104,-0.15705891694457677,184.48248308133967,657.0379459239465,-1830.5204290052864,-989.0,-989.0000000000002,2.2737367544323206e-13
51161,Roanoke County,71,"Arts, Entertainment, and Recreation",574.0,642.0,68.0,0.11846689895470383,5.0,9.0,0.20360393832435444,0.11846689895470383,16.816411829234394,100.05224876894506,-48.86866059817945,68.0,68.0,0.0
51161,Roanoke County,72,Accommodation and Food Services,3006.0,3076.0,70.0,0.023286759813705923,4.0,10.0,-0.018053005411673755,0.023286759813705923,88.06643546808115,-142.33376973557245,124.2673342674913,70.0,70.0,0.0
51161,Roanoke County,81,Other Services,1247.0,998.0,-249.0,-0.1996792301523657,9.0,5.0,-0.04100189216848398,-0.1996792301523657,36.53321524574092,-87.66257477984044,-197.8706404659005,-249.0,-249.0,0.0
51163,Rockbridge County,23,Construction,509.0,456.0,-53.0,-0.10412573673870335,7.0,4.0,0.13591228420498483,-0.10412573673870335,14.912114322439558,54.267238337897716,-122.17935266033729,-53.0,-53.000000000000014,1.4210854715202004e-14
51163,Rockbridge County,31-33,Manufacturing,930.0,800.0,-130.0,-0.13978494623655913,10.0,1.0,-0.03237878773034985,-0.13978494623655913,27.24610278952611,-57.35837537875146,-99.88772741077462,-130.0,-129.99999999999997,-2.842170943040401e-14
51163,Rockbridge County,44-45,Retail Trade,1279.0,1165.0,-114.0,-0.08913213448006255,9.0,2.0,-0.04443155394673292,-0.08913213448006255,37.47071555677838,-94.29867305464978,-57.17204250212859,-114.0,-114.0,0.0
51163,Rockbridge County,51,Information,39.0,28.0,-11.0,-0.28205128205128205,4.0,7.0,-0.026894309682406164,-0.28205128205128205,1.1425785040769012,-2.191456581690742,-9.951121922386161,-11.0,-11.000000000000002,1.7763568394002505e-15
51163,Rockbridge County,52,Finance and Insurance,106.0,78.0,-28.0,-0.2641509433962264,6.0,5.0,-0.11480562033484625,-0.2641509433962264,3.105469780311578,-15.27486553580528,-15.830604244506297,-28.0,-28.0,0.0
51163,Rockbridge County,53,Real Estate and Rental and Leasing,21.0,110.0,89.0,4.238095238095238,1.0,10.0,0.09487335052328227,4.238095238095238,0.6152345791183315,1.3771057818705963,87.00765963901108,89.0,89.00000000000001,-1.4210854715202004e-14
51163,Rockbridge County,71,"Arts, Entertainment, and Recreation",128.0,107.0,-21.0,-0.1640625,5.0,6.0,0.20360393832435444,-0.1640625,3.75000124414983,22.31130286136754,-47.061304105517365,-21.0,-20.999999999999996,-3.552713678800501e-15
51163,Rockbridge County,72,Accommodation and Food Services,704.0,622.0,-82.0,-0.11647727272727272,8.0,3.0,-0.018053005411673755,-0.11647727272727272,20.625006842824064,-33.334322652642385,-69.29068419018168,-82.0,-82.0,0.0
51163,Rockbridge County,81,Other Services,207.0,241.0,34.0,0.1642512077294686,2.0,9.0,-0.04100189216848398,0.1642512077294686,6.064455137023553,-14.551846815899736,42.487391678876186,34.0,34.0,0.0
51163,Rockbridge County,99,Unclassified,6.0,12.0,6.0,1.0,3.0,8.0,0.16838424733161575,1.0,0.17578130831952327,0.8345241756701713,4.989694516010306,6.0,6.0,0.0
51165,Rockingham County,23,Construction,2828.0,3120.0,292.0,0.10325318246110325,2.0,15.0,0.13591228420498483,0.10325318246110325,82.8515899879353,301.5083497437618,-92.3599397316971,292.0,292.0,0.0
51165,Rockingham County,31-33,Manufacturing,7469.0,6372.0,-1097.0,-0.14687374481188914,16.0,1.0,-0.03237878773034985,-0.14687374481188914,218.81843197308655,-460.65559753106953,-855.1628344420169,-1097.0,-1097.0,0.0
51165,Rockingham County,44-45,Retail Trade,2277.0,2881.0,604.0,0.2652613087395696,1.0,16.0,-0.04443155394673292,0.2652613087395696,66.70900650725908,-167.87965484396994,705.1706483367109,604.0,604.0,0.0
51165,Rockingham County,48-49,Transportation and Warehousing,3483.0,3345.0,-138.0,-0.03962101636520241,14.0,3.0,0.3346557282617785,-0.03962101636520241,102.04104947948326,1063.564852056291,-1303.6059015357746,-138.0,-138.00000000000023,2.2737367544323206e-13
51165,Rockingham County,51,Information,176.0,89.0,-87.0,-0.4943181818181818,11.0,6.0,-0.026894309682406164,-0.4943181818181818,5.156251710706016,-9.889650214809501,-82.26660149589651,-87.0,-87.0,0.0
51165,Rockingham County,52,Finance and Insurance,274.0,320.0,46.0,0.1678832116788321,8.0,8.0,-0.11480562033484625,0.1678832116788321,8.027346413258229,-39.4840863850061,77.45673997174787,46.0,45.99999999999999,7.105427357601002e-15
51165,Rockingham County,53,Real Estate and Rental and Leasing,487.0,598.0,111.0,0.22792607802874743,3.0,14.0,0.09487335052328227,0.22792607802874743,14.267582858601306,31.93573884623716,64.79667829516153,111.0,111.0,0.0
51165,Rockingham County,54,"Professional, Scientific, and Technical Services",770.0,839.0,69.0,0.08961038961038961,7.0,10.0,0.02597243052605177,0.08961038961038961,22.55860123433882,-2.559829729278958,49.001228494940136,69.0,69.0,0.0
51165,Rockingham County,55,Management of Companies and Enterprises,285.0,376.0,91.0,0.3192982456140351,5.0,12.0,0.103242628498516,0.3192982456140351,8.349612145177355,21.0745369768997,61.57585087792294,91.0,91.0,0.0
51165,Rockingham County,56,Administrative and Support and Waste Management,1240.0,1112.0,-128.0,-0.1032258064516129,13.0,4.0,-0.04737818404344833,-0.1032258064516129,36.32813705270148,-95.07708526657741,-69.25105178612407,-128.0,-128.0,0.0
51165,Rockingham County,61,Educational Services,620.0,629.0,9.0,0.014516129032258065,10.0,7.0,0.02353954608582529,0.014516129032258065,18.16406852635074,-3.5695499531390587,-5.594518573211679,9.0,9.0,0.0
51165,Rockingham County,62,Health Care and Social Assistance,4525.0,4417.0,-108.0,-0.023867403314917126,12.0,5.0,0.13363830856047104,-0.023867403314917126,132.56840335764048,472.144942878491,-712.7133462361314,-108.0,-108.0,0.0
51165,Rockingham County,71,"Arts, Entertainment, and Recreation",223.0,269.0,46.0,0.2062780269058296,9.0,9.0,0.20360393832435444,0.2062780269058296,6.533205292542282,38.87047295378876,0.5963217536689618,46.0,46.00000000000001,-7.105427357601002e-15
51165,Rockingham County,72,Accommodation and Food Services,2648.0,2458.0,-190.0,-0.07175226586102719,15.0,2.0,-0.018053005411673755,-0.07175226586102719,77.5781507383496,-125.3825090684617,-142.1956416698879,-190.0,-190.0,0.0
51165,Rockingham County,81,Other Services,681.0,777.0,96.0,0.14096916299559473,4.0,13.0,-0.04100189216848398,0.14096916299559473,19.951178494265893,-47.87346706100348,123.9222885667376,96.0,96.00000000000001,-1.4210854715202004e-14
51165,Rockingham County,99,Unclassified,31.0,114.0,83.0,2.6774193548387095,6.0,11.0,0.16838424733161575,2.6774193548387095,0.9082034263175369,4.311708240962552,77.78008833271991,83.0,83.0,0.0
51167,Russell County,11,"Agriculture, Forestry, Fishing and Hunting",58.0,53.0,-5.0,-0.08620689655172414,2.0,7.0,-0.0450656018254421,-0.08620689655172414,1.6992193137553917,-4.313024219631034,-2.3861950941243584,-5.0,-5.0,0.0
51167,Russell County,21,"Mining, Quarrying, and Oil and Gas Extraction",264.0,181.0,-83.0,-0.3143939393939394,8.0,2.0,-0.17446043165467626,-0.3143939393939394,7.734377566059024,-53.791931522893556,-36.94244604316547,-83.0,-83.0,0.0
51167,Russell County,23,Construction,511.0,489.0,-22.0,-0.043052837573385516,4.0,5.0,0.13591228420498483,-0.043052837573385516,14.970708091879398,54.480469136867846,-91.45117722874724,-22.0,-22.0,0.0
51167,Russell County,31-33,Manufacturing,551.0,525.0,-26.0,-0.047186932849364795,6.0,4.0,-0.03237878773034985,-0.047186932849364795,16.14258348067622,-33.983295520098984,-8.159287960577235,-26.0,-26.0,0.0
51167,Russell County,44-45,Retail Trade,820.0,750.0,-70.0,-0.08536585365853659,7.0,3.0,-0.04443155394673292,-0.08536585365853659,24.02344547033485,-60.45731970665584,-33.56612576367901,-70.0,-70.0,0.0
51167,Russell County,48-49,Transportation and Warehousing,138.0,133.0,-5.0,-0.036231884057971016,3.0,8.0,0.3346557282617785,-0.036231884057971016,4.042970091349035,42.1395204087764,-51.182490500125425,-5.0,-4.999999999999993,-7.105427357601002e-15
51167,Russell County,52,Finance and Insurance,194.0,172.0,-22.0,-0.1134020618556701,5.0,6.0,-0.11480562033484625,-0.1134020618556701,5.683595635664586,-27.955885980624757,0.2722903449601716,-22.0,-21.999999999999996,-3.552713678800501e-15
51167,Russell County,53,Real Estate and Rental and Leasing,16.0,19.0,3.0,0.1875,1.0,9.0,0.09487335052328227,0.1875,0.46875015551872873,1.0492234528537876,1.4820263916274836,3.0,3.0,0.0
51167,Russell County,54,"Professional, Scientific, and Technical Services",559.0,394.0,-165.0,-0.295169946332737,9.0,1.0,0.02597243052605177,-0.295169946332737,16.376958558435586,-1.8583698943726459,-179.51858866406292,-165.0,-164.99999999999997,-2.842170943040401e-14
51169,Scott County,31-33,Manufacturing,867.0,1118.0,251.0,0.2895040369088812,1.0,7.0,-0.03237878773034985,0.2895040369088812,25.400399052171114,-53.47280801438443,279.07240896221333,251.0,251.00000000000003,-2.842170943040401e-14
51169,Scott County,44-45,Retail Trade,590.0,545.0,-45.0,-0.07627118644067797,7.0,1.0,-0.04443155394673292,-0.07627118644067797,17.28516198475312,-43.49977881332554,-18.78538317142758,-45.0,-45.0,0.0
51169,Scott County,48-49,Transportation and Warehousing,100.0,75.0,-25.0,-0.25,6.0,2.0,0.3346557282617785,-0.25,2.9296884719920544,30.535884354185793,-58.46557282617785,-25.0,-25.0,0.0
51169,Scott County,51,Information,77.0,81.0,4.0,0.05194805194805195,3.0,5.0,-0.026894309682406164,0.05194805194805195,2.255860123433882,-4.3267219689791565,6.0708618455452745,4.0,4.0,0.0
51169,Scott County,52,Finance and Insurance,73.0,68.0,-5.0,-0.0684931506849315,4.0,4.0,-0.11480562033484625,-0.0684931506849315,2.1386725845542,-10.519482868997976,3.380810284443776,-5.0,-5.0,0.0
51169,Scott County,53,Real Estate and Rental and Leasing,14.0,22.0,8.0,0.5714285714285714,2.0,6.0,0.09487335052328227,0.5714285714285714,0.41015638607888766,0.9180705212470641,6.671773092674048,8.0,8.0,0.0
51169,Scott County,81,Other Services,115.0,94.0,-21.0,-0.1826086956521739,5.0,3.0,-0.04100189216848398,-0.1826086956521739,3.3691417427908625,-8.08435934216652,-16.28478240062434,-21.0,-21.0,0.0
51171,Shenandoah County,22,Utilities,75.0,120.0,45.0,0.6,5.0,12.0,0.00744013020227854,0.6,2.197266353994041,-1.6392565888231503,44.441990234829106,45.0,45.0,0.0
51171,Shenandoah County,23,Construction,606.0,663.0,57.0,0.09405940594059406,4.0,13.0,0.13591228420498483,0.09405940594059406,17.75391214027185,64.60893208794896,-25.362844228220805,57.0,57.0,0.0
51171,Shenandoah County,31-33,Manufacturing,3475.0,2606.0,-869.0,-0.25007194244604314,16.0,1.0,-0.03237878773034985,-0.25007194244604314,101.8066744017239,-214.3229617646896,-756.4837126370342,-869.0,-868.9999999999999,-1.1368683772161603e-13
51171,Shenandoah County,42,Wholesale Trade,273.0,336.0,63.0,0.23076923076923078,3.0,14.0,-0.05056216076505557,0.23076923076923078,7.998049528538309,-21.80151941739848,76.80346988886016,63.0,62.99999999999999,7.105427357601002e-15
51171,Shenandoah County,44-45,Retail Trade,1531.0,1679.0,148.0,0.09666884389288047,1.0,16.0,-0.04443155394673292,0.09666884389288047,44.853530506198354,-112.87823959864645,216.02470909244812,148.0,148.00000000000003,-2.842170943040401e-14
51171,Shenandoah County,48-49,Transportation and Warehousing,603.0,568.0,-35.0,-0.05804311774461028,9.0,7.0,0.3346557282617785,-0.05804311774461028,17.66602148611209,184.13138265574034,-236.79740414185244,-35.0,-35.0,0.0
51171,Shenandoah County,51,Information,664.0,359.0,-305.0,-0.45933734939759036,15.0,2.0,-0.026894309682406164,-0.45933734939759036,19.453131454027243,-37.31095308314494,-287.1421783708823,-305.0,-305.0,0.0
51171,Shenandoah County,52,Finance and Insurance,234.0,264.0,30.0,0.1282051282051282,6.0,11.0,-0.11480562033484625,0.1282051282051282,6.855471024461408,-33.71998618281543,56.864515158354024,30.0,30.0,0.0
51171,Shenandoah County,53,Real Estate and Rental and Leasing,108.0,64.0,-44.0,-0.4074074074074074,11.0,6.0,0.09487335052328227,-0.4074074074074074,3.164063549751419,7.082258306763066,-54.24632185651448,-44.0,-43.99999999999999,-7.105427357601002e-15
51171,Shenandoah County,54,"Professional, Scientific, and Technical Services",229.0,354.0,125.0,0.5458515283842795,2.0,15.0,0.02597243052605177,0.5458515283842795,6.708986600861805,-0.7613000103959497,119.05231340953415,125.0,125.0,0.0
51171,Shenandoah County,61,Educational Services,88.0,102.0,14.0,0.1590909090909091,7.0,10.0,0.02353954608582529,0.1590909090909091,2.578125855353008,-0.5066457998003826,11.928519944447375,14.0,14.0,0.0
51171,Shenandoah County,62,Health Care and Social Assistance,1625.0,1483.0,-142.0,-0.08738461538461538,14.0,3.0,0.13363830856047104,-0.08738461538461538,47.60743766987088,169.55481374089456,-359.16225141076546,-142.0,-142.00000000000003,2.842170943040401e-14
51171,Shenandoah County,71,"Arts, Entertainment, and Recreation",169.0,134.0,-35.0,-0.20710059171597633,10.0,8.0,0.20360393832435444,-0.20710059171597633,4.9511735176665725,29.45789205914933,-69.4090655768159,-35.0,-35.0,0.0
51171,Shenandoah County,72,Accommodation and Food Services,1274.0,1209.0,-65.0,-0.05102040816326531,12.0,5.0,-0.018053005411673755,-0.05102040816326531,37.32423113317878,-60.32376002765113,-42.00047110552764,-65.0,-65.0,0.0
51171,Shenandoah County,81,Other Services,452.0,366.0,-86.0,-0.1902654867256637,13.0,4.0,-0.04100189216848398,-0.1902654867256637,13.242191893404087,-31.775047153558845,-67.46714473984524,-86.0,-86.0,0.0
51171,Shenandoah County,99,Unclassified,43.0,23.0,-20.0,-0.46511627906976744,8.0,9.0,0.16838424733161575,-0.46511627906976744,1.2597660429565836,5.980756592302894,-27.240522635259477,-20.0,-20.0,0.0
51173,Smyth County,23,Construction,400.0,395.0,-5.0,-0.0125,4.0,7.0,0.13591228420498483,-0.0125,11.718753887968218,42.64615979402571,-59.36491368199393,-5.0,-5.0,0.0
51173,Smyth County,31-33,Manufacturing,3081.0,2977.0,-104.0,-0.03375527426160337,9.0,2.0,-0.03237878773034985,-0.03375527426160337,90.2637018220752,-190.02274681928307,-4.240955002792106,-104.0,-103.99999999999997,-2.842170943040401e-14
51173,Smyth County,42,Wholesale Trade,295.0,222.0,-73.0,-0.24745762711864408,8.0,3.0,-0.05056216076505557,-0.24745762711864408,8.64258099237656,-23.558418418067955,-58.084162574308614,-73.0,-73.00000000000001,1.4210854715202004e-14
51173,Smyth County,44-45,Retail Trade,1145.0,1133.0,-12.0,-0.010480349344978166,5.0,6.0,-0.04443155394673292,-0.010480349344978166,33.54493300430902,-84.41906227331822,38.874129269009195,-12.0,-12.0,0.0
51173,Smyth County,51,Information,37.0,5.0,-32.0,-0.8648648648648649,6.0,5.0,-0.026894309682406164,-0.8648648648648649,1.0839847346370601,-2.0790741928860883,-31.004910541750974,-32.0,-32.0,0.0
51173,Smyth County,52,Finance and Insurance,129.0,88.0,-41.0,-0.3178294573643411,7.0,4.0,-0.11480562033484625,-0.3178294573643411,3.7792981288697503,-18.589223152064918,-26.190074976804834,-41.0,-41.0,0.0
51173,Smyth County,53,Real Estate and Rental and Leasing,35.0,31.0,-4.0,-0.11428571428571428,3.0,8.0,0.09487335052328227,-0.11428571428571428,1.025390965197219,2.2951763031176604,-7.320567268314879,-4.0,-4.0,0.0
51173,Smyth County,56,Administrative and Support and Waste Management,1471.0,685.0,-786.0,-0.5343303874915024,10.0,1.0,-0.04737818404344833,-0.5343303874915024,43.09571742300312,-112.78902615091562,-716.3066912720875,-786.0,-786.0,0.0
51173,Smyth County,81,Other Services,180.0,185.0,5.0,0.027777777777777776,2.0,9.0,-0.04100189216848398,0.027777777777777776,5.2734392495856985,-12.653779839912815,12.380340590327116,5.0,4.999999999999999,8.881784197001252e-16
51173,Smyth County,99,Unclassified,23.0,35.0,12.0,0.5217391304347826,1.0,10.0,0.16838424733161575,0.5217391304347826,0.6738283485581725,3.19900934006899,8.127162311372839,12.0,12.000000000000002,-1.7763568394002505e-15
51175,Southampton County,23,Construction,97.0,103.0,6.0,0.061855670103092786,5.0,2.0,0.13591228420498483,0.061855670103092786,2.841797817832293,10.341693750051235,-7.183491567883528,6.0,6.000000000000001,-8.881784197001252e-16
51175,Southampton County,31-33,Manufacturing,358.0,369.0,11.0,0.030726256983240222,4.0,3.0,-0.03237878773034985,0.030726256983240222,10.488284729731555,-22.0798907371968,22.59160600746525,11.0,11.000000000000005,-5.329070518200751e-15
51175,Southampton County,42,Wholesale Trade,256.0,335.0,79.0,0.30859375,1.0,6.0,-0.05056216076505557,0.30859375,7.50000248829966,-20.443915644153886,91.94391315585423,79.0,79.0,0.0
51175,Southampton County,44-45,Retail Trade,222.0,297.0,75.0,0.33783783783783783,2.0,5.0,-0.04443155394673292,0.33783783783783783,6.503908407822361,-16.367713383997067,84.8638049761747,75.0,75.0,0.0
51175,Southampton County,53,Real Estate and Rental and Leasing,34.0,32.0,-2.0,-0.058823529411764705,6.0,1.0,0.09487335052328227,-0.058823529411764705,0.9960940804772985,2.2295998373142987,-5.225693917791598,-2.0,-2.000000000000001,8.881784197001252e-16
51175,Southampton County,54,"Professional, Scientific, and Technical Services",73.0,114.0,41.0,0.5616438356164384,3.0,4.0,0.02597243052605177,0.5616438356164384,2.1386725845542,-0.24268515615242067,39.10401257159822,41.0,41.0,0.0
51177,Spotsylvania County,23,Construction,2270.0,2177.0,-93.0,-0.040969162995594714,14.0,3.0,0.13591228420498483,-0.040969162995594714,66.50392831421964,242.0169568310959,-401.52088514531556,-93.0,-93.0,0.0
51177,Spotsylvania County,31-33,Manufacturing,982.0,726.0,-256.0,-0.2606924643584521,15.0,2.0,-0.03237878773034985,-0.2606924643584521,28.769540794961976,-60.565510346165524,-224.20403044879643,-256.0,-255.99999999999997,-2.842170943040401e-14
51177,Spotsylvania County,44-45,Retail Trade,6778.0,7375.0,597.0,0.08807907937444674,1.0,16.0,-0.04443155394673292,0.08807907937444674,198.57428463162145,-499.73135728257716,898.1570726509557,597.0,597.0,0.0
51177,Spotsylvania County,48-49,Transportation and Warehousing,1451.0,1551.0,100.0,0.06891798759476224,7.0,10.0,0.3346557282617785,0.06891798759476224,42.50977972860471,443.07568197923587,-385.5854617078405,100.0,100.00000000000006,-5.684341886080802e-14
51177,Spotsylvania County,51,Information,244.0,333.0,89.0,0.36475409836065575,8.0,9.0,-0.026894309682406164,0.36475409836065575,7.148439871660613,-13.710651434167717,95.5622115625071,89.0,89.0,0.0
51177,Spotsylvania County,52,Finance and Insurance,520.0,560.0,40.0,0.07692307692307693,9.0,8.0,-0.11480562033484625,0.07692307692307693,15.234380054358684,-74.93330262847873,99.69892257412006,40.0,40.000000000000014,-1.4210854715202004e-14
51177,Spotsylvania County,53,Real Estate and Rental and Leasing,545.0,563.0,18.0,0.03302752293577982,11.0,6.0,0.09487335052328227,0.03302752293577982,15.966802172356697,35.73917386283214,-33.70597603518884,18.0,18.0,0.0
51177,Spotsylvania County,54,"Professional, Scientific, and Technical Services",2216.0,1935.0,-281.0,-0.12680505415162455,16.0,1.0,0.02597243052605177,-0.12680505415162455,64.92189653934393,-7.3669904936132085,-338.5549060457307,-281.0,-281.0,0.0
51177,Spotsylvania County,55,Management of Companies and Enterprises,450.0,452.0,2.0,0.0044444444444444444,12.0,5.0,0.103242628498516,0.0044444444444444444,13.183598123964245,33.27558470036795,-44.459182824332196,2.0,2.0,0.0
51177,Spotsylvania County,56,Administrative and Support and Waste Management,1484.0,1874.0,390.0,0.2628032345013477,3.0,14.0,-0.04737818404344833,0.2628032345013477,43.47657692436209,-113.78580204483941,460.3092251204773,390.0,390.0,0.0
51177,Spotsylvania County,61,Educational Services,458.0,890.0,432.0,0.9432314410480349,2.0,15.0,0.02353954608582529,0.9432314410480349,13.41797320172361,-2.6368610944156274,421.218887892692,432.0,432.0,0.0
51177,Spotsylvania County,62,Health Care and Social Assistance,4567.0,4874.0,307.0,0.0672213707028684,4.0,13.0,0.13363830856047104,0.0672213707028684,133.79887251587712,476.5272826797941,-303.3261551956712,307.0,306.99999999999994,5.684341886080802e-14
51177,Spotsylvania County,71,"Arts, Entertainment, and Recreation",657.0,798.0,141.0,0.2146118721461187,6.0,11.0,0.20360393832435444,0.2146118721461187,19.2480532609878,114.51973421811307,7.232212520899123,141.0,140.99999999999997,2.842170943040401e-14
51177,Spotsylvania County,72,Accommodation and Food Services,4205.0,4180.0,-25.0,-0.005945303210463734,13.0,4.0,-0.018053005411673755,-0.005945303210463734,123.1934002472659,-199.10628800335402,50.91288775608814,-25.0,-24.999999999999986,-1.4210854715202004e-14
51177,Spotsylvania County,81,Other Services,1516.0,1708.0,192.0,0.1266490765171504,5.0,12.0,-0.04100189216848398,0.1266490765171504,44.414077235399546,-106.57294576282126,254.15886852742173,192.0,192.0,0.0
51177,Spotsylvania County,99,Unclassified,122.0,159.0,37.0,0.30327868852459017,10.0,7.0,0.16838424733161575,0.30327868852459017,3.5742199358303064,16.968658238626816,16.457121825542878,37.0,37.0,0.0
51179,Stafford County,23,Construction,2433.0,3634.0,1201.0,0.4936292642827785,2.0,10.0,0.13591228420498483,0.4936292642827785,71.27932052356668,259.3952669471614,870.3254125292718,1201.0,1201.0,0.0
51179,Stafford County,44-45,Retail Trade,4966.0,5655.0,689.0,0.1387434554973822,3.0,9.0,-0.04443155394673292,0.1387434554973822,145.48832951912541,-366.13542641860107,909.6470968994757,689.0,689.0000000000001,-1.1368683772161603e-13
51179,Stafford County,48-49,Transportation and Warehousing,1581.0,6230.0,4649.0,2.9405439595192915,1.0,11.0,0.3346557282617785,2.9405439595192915,46.31837474219438,482.7723316396774,4119.909293618128,4649.0,4649.0,0.0
51179,Stafford County,54,"Professional, Scientific, and Technical Services",3450.0,3974.0,524.0,0.15188405797101448,5.0,7.0,0.02597243052605177,0.15188405797101448,101.07425228372588,-11.469366968847277,434.3951146851213,524.0,523.9999999999999,1.1368683772161603e-13
51179,Stafford County,55,Management of Companies and Enterprises,71.0,125.0,54.0,0.7605633802816901,9.0,3.0,0.103242628498516,0.7605633802816901,2.0800788151143585,5.250147808280277,46.66977337660536,54.0,54.0,0.0
51179,Stafford County,56,Administrative and Support and Waste Management,1900.0,1988.0,88.0,0.04631578947368421,8.0,4.0,-0.04737818404344833,0.04631578947368421,55.66408096784904,-145.68263065040088,178.01854968255182,88.0,87.99999999999997,2.842170943040401e-14
51179,Stafford County,61,Educational Services,731.0,701.0,-30.0,-0.04103967168262654,10.0,2.0,0.02353954608582529,-0.04103967168262654,21.41602273026192,-4.208614541523632,-47.207408188738285,-30.0,-30.0,0.0
51179,Stafford County,62,Health Care and Social Assistance,4077.0,4734.0,657.0,0.16114790286975716,4.0,8.0,0.13363830856047104,0.16114790286975716,119.44339900311607,425.3999849979244,112.15661599895952,657.0,657.0,0.0
51179,Stafford County,71,"Arts, Entertainment, and Recreation",412.0,632.0,220.0,0.5339805825242718,6.0,6.0,0.20360393832435444,0.5339805825242718,12.070316504607264,71.81450608502676,136.115177410366,220.0,220.0,0.0
51179,Stafford County,72,Accommodation and Food Services,3755.0,3529.0,-226.0,-0.06018641810918775,11.0,1.0,-0.018053005411673755,-0.06018641810918775,110.00980212330165,-177.79883744413658,-158.21096467916504,-226.0,-225.99999999999997,-2.842170943040401e-14
51179,Stafford County,81,Other Services,1723.0,1931.0,208.0,0.12071967498549042,7.0,5.0,-0.04100189216848398,0.12071967498549042,50.4785323724231,-121.124792578721,278.6462602062979,208.0,208.0,0.0
51181,Surry County,23,Construction,167.0,74.0,-93.0,-0.5568862275449101,3.0,1.0,0.13591228420498483,-0.5568862275449101,4.892579748226731,17.804771714005735,-115.69735146223245,-93.0,-92.99999999999999,-1.4210854715202004e-14
51181,Surry County,42,Wholesale Trade,25.0,24.0,-1.0,-0.04,2.0,2.0,-0.05056216076505557,-0.04,0.7324221179980136,-1.9964761371244029,0.2640540191263892,-1.0,-1.0,0.0
51181,Surry County,81,Other Services,33.0,40.0,7.0,0.21212121212121213,1.0,3.0,-0.04100189216848398,0.21212121212121213,0.966797195757378,-2.3198596373173492,8.35306244155997,7.0,6.999999999999999,8.881784197001252e-16
51183,Sussex County,23,Construction,62.0,111.0,49.0,0.7903225806451613,2.0,5.0,0.13591228420498483,0.7903225806451613,1.8164068526350738,6.610154768073985,40.57343837929094,49.0,49.0,0.0
51183,Sussex County,31-33,Manufacturing,63.0,113.0,50.0,0.7936507936507936,1.0,6.0,-0.03237878773034985,0.7936507936507936,1.8457037373549943,-3.8855673643670348,52.03986362701204,50.0,50.0,0.0
51183,Sussex County,42,Wholesale Trade,116.0,131.0,15.0,0.12931034482758622,3.0,4.0,-0.05056216076505557,0.12931034482758622,3.3984386275107834,-9.26364927625723,20.865210648746448,15.0,15.000000000000002,-1.7763568394002505e-15
51183,Sussex County,44-45,Retail Trade,333.0,337.0,4.0,0.012012012012012012,4.0,3.0,-0.04443155394673292,0.012012012012012012,9.755862611733543,-24.551570075995603,18.795707464262062,4.0,4.000000000000002,-1.7763568394002505e-15
51183,Sussex County,56,Administrative and Support and Waste Management,364.0,259.0,-105.0,-0.28846153846153844,6.0,1.0,-0.04737818404344833,-0.28846153846153844,10.664066038051079,-27.909725029866273,-87.7543410081848,-105.0,-104.99999999999999,-1.4210854715202004e-14
51183,Sussex County,81,Other Services,49.0,42.0,-7.0,-0.14285714285714285,5.0,2.0,-0.04100189216848398,-0.14285714285714285,1.4355473512761068,-3.4446400675318216,-4.990907283744284,-7.0,-6.999999999999999,-8.881784197001252e-16
51185,Tazewell County,31-33,Manufacturing,1222.0,1044.0,-178.0,-0.14566284779050737,11.0,1.0,-0.03237878773034985,-0.14566284779050737,35.80079312774291,-75.36767173423041,-138.43312139351247,-178.0,-177.99999999999997,-2.842170943040401e-14
51185,Tazewell County,42,Wholesale Trade,469.0,458.0,-11.0,-0.023454157782515993,3.0,9.0,-0.05056216076505557,-0.023454157782515993,13.740238933642736,-37.4538923324538,12.713653398811061,-11.0,-11.0,0.0
51185,Tazewell County,44-45,Retail Trade,2662.0,2628.0,-34.0,-0.012772351615326822,4.0,8.0,-0.04443155394673292,-0.012772351615326822,77.98830712442849,-196.26510373063152,84.27679660620302,-34.0,-34.000000000000014,1.4210854715202004e-14
51185,Tazewell County,52,Finance and Insurance,353.0,294.0,-59.0,-0.1671388101983003,6.0,5.0,-0.11480562033484625,-0.1671388101983003,10.341800306131953,-50.86818428433268,-18.473616021799277,-59.0,-59.0,0.0
51185,Tazewell County,53,Real Estate and Rental and Leasing,143.0,97.0,-46.0,-0.32167832167832167,5.0,7.0,0.09487335052328227,-0.32167832167832167,4.189454514948638,9.377434609880726,-59.566889124829366,-46.0,-46.0,0.0
51185,Tazewell County,54,"Professional, Scientific, and Technical Services",316.0,342.0,26.0,0.08227848101265822,2.0,10.0,0.02597243052605177,0.08227848101265822,9.257815571494893,-1.0505275252625332,17.79271195376764,26.0,26.0,0.0
51185,Tazewell County,55,Management of Companies and Enterprises,238.0,131.0,-107.0,-0.4495798319327731,9.0,3.0,0.103242628498516,-0.4495798319327731,6.97265856334109,17.599087019305717,-131.57174558264683,-107.0,-107.00000000000003,2.842170943040401e-14
51185,Tazewell County,56,Administrative and Support and Waste Management,279.0,306.0,27.0,0.0967741935483871,1.0,11.0,-0.04737818404344833,0.0967741935483871,8.173830836857832,-21.39234418497992,40.21851334812208,27.0,26.999999999999993,7.105427357601002e-15
51185,Tazewell County,71,"Arts, Entertainment, and Recreation",133.0,56.0,-77.0,-0.5789473684210527,8.0,4.0,0.20360393832435444,-0.5789473684210527,3.8964856677494324,23.18283812938971,-104.07932379713914,-77.0,-77.0,0.0
51185,Tazewell County,72,Accommodation and Food Services,1205.0,1146.0,-59.0,-0.04896265560165975,7.0,6.0,-0.018053005411673755,-0.04896265560165975,35.30274608750426,-57.05661760857113,-37.24612847893312,-59.0,-58.99999999999999,-7.105427357601002e-15
51185,Tazewell County,81,Other Services,483.0,367.0,-116.0,-0.2401656314699793,10.0,2.0,-0.04100189216848398,-0.2401656314699793,14.150395319721623,-33.95430923709939,-96.19608608262223,-116.0,-116.0,0.0
51187,Warren County,31-33,Manufacturing,1100.0,1349.0,249.0,0.22636363636363635,1.0,13.0,-0.03237878773034985,0.22636363636363635,32.2265731919126,-67.84323969529743,284.6166665033848,249.0,248.99999999999997,2.842170943040401e-14
51187,Warren County,44-45,Retail Trade,1541.0,1608.0,67.0,0.043478260869565216,4.0,10.0,-0.04443155394673292,0.043478260869565216,45.14649935339756,-113.61552398531299,135.46902463191543,67.0,67.0,0.0
51187,Warren County,48-49,Transportation and Warehousing,1190.0,1037.0,-153.0,-0.12857142857142856,12.0,2.0,0.3346557282617785,-0.12857142857142856,34.863292816705446,363.37702381481097,-551.2403166315164,-153.0,-153.0,0.0
51187,Warren County,52,Finance and Insurance,267.0,255.0,-12.0,-0.0449438202247191,9.0,5.0,-0.11480562033484625,-0.0449438202247191,7.822268220218786,-38.47536884962273,18.653100629403948,-12.0,-12.0,0.0
51187,Warren County,53,Real Estate and Rental and Leasing,60.0,84.0,24.0,0.4,6.0,8.0,0.09487335052328227,0.4,1.7578130831952328,3.9345879482017034,18.307598968603067,24.0,24.000000000000004,-3.552713678800501e-15
51187,Warren County,54,"Professional, Scientific, and Technical Services",288.0,364.0,76.0,0.2638888888888889,3.0,11.0,0.02597243052605177,0.2638888888888889,8.437502799337118,-0.9574428078342075,68.51994000849709,76.0,76.0,0.0
51187,Warren County,55,Management of Companies and Enterprises,137.0,122.0,-15.0,-0.10948905109489052,10.0,4.0,0.103242628498516,-0.10948905109489052,4.0136732066291145,10.130566897667576,-29.14424010429669,-15.0,-14.999999999999998,-1.7763568394002505e-15
51187,Warren County,56,Administrative and Support and Waste Management,951.0,687.0,-264.0,-0.277602523659306,13.0,1.0,-0.04737818404344833,-0.277602523659306,27.86133736864444,-72.9179903939638,-218.94334697468062,-264.0,-264.0,0.0
51187,Warren County,61,Educational Services,661.0,718.0,57.0,0.08623298033282904,5.0,9.0,0.02353954608582529,0.08623298033282904,19.36524079986748,-3.8056008371369643,41.440360037269485,57.0,57.0,0.0
51187,Warren County,62,Health Care and Social Assistance,1611.0,1513.0,-98.0,-0.06083178150217256,11.0,3.0,0.13363830856047104,-0.06083178150217256,47.197281283792,168.09403380712683,-313.29131509091883,-98.0,-98.0,0.0
51187,Warren County,71,"Arts, Entertainment, and Recreation",222.0,222.0,0.0,0.0,8.0,6.0,0.20360393832435444,0.0,6.503908407822361,38.696165900184326,-45.200074308006684,0.0,0.0,0.0
51187,Warren County,72,Accommodation and Food Services,1242.0,1378.0,136.0,0.10950080515297907,2.0,12.0,-0.018053005411673755,0.10950080515297907,36.38673082214132,-58.808563543440115,158.42183272129878,136.0,136.0,0.0
51187,Warren County,81,Other Services,460.0,482.0,22.0,0.04782608695652174,7.0,7.0,-0.04100189216848398,0.04782608695652174,13.47656697116345,-32.33743736866608,40.86087039750264,22.0,22.000000000000007,-7.105427357601002e-15
51191,Washington County,11,"Agriculture, Forestry, Fishing and Hunting",148.0,267.0,119.0,0.8040540540540541,7.0,14.0,-0.0450656018254421,0.8040540540540541,4.3359389385482405,-11.005648008713672,125.66970907016542,119.0,119.0,0.0
51191,Washington County,21,"Mining, Quarrying, and Oil and Gas Extraction",42.0,63.0,21.0,0.5,13.0,8.0,-0.17446043165467626,0.5,1.230469158236663,-8.557807287733064,28.327338129496404,21.0,21.000000000000004,-3.552713678800501e-15
51191,Washington County,22,Utilities,42.0,70.0,28.0,0.6666666666666666,11.0,10.0,0.00744013020227854,0.6666666666666666,1.230469158236663,-0.9179836897409642,27.687514531504302,28.0,28.0,0.0
51191,Washington County,23,Construction,563.0,887.0,324.0,0.5754884547069272,3.0,18.0,0.13591228420498483,0.5754884547069272,16.494146097315266,60.02446991009119,247.48138399259358,324.0,324.0,0.0
51191,Washington County,31-33,Manufacturing,3245.0,2358.0,-887.0,-0.2733436055469954,20.0,1.0,-0.03237878773034985,-0.2733436055469954,95.06839091614216,-200.1375571011274,-781.9308338150147,-887.0,-887.0,0.0
51191,Washington County,42,Wholesale Trade,633.0,633.0,0.0,0.0,14.0,7.0,-0.05056216076505557,0.0,18.544928027709705,-50.550775791989885,32.005847764280176,0.0,0.0,0.0
51191,Washington County,44-45,Retail Trade,3351.0,3191.0,-160.0,-0.04774694121157863,19.0,2.0,-0.04443155394673292,-0.04774694121157863,98.17386069645374,-247.06399797195576,-11.109862724497978,-160.0,-160.0,0.0
51191,Washington County,48-49,Transportation and Warehousing,915.0,1358.0,443.0,0.48415300546448087,2.0,19.0,0.3346557282617785,0.48415300546448087,26.806649518727298,279.4033418408,136.79000864047268,443.0,443.0,0.0
51191,Washington County,51,Information,148.0,205.0,57.0,0.38513513513513514,9.0,12.0,-0.026894309682406164,0.38513513513513514,4.3359389385482405,-8.316296771544353,60.98035783299612,57.0,57.00000000000001,-7.105427357601002e-15
51191,Washington County,52,Finance and Insurance,412.0,439.0,27.0,0.06553398058252427,12.0,9.0,-0.11480562033484625,0.06553398058252427,12.070316504607264,-59.370232082563916,74.29991557795665,27.0,27.0,0.0
51191,Washington County,53,Real Estate and Rental and Leasing,149.0,123.0,-26.0,-0.174496644295302,16.0,5.0,0.09487335052328227,-0.174496644295302,4.365235823268161,9.770893404700898,-40.13612922796906,-26.0,-26.0,0.0
51191,Washington County,54,"Professional, Scientific, and Technical Services",600.0,523.0,-77.0,-0.12833333333333333,18.0,3.0,0.02597243052605177,-0.12833333333333333,17.57813083195233,-1.9946725163212657,-92.58345831563106,-77.0,-77.0,0.0
51191,Washington County,55,Management of Companies and Enterprises,623.0,547.0,-76.0,-0.12199036918138041,17.0,4.0,0.103242628498516,-0.12199036918138041,18.2519591805105,46.06819837406496,-140.32015755457547,-76.0,-76.00000000000001,1.4210854715202004e-14
51191,Washington County,56,Administrative and Support and Waste Management,521.0,673.0,152.0,0.29174664107485604,5.0,16.0,-0.04737818404344833,0.29174664107485604,15.263676939078604,-39.947710825715184,176.6840338866366,152.0,152.00000000000003,-2.842170943040401e-14
51191,Washington County,61,Educational Services,419.0,465.0,46.0,0.10978520286396182,10.0,11.0,0.02353954608582529,0.10978520286396182,12.275394697646709,-2.4123248876859122,36.13693019003921,46.0,46.00000000000001,-7.105427357601002e-15
51191,Washington County,62,Health Care and Social Assistance,2435.0,3014.0,579.0,0.237782340862423,1.0,20.0,0.13363830856047104,0.237782340862423,71.33791429300653,254.07136705174045,253.59071865525303,579.0,579.0,0.0
51191,Washington County,71,"Arts, Entertainment, and Recreation",297.0,434.0,137.0,0.4612794612794613,6.0,15.0,0.20360393832435444,0.4612794612794613,8.701174761816402,51.769194920516874,76.52963031766674,137.0,137.00000000000003,-2.842170943040401e-14
51191,Washington County,72,Accommodation and Food Services,1718.0,1944.0,226.0,0.13154831199068684,4.0,17.0,-0.018053005411673755,0.13154831199068684,50.332047948823494,-81.347111246079,257.0150632972555,226.0,226.0,0.0
51191,Washington County,81,Other Services,596.0,589.0,-7.0,-0.01174496644295302,15.0,6.0,-0.04100189216848398,-0.01174496644295302,17.460943293072646,-41.898071025489095,17.437127732416453,-7.0,-6.9999999999999964,-3.552713678800501e-15
51191,Washington County,99,Unclassified,76.0,144.0,68.0,0.8947368421052632,8.0,13.0,0.16838424733161575,0.8947368421052632,2.2265632387139616,10.570639558488836,55.20279720279721,68.0,68.0,0.0
51193,Westmoreland County,11,"Agriculture, Forestry, Fishing and Hunting",219.0,186.0,-33.0,-0.1506849315068493,9.0,2.0,-0.0450656018254421,-0.1506849315068493,6.416017753662599,-16.28538455343442,-23.13063320022818,-33.0,-33.0,0.0
51193,Westmoreland County,23,Construction,175.0,224.0,49.0,0.28,2.0,9.0,0.13591228420498483,0.28,5.126954825986095,18.65769490988625,25.21535026412766,49.0,49.0,0.0
51193,Westmoreland County,31-33,Manufacturing,516.0,210.0,-306.0,-0.5930232558139535,10.0,1.0,-0.03237878773034985,-0.5930232558139535,15.117192515479001,-31.824646984339523,-289.2925455311395,-306.0,-306.00000000000006,5.684341886080802e-14
51193,Westmoreland County,42,Wholesale Trade,67.0,45.0,-22.0,-0.3283582089552239,8.0,3.0,-0.05056216076505557,-0.3283582089552239,1.9628912762346766,-5.3505560474933995,-18.61233522874128,-22.0,-22.000000000000004,3.552713678800501e-15
51193,Westmoreland County,44-45,Retail Trade,425.0,460.0,35.0,0.08235294117647059,3.0,8.0,-0.04443155394673292,0.08235294117647059,12.451176005966232,-31.334586433327722,53.88341042736149,35.0,35.0,0.0
51193,Westmoreland County,52,Finance and Insurance,66.0,49.0,-17.0,-0.25757575757575757,7.0,4.0,-0.11480562033484625,-0.25757575757575757,1.933594391514756,-9.510765333614609,-9.422829057900147,-17.0,-17.0,0.0
51193,Westmoreland County,54,"Professional, Scientific, and Technical Services",72.0,129.0,57.0,0.7916666666666666,1.0,10.0,0.02597243052605177,0.7916666666666666,2.1093756998342794,-0.23936070195855189,55.129985002124265,57.0,56.99999999999999,7.105427357601002e-15
51193,Westmoreland County,71,"Arts, Entertainment, and Recreation",64.0,70.0,6.0,0.09375,4.0,7.0,0.20360393832435444,0.09375,1.875000622074915,11.15565143068377,-7.030652052758684,6.0,6.0,0.0
51193,Westmoreland County,72,Accommodation and Food Services,302.0,305.0,3.0,0.009933774834437087,5.0,6.0,-0.018053005411673755,0.009933774834437087,8.847659185416004,-14.299666819741478,8.452007634325474,3.0,3.0,0.0
51193,Westmoreland County,81,Other Services,103.0,103.0,0.0,0.0,6.0,5.0,-0.04100189216848398,0.0,3.017579126151816,-7.240774019505666,4.22319489335385,0.0,8.881784197001252e-16,-8.881784197001252e-16
51195,Wise County,23,Construction,244.0,243.0,-1.0,-0.004098360655737705,5.0,8.0,0.13591228420498483,-0.004098360655737705,7.148439871660613,26.014157474355684,-34.1625973460163,-1.0,-1.0,0.0
51195,Wise County,31-33,Manufacturing,358.0,332.0,-26.0,-0.07262569832402235,6.0,7.0,-0.03237878773034985,-0.07262569832402235,10.488284729731555,-22.0798907371968,-14.408393992534757,-26.0,-26.0,0.0
51195,Wise County,42,Wholesale Trade,268.0,230.0,-38.0,-0.1417910447761194,7.0,6.0,-0.05056216076505557,-0.1417910447761194,7.8515651049387065,-21.402224189973598,-24.449340914965106,-38.0,-38.0,0.0
51195,Wise County,44-45,Retail Trade,1889.0,1671.0,-218.0,-0.11540497617787189,11.0,2.0,-0.04443155394673292,-0.11540497617787189,55.34181523592991,-139.2730206413084,-134.06879459462152,-218.0,-218.0,0.0
51195,Wise County,51,Information,143.0,46.0,-97.0,-0.6783216783216783,9.0,4.0,-0.026894309682406164,-0.6783216783216783,4.189454514948638,-8.03534079953272,-93.15411371541592,-97.0,-97.0,0.0
51195,Wise County,52,Finance and Insurance,248.0,208.0,-40.0,-0.16129032258064516,8.0,5.0,-0.11480562033484625,-0.16129032258064516,7.265627410540295,-35.73742125358216,-11.528206156958131,-40.0,-40.0,0.0
51195,Wise County,53,Real Estate and Rental and Leasing,49.0,51.0,2.0,0.04081632653061224,4.0,9.0,0.09487335052328227,0.04081632653061224,1.4355473512761068,3.2132468243647243,-2.6487941756408317,2.0,1.9999999999999996,4.440892098500626e-16
51195,Wise County,56,Administrative and Support and Waste Management,1084.0,680.0,-404.0,-0.3726937269372694,12.0,1.0,-0.04737818404344833,-0.3726937269372694,31.757823036393873,-83.11577453949187,-352.642048496902,-404.0,-404.0,0.0
51195,Wise County,61,Educational Services,14.0,25.0,11.0,0.7857142857142857,3.0,10.0,0.02353954608582529,0.7857142857142857,0.41015638607888766,-0.08060274087733359,10.670446354798445,11.0,10.999999999999998,1.7763568394002505e-15
51195,Wise County,62,Health Care and Social Assistance,1652.0,1493.0,-159.0,-0.09624697336561744,10.0,3.0,0.13363830856047104,-0.09624697336561744,48.39845355730874,172.37203218458941,-379.77048574189814,-159.0,-159.0,0.0
51195,Wise County,81,Other Services,134.0,149.0,15.0,0.11194029850746269,2.0,11.0,-0.04100189216848398,0.11194029850746269,3.9257825524693533,-9.420036103046206,20.494253550576854,15.0,15.000000000000002,-1.7763568394002505e-15
51195,Wise County,99,Unclassified,9.0,34.0,25.0,2.7777777777777777,1.0,12.0,0.16838424733161575,2.7777777777777777,0.2636719624792849,1.251786263505257,23.484541774015458,25.0,25.0,0.0
51197,Wythe County,11,"Agriculture, Forestry, Fishing and Hunting",50.0,54.0,4.0,0.08,5.0,8.0,-0.0450656018254421,0.08,1.4648442359960272,-3.7181243272681326,6.253280091272105,4.0,3.999999999999999,8.881784197001252e-16
51197,Wythe County,21,"Mining, Quarrying, and Oil and Gas Extraction",115.0,136.0,21.0,0.1826086956521739,4.0,10.0,-0.17446043165467626,0.1826086956521739,3.3691417427908625,-23.43209138307863,41.06294964028777,21.0,21.0,0.0
51197,Wythe County,23,Construction,419.0,324.0,-95.0,-0.22673031026252982,13.0,1.0,0.13591228420498483,-0.22673031026252982,12.275394697646709,44.67185238424193,-151.94724708188866,-95.0,-95.00000000000003,2.842170943040401e-14
51197,Wythe County,31-33,Manufacturing,2302.0,2519.0,217.0,0.09426585577758471,1.0,13.0,-0.03237878773034985,0.09426585577758471,67.44142862525709,-141.97739798052245,291.53596935526537,217.0,217.0,0.0
51197,Wythe County,44-45,Retail Trade,1813.0,1724.0,-89.0,-0.049089906232763374,12.0,2.0,-0.04443155394673292,-0.049089906232763374,53.11525199721595,-133.6696593026427,-8.445592694573213,-89.0,-88.99999999999997,-2.842170943040401e-14
51197,Wythe County,51,Information,46.0,21.0,-25.0,-0.5434782608695652,11.0,3.0,-0.026894309682406164,-0.5434782608695652,1.347656697116345,-2.584794942507029,-23.762861754609318,-25.0,-25.000000000000004,3.552713678800501e-15
51197,Wythe County,52,Finance and Insurance,215.0,198.0,-17.0,-0.07906976744186046,8.0,5.0,-0.11480562033484625,-0.07906976744186046,6.298830214782917,-30.98203858677486,7.683208371991943,-17.0,-17.0,0.0
51197,Wythe County,53,Real Estate and Rental and Leasing,74.0,67.0,-7.0,-0.0945945945945946,7.0,7.0,0.09487335052328227,-0.0945945945945946,2.1679694692741203,4.852658469448768,-14.020627938722889,-7.0,-7.000000000000001,8.881784197001252e-16
51197,Wythe County,56,Administrative and Support and Waste Management,433.0,483.0,50.0,0.11547344110854503,3.0,11.0,-0.04737818404344833,0.11547344110854503,12.685551083725596,-33.20030477453872,70.51475369081312,50.0,50.0,0.0
51197,Wythe County,71,"Arts, Entertainment, and Recreation",97.0,78.0,-19.0,-0.1958762886597938,10.0,4.0,0.20360393832435444,-0.1958762886597938,2.841797817832293,16.90778419963009,-38.74958201746238,-19.0,-18.999999999999996,-3.552713678800501e-15
51197,Wythe County,72,Accommodation and Food Services,1299.0,1404.0,105.0,0.08083140877598152,2.0,12.0,-0.018053005411673755,0.08083140877598152,38.05665325117679,-61.50750728094099,128.4508540297642,105.0,105.0,0.0
51197,Wythe County,81,Other Services,242.0,246.0,4.0,0.01652892561983471,6.0,9.0,-0.04100189216848398,0.01652892561983471,7.089846102220772,-17.012304006993894,13.922457904773124,4.0,4.000000000000002,-1.7763568394002505e-15
51197,Wythe County,99,Unclassified,41.0,24.0,-17.0,-0.4146341463414634,9.0,6.0,0.16838424733161575,-0.4146341463414634,1.2011722735167423,5.702581867079504,-23.903754140596245,-17.0,-17.0,0.0
51199,York County,11,"Agriculture, Forestry, Fishing and Hunting",11.0,14.0,3.0,0.2727272727272727,10.0,10.0,-0.0450656018254421,0.2727272727272727,0.322265731919126,-0.8179873519989891,3.495721620079863,3.0,3.0,0.0
51199,York County,22,Utilities,61.0,34.0,-27.0,-0.4426229508196721,12.0,8.0,0.00744013020227854,-0.4426229508196721,1.7871099679151532,-1.3332620255761622,-27.45384794233899,-27.0,-26.999999999999996,-3.552713678800501e-15
51199,York County,23,Construction,1488.0,1646.0,158.0,0.10618279569892473,5.0,15.0,0.13591228420498483,0.10618279569892473,43.59376446324177,158.64371443377564,-44.23747889701742,158.0,158.0,0.0
51199,York County,31-33,Manufacturing,363.0,506.0,143.0,0.3939393939393939,6.0,14.0,-0.03237878773034985,0.3939393939393939,10.634769153331158,-22.388269099448152,154.753499946117,143.0,143.0,0.0
51199,York County,42,Wholesale Trade,326.0,318.0,-8.0,-0.024539877300613498,11.0,9.0,-0.05056216076505557,-0.024539877300613498,9.550784418694098,-26.034048828102215,8.483264409408115,-8.0,-8.0,0.0
51199,York County,44-45,Retail Trade,3628.0,3444.0,-184.0,-0.050716648291069456,16.0,4.0,-0.04443155394673292,-0.050716648291069456,106.28909776387174,-267.4867754826188,-22.802322281252955,-184.0,-184.0,0.0
51199,York County,48-49,Transportation and Warehousing,375.0,331.0,-44.0,-0.11733333333333333,14.0,5.0,0.3346557282617785,-0.11733333333333333,10.986331769970205,114.50956632819673,-169.49589809816692,-44.0,-43.999999999999986,-1.4210854715202004e-14
51199,York County,51,Information,74.0,30.0,-44.0,-0.5945945945945946,15.0,6.0,-0.026894309682406164,-0.5945945945945946,2.1679694692741203,-4.158148385772177,-42.00982108350195,-44.0,-44.0,0.0
51199,York County,52,Finance and Insurance,294.0,255.0,-39.0,-0.1326530612244898,13.0,7.0,-0.11480562033484625,-0.1326530612244898,8.613284107656641,-42.36613648610144,-5.247147621555206,-39.0,-39.00000000000001,7.105427357601002e-15
51199,York County,53,Real Estate and Rental and Leasing,325.0,329.0,4.0,0.012307692307692308,9.0,11.0,0.09487335052328227,0.012307692307692308,9.521487533974177,21.312351386092562,-26.83383892006674,4.0,4.0,0.0
51199,York County,54,"Professional, Scientific, and Technical Services",1307.0,1543.0,236.0,0.180566182096404,3.0,17.0,0.02597243052605177,0.180566182096404,38.29102832893615,-4.34506163138649,202.05403330245034,236.0,236.0,0.0
51199,York County,55,Management of Companies and Enterprises,391.0,412.0,21.0,0.05370843989769821,8.0,12.0,0.103242628498516,0.05370843989769821,11.455081925488933,28.91278581743082,-19.367867742919753,21.0,21.000000000000004,-3.552713678800501e-15
51199,York County,56,Administrative and Support and Waste Management,1753.0,1309.0,-444.0,-0.253280091272105,18.0,2.0,-0.04737818404344833,-0.253280091272105,51.35743891402072,-134.41139554218566,-360.9460433718351,-444.0,-444.00000000000006,5.684341886080802e-14
51199,York County,61,Educational Services,128.0,288.0,160.0,1.25,4.0,16.0,0.02353954608582529,1.25,3.75000124414983,-0.7369393451641928,156.98693810101437,160.0,160.0,0.0
51199,York County,62,Health Care and Social Assistance,1479.0,2772.0,1293.0,0.8742393509127789,1.0,19.0,0.13363830856047104,0.8742393509127789,43.33009250076249,154.32096586017417,1095.3489416390635,1293.0,1293.0,0.0
51199,York County,71,"Arts, Entertainment, and Recreation",328.0,687.0,359.0,1.0945121951219512,2.0,18.0,0.20360393832435444,1.0945121951219512,9.609378188133938,57.172713582254325,292.21790822961174,359.0,359.0,0.0
51199,York County,72,Accommodation and Food Services,3810.0,3310.0,-500.0,-0.13123359580052493,19.0,1.0,-0.018053005411673755,-0.13123359580052493,111.62113078289728,-180.40308140137427,-431.218049381523,-500.0,-499.99999999999994,-5.684341886080802e-14
51199,York County,81,Other Services,994.0,787.0,-207.0,-0.20824949698189135,17.0,3.0,-0.04100189216848398,-0.20824949698189135,29.121103411601023,-69.8769842270741,-166.2441191845269,-207.0,-207.0,0.0
51199,York County,99,Unclassified,25.0,85.0,60.0,2.4,7.0,13.0,0.16838424733161575,2.4,0.7324221179980136,3.47718406529238,55.7903938167096,60.0,60.0,0.0
51510,Alexandria city,23,Construction,1938.0,2196.0,258.0,0.13312693498452013,4.0,10.0,0.13591228420498483,0.13312693498452013,56.777362587206014,206.62064420205456,-5.398006789260578,258.0,258.0,0.0
51510,Alexandria city,44-45,Retail Trade,7443.0,6456.0,-987.0,-0.13260781942765015,11.0,3.0,-0.04443155394673292,-0.13260781942765015,218.0567129703686,-548.7607689959017,-656.2959439744669,-987.0,-987.0,0.0
51510,Alexandria city,48-49,Transportation and Warehousing,2236.0,1402.0,-834.0,-0.37298747763864043,10.0,4.0,0.3346557282617785,-0.37298747763864043,65.50783423374234,682.7823741595944,-1582.2902083933368,-834.0,-834.0000000000001,1.1368683772161603e-13
51510,Alexandria city,52,Finance and Insurance,2494.0,1993.0,-501.0,-0.20088211708099438,8.0,6.0,-0.11480562033484625,-0.20088211708099438,73.06643049148184,-359.3916476065884,-214.67478288489343,-501.0,-500.99999999999994,-5.684341886080802e-14
51510,Alexandria city,53,Real Estate and Rental and Leasing,1578.0,2077.0,499.0,0.3162230671736375,2.0,12.0,0.09487335052328227,0.3162230671736375,46.23048408803462,103.4796630377048,349.2898528742606,499.0,499.0,0.0
51510,Alexandria city,54,"Professional, Scientific, and Technical Services",16222.0,12688.0,-3534.0,-0.21785229934656639,13.0,1.0,0.02597243052605177,-0.21785229934656639,475.2540639265511,-53.92929593293929,-3955.3247679936117,-3534.0,-3534.0,0.0
51510,Alexandria city,55,Management of Companies and Enterprises,923.0,385.0,-538.0,-0.5828819068255688,9.0,5.0,0.103242628498516,-0.5828819068255688,27.041024596486665,68.2519215076436,-633.2929461041302,-538.0,-538.0,0.0
51510,Alexandria city,56,Administrative and Support and Waste Management,4890.0,4569.0,-321.0,-0.0656441717791411,6.0,8.0,-0.04737818404344833,-0.0656441717791411,143.26176628041148,-374.94108625287384,-89.32068002753763,-321.0,-321.0,0.0
51510,Alexandria city,61,Educational Services,1395.0,1667.0,272.0,0.1949820788530466,3.0,11.0,0.02353954608582529,0.1949820788530466,40.86915418428916,-8.031487394562882,239.16233321027374,272.0,272.0,0.0
51510,Alexandria city,62,Health Care and Social Assistance,6799.0,8813.0,2014.0,0.29622003235769967,1.0,13.0,0.13363830856047104,0.29622003235769967,199.1895192107398,709.4173406919028,1105.3931400973574,2014.0,2014.0,0.0
51510,Alexandria city,71,"Arts, Entertainment, and Recreation",878.0,717.0,-161.0,-0.18337129840546698,5.0,9.0,0.20360393832435444,-0.18337129840546698,25.722664784090238,153.04159306469296,-339.7642578487832,-161.0,-161.0,0.0
51510,Alexandria city,72,Accommodation and Food Services,8564.0,8128.0,-436.0,-0.05091078935077067,7.0,7.0,-0.018053005411673755,-0.05091078935077067,250.89852074139955,-405.50445908697355,-281.39406165442597,-436.0,-436.0,0.0
51510,Alexandria city,81,Other Services,9888.0,8298.0,-1590.0,-0.16080097087378642,12.0,2.0,-0.04100189216848398,-0.16080097087378642,289.68759611057436,-695.1143058725439,-1184.5732902380305,-1590.0,-1590.0,0.0
51520,Bristol city,31-33,Manufacturing,1098.0,1531.0,433.0,0.39435336976320584,2.0,10.0,-0.03237878773034985,0.39435336976320584,32.16797942247276,-67.71988835039689,468.55190892792416,433.0,433.00000000000006,-5.684341886080802e-14
51520,Bristol city,44-45,Retail Trade,1444.0,1228.0,-216.0,-0.14958448753462603,11.0,1.0,-0.04443155394673292,-0.14958448753462603,42.304701535565265,-106.4638654346476,-151.84083610091764,-216.0,-215.99999999999997,-2.842170943040401e-14
51520,Bristol city,48-49,Transportation and Warehousing,366.0,873.0,507.0,1.3852459016393444,1.0,11.0,0.3346557282617785,1.3852459016393444,10.72265980749092,111.76133673632,384.5160034561891,507.0,507.0,0.0
51520,Bristol city,52,Finance and Insurance,303.0,270.0,-33.0,-0.10891089108910891,9.0,3.0,-0.11480562033484625,-0.10891089108910891,8.876956070135925,-43.66305903159434,1.7861029614584123,-33.0,-33.0,0.0
51520,Bristol city,53,Real Estate and Rental and Leasing,25.0,35.0,10.0,0.4,7.0,5.0,0.09487335052328227,0.4,0.7324221179980136,1.639411645084043,7.628166236917943,10.0,10.0,0.0
51520,Bristol city,54,"Professional, Scientific, and Technical Services",142.0,218.0,76.0,0.5352112676056338,4.0,8.0,0.02597243052605177,0.5352112676056338,4.160157630228717,-0.4720724955293662,72.31191486530064,76.0,75.99999999999999,1.4210854715202004e-14
51520,Bristol city,55,Management of Companies and Enterprises,66.0,65.0,-1.0,-0.015151515151515152,8.0,4.0,0.103242628498516,-0.015151515151515152,1.933594391514756,4.880419089387299,-7.814013480902056,-1.0,-1.0000000000000009,8.881784197001252e-16
51520,Bristol city,56,Administrative and Support and Waste Management,226.0,291.0,65.0,0.28761061946902655,5.0,7.0,-0.04737818404344833,0.28761061946902655,6.621095946702043,-17.328565540521367,75.70746959381933,65.0,65.0,0.0
51520,Bristol city,61,Educational Services,68.0,96.0,28.0,0.4117647058823529,6.0,6.0,0.02353954608582529,0.4117647058823529,1.992188160954597,-0.3914990271184774,26.399310866163876,28.0,27.999999999999996,3.552713678800501e-15
51520,Bristol city,62,Health Care and Social Assistance,862.0,1141.0,279.0,0.3236658932714617,3.0,9.0,0.13363830856047104,0.3236658932714617,25.25391462857151,89.94230735055453,163.80377802087398,279.0,279.0,0.0
51520,Bristol city,81,Other Services,288.0,226.0,-62.0,-0.2152777777777778,10.0,2.0,-0.04100189216848398,-0.2152777777777778,8.437502799337118,-20.2460477438605,-50.19145505547662,-62.0,-62.0,0.0
51530,Buena Vista city,44-45,Retail Trade,153.0,136.0,-17.0,-0.1111111111111111,2.0,1.0,-0.04443155394673292,-0.1111111111111111,4.482423362147843,-11.28045111599798,-10.201972246149861,-17.0,-17.0,0.0
51530,Buena Vista city,52,Finance and Insurance,24.0,19.0,-5.0,-0.20833333333333334,1.0,2.0,-0.11480562033484625,-0.20833333333333334,0.7031252332780931,-3.458460121314403,-2.2446651119636902,-5.0,-5.0,0.0
51540,Charlottesville city,23,Construction,1800.0,1379.0,-421.0,-0.2338888888888889,13.0,4.0,0.13591228420498483,-0.2338888888888889,52.73439249585698,191.90771907311571,-665.6421115689727,-421.0,-421.0,0.0
51540,Charlottesville city,31-33,Manufacturing,776.0,911.0,135.0,0.17396907216494845,4.0,13.0,-0.03237878773034985,0.17396907216494845,22.734382542658345,-47.860321821409826,160.12593927875147,135.0,135.0,0.0
51540,Charlottesville city,42,Wholesale Trade,705.0,762.0,57.0,0.08085106382978724,6.0,11.0,-0.05056216076505557,0.08085106382978724,20.654303727543983,-56.30062706690816,92.64632333936419,57.0,57.00000000000001,-7.105427357601002e-15
51540,Charlottesville city,44-45,Retail Trade,3243.0,2773.0,-470.0,-0.14492753623188406,14.0,3.0,-0.04443155394673292,-0.14492753623188406,95.00979714670233,-239.10132659595718,-325.9084705507451,-470.0,-469.99999999999994,-5.684341886080802e-14
51540,Charlottesville city,51,Information,1245.0,621.0,-624.0,-0.5012048192771085,15.0,2.0,-0.026894309682406164,-0.5012048192771085,36.47462147630108,-69.95803703089676,-590.5165844454044,-624.0,-624.0000000000001,1.1368683772161603e-13
51540,Charlottesville city,52,Finance and Insurance,1598.0,1242.0,-356.0,-0.2227784730913642,12.0,5.0,-0.11480562033484625,-0.2227784730913642,46.81642178243303,-230.27580307751734,-172.5406187049157,-356.0,-356.0,0.0
51540,Charlottesville city,53,Real Estate and Rental and Leasing,536.0,576.0,40.0,0.07462686567164178,8.0,9.0,0.09487335052328227,0.07462686567164178,15.703130209877413,35.14898567060188,-10.852115880479303,40.0,39.99999999999999,7.105427357601002e-15
51540,Charlottesville city,54,"Professional, Scientific, and Technical Services",2890.0,2933.0,43.0,0.014878892733564015,7.0,10.0,0.02597243052605177,0.014878892733564015,84.66799684057038,-9.607672620280763,-32.06032422028961,43.0,43.00000000000001,-7.105427357601002e-15
51540,Charlottesville city,55,Management of Companies and Enterprises,474.0,538.0,64.0,0.1350210970464135,5.0,12.0,0.103242628498516,0.1350210970464135,13.886723357242339,35.050282551054245,15.062994091703413,64.0,64.0,0.0
51540,Charlottesville city,56,Administrative and Support and Waste Management,2562.0,1920.0,-642.0,-0.2505854800936768,16.0,1.0,-0.04737818404344833,-0.2505854800936768,75.05861865243644,-196.44152617175106,-520.6170924806853,-642.0,-641.9999999999999,-1.1368683772161603e-13
51540,Charlottesville city,61,Educational Services,726.0,978.0,252.0,0.34710743801652894,1.0,16.0,0.02353954608582529,0.34710743801652894,21.269538306662316,-4.179827848353156,234.91028954169082,252.0,251.99999999999997,2.842170943040401e-14
51540,Charlottesville city,62,Health Care and Social Assistance,3442.0,3667.0,225.0,0.06536897152818129,3.0,14.0,0.13363830856047104,0.06536897152818129,100.83987720596652,359.1431808591748,-234.98305806514134,225.0,224.99999999999994,5.684341886080802e-14
51540,Charlottesville city,71,"Arts, Entertainment, and Recreation",565.0,796.0,231.0,0.4088495575221239,2.0,15.0,0.20360393832435444,0.4088495575221239,16.552739866755108,98.48348528650516,115.96377484673972,231.0,231.0,0.0
51540,Charlottesville city,72,Accommodation and Food Services,5885.0,5579.0,-306.0,-0.05199660152931181,11.0,6.0,-0.018053005411673755,-0.05199660152931181,172.4121665767324,-278.65410342443244,-199.75806315229997,-306.0,-306.0,0.0
51540,Charlottesville city,81,Other Services,2251.0,1984.0,-267.0,-0.11861394935584185,10.0,7.0,-0.04100189216848398,-0.11861394935584185,65.94728750454115,-158.2425467757986,-174.70474072874256,-267.0,-267.0,0.0
51540,Charlottesville city,99,Unclassified,100.0,122.0,22.0,0.22,9.0,8.0,0.16838424733161575,0.22,2.9296884719920544,13.90873626116952,5.161575266838425,22.0,22.0,0.0
51550,Chesapeake city,11,"Agriculture, Forestry, Fishing and Hunting",149.0,63.0,-86.0,-0.5771812080536913,13.0,8.0,-0.0450656018254421,-0.5771812080536913,4.365235823268161,-11.080010495259035,-79.28522532800915,-86.0,-86.00000000000003,2.842170943040401e-14
51550,Chesapeake city,21,"Mining, Quarrying, and Oil and Gas Extraction",62.0,60.0,-2.0,-0.03225806451612903,12.0,9.0,-0.17446043165467626,-0.03225806451612903,1.8164068526350738,-12.632953615225,8.816546762589928,-2.0,-1.9999999999999982,-1.7763568394002505e-15
51550,Chesapeake city,22,Utilities,129.0,137.0,8.0,0.06201550387596899,11.0,10.0,0.00744013020227854,0.06201550387596899,3.7792981288697503,-2.8195213327758184,7.040223203906068,8.0,8.0,0.0
51550,Chesapeake city,23,Construction,8783.0,10006.0,1223.0,0.13924627120573835,3.0,18.0,0.13591228420498483,0.13924627120573835,257.31453849506215,936.4030536773196,29.282407827618155,1223.0,1222.9999999999998,2.2737367544323206e-13
51550,Chesapeake city,31-33,Manufacturing,5142.0,5515.0,373.0,0.07253986775573706,6.0,15.0,-0.03237878773034985,0.07253986775573706,150.64458122983146,-317.1363077392904,539.491726509459,373.0,373.0000000000001,-1.1368683772161603e-13
51550,Chesapeake city,42,Wholesale Trade,3904.0,3699.0,-205.0,-0.052510245901639344,16.0,5.0,-0.05056216076505557,-0.052510245901639344,114.3750379465698,-311.7697135733468,-7.605324373223055,-205.0,-205.00000000000003,2.842170943040401e-14
51550,Chesapeake city,44-45,Retail Trade,15523.0,12904.0,-2619.0,-0.16871738710300843,20.0,1.0,-0.04443155394673292,-0.16871738710300843,454.77554150732664,-1144.4865534224616,-1929.2889880848647,-2619.0,-2619.0,0.0
51550,Chesapeake city,48-49,Transportation and Warehousing,4349.0,8157.0,3808.0,0.8756035870315015,1.0,20.0,0.3346557282617785,0.8756035870315015,127.41215164693445,1328.0056105635401,2352.5822377895256,3808.0,3808.0,0.0
51550,Chesapeake city,51,Information,2120.0,1824.0,-296.0,-0.13962264150943396,17.0,4.0,-0.026894309682406164,-0.13962264150943396,62.10939560623156,-119.12533213293263,-238.98406347329893,-296.0,-296.0,0.0
51550,Chesapeake city,52,Finance and Insurance,3425.0,3259.0,-166.0,-0.048467153284671535,15.0,6.0,-0.11480562033484625,-0.048467153284671535,100.34183016572787,-493.5510798125763,227.20924964684838,-166.0,-166.00000000000006,5.684341886080802e-14
51550,Chesapeake city,53,Real Estate and Rental and Leasing,1376.0,1518.0,142.0,0.10319767441860465,8.0,13.0,0.09487335052328227,0.10319767441860465,40.312513374610674,90.23321694542574,11.454269679963595,142.0,142.0,0.0
51550,Chesapeake city,54,"Professional, Scientific, and Technical Services",7222.0,7066.0,-156.0,-0.02160066463583495,14.0,7.0,0.02597243052605177,-0.02160066463583495,211.58210144726618,-24.0092081881203,-343.5728932591459,-156.0,-156.00000000000006,5.684341886080802e-14
51550,Chesapeake city,55,Management of Companies and Enterprises,1942.0,2425.0,483.0,0.24871266735324407,4.0,17.0,0.103242628498516,0.24871266735324407,56.8945501260857,143.60263441803235,282.50281545588194,483.0,483.0,0.0
51550,Chesapeake city,56,Administrative and Support and Waste Management,7428.0,6829.0,-599.0,-0.08064081852450189,19.0,2.0,-0.04737818404344833,-0.08064081852450189,217.61725969956981,-569.542410774304,-247.07484892526583,-599.0,-599.0,0.0
51550,Chesapeake city,61,Educational Services,927.0,1124.0,197.0,0.21251348435814454,7.0,14.0,0.02353954608582529,0.21251348435814454,27.158212135366345,-5.3370529138063025,175.17884077843996,197.0,197.0,0.0
51550,Chesapeake city,62,Health Care and Social Assistance,9044.0,11326.0,2282.0,0.25232198142414863,2.0,19.0,0.13363830856047104,0.25232198142414863,264.9610254069614,943.6638372139387,1073.3751373791001,2282.0,2282.0,0.0
51550,Chesapeake city,71,"Arts, Entertainment, and Recreation",985.0,1393.0,408.0,0.41421319796954315,5.0,16.0,0.20360393832435444,0.41421319796954315,28.857431449121737,171.6924478003674,207.45012075051088,408.0,408.0,0.0
51550,Chesapeake city,72,Accommodation and Food Services,10039.0,10080.0,41.0,0.004084072118736926,10.0,11.0,-0.018053005411673755,0.004084072118736926,294.11142570328235,-475.34554703107517,222.2341213277928,41.0,40.99999999999997,2.842170943040401e-14
51550,Chesapeake city,81,Other Services,4098.0,3548.0,-550.0,-0.13421181063933627,18.0,3.0,-0.04100189216848398,-0.13421181063933627,120.05863358223439,-288.0843876886817,-381.9742458935526,-550.0,-550.0,0.0
51550,Chesapeake city,99,Unclassified,211.0,309.0,98.0,0.46445497630331756,9.0,12.0,0.16838424733161575,0.46445497630331756,6.181642675903235,29.347433511067692,62.47092381302909,98.0,98.00000000000001,-1.4210854715202004e-14
51570,Colonial Heights city,42,Wholesale Trade,222.0,250.0,28.0,0.12612612612612611,2.0,8.0,-0.05056216076505557,0.12612612612612611,6.503908407822361,-17.728708097664697,39.224799689842335,28.0,28.0,0.0
51570,Colonial Heights city,44-45,Retail Trade,2904.0,2645.0,-259.0,-0.08918732782369146,9.0,1.0,-0.04443155394673292,-0.08918732782369146,85.07815322664926,-214.10738588796164,-129.9707673386876,-259.0,-259.0,0.0
51570,Colonial Heights city,48-49,Transportation and Warehousing,76.0,27.0,-49.0,-0.6447368421052632,5.0,5.0,0.3346557282617785,-0.6447368421052632,2.2265632387139616,23.207272109181204,-74.43383534789517,-49.0,-49.0,0.0
51570,Colonial Heights city,52,Finance and Insurance,232.0,228.0,-4.0,-0.017241379310344827,4.0,6.0,-0.11480562033484625,-0.017241379310344827,6.796877255021567,-33.4317811727059,22.63490391768433,-4.0,-4.0,0.0
51570,Colonial Heights city,53,Real Estate and Rental and Leasing,149.0,176.0,27.0,0.18120805369127516,3.0,7.0,0.09487335052328227,0.18120805369127516,4.365235823268161,9.770893404700898,12.863870772030939,27.0,27.0,0.0
51570,Colonial Heights city,56,Administrative and Support and Waste Management,372.0,264.0,-108.0,-0.2903225806451613,7.0,3.0,-0.04737818404344833,-0.2903225806451613,10.898441115810442,-28.523125579973225,-90.37531553583722,-108.0,-108.0,0.0
51570,Colonial Heights city,71,"Arts, Entertainment, and Recreation",197.0,143.0,-54.0,-0.27411167512690354,6.0,4.0,0.20360393832435444,-0.27411167512690354,5.771486289824347,34.338489560073484,-94.10997584989782,-54.0,-53.99999999999999,-7.105427357601002e-15
51570,Colonial Heights city,72,Accommodation and Food Services,2155.0,2013.0,-142.0,-0.06589327146171693,8.0,2.0,-0.018053005411673755,-0.06589327146171693,63.134786571428776,-102.0390132335857,-103.09577333784304,-142.0,-141.99999999999997,-2.842170943040401e-14
51570,Colonial Heights city,81,Other Services,384.0,418.0,34.0,0.08854166666666667,1.0,9.0,-0.04100189216848398,0.08854166666666667,11.250003732449489,-26.994730325147337,49.744726592697845,34.0,34.0,0.0
51580,Covington city,44-45,Retail Trade,509.0,544.0,35.0,0.068762278978389,1.0,5.0,-0.04443155394673292,0.068762278978389,14.912114322439558,-37.52777528132661,57.615660958887055,35.0,35.0,0.0
51580,Covington city,52,Finance and Insurance,94.0,88.0,-6.0,-0.06382978723404255,3.0,3.0,-0.11480562033484625,-0.06382978723404255,2.7539071636725314,-13.545635475148078,4.791728311475548,-6.0,-5.999999999999999,-8.881784197001252e-16
51580,Covington city,53,Real Estate and Rental and Leasing,30.0,26.0,-4.0,-0.13333333333333333,2.0,4.0,0.09487335052328227,-0.13333333333333333,0.8789065415976164,1.9672939741008517,-6.846200515698468,-4.0,-4.0,0.0
51580,Covington city,56,Administrative and Support and Waste Management,114.0,53.0,-61.0,-0.5350877192982456,5.0,1.0,-0.04737818404344833,-0.5350877192982456,3.339844858070942,-8.740957839024052,-55.59888701904689,-61.0,-61.0,0.0
51580,Covington city,81,Other Services,148.0,114.0,-34.0,-0.22972972972972974,4.0,2.0,-0.04100189216848398,-0.22972972972972974,4.3359389385482405,-10.40421897948387,-27.93171995906437,-34.0,-34.0,0.0
51590,Danville city,31-33,Manufacturing,3936.0,3341.0,-595.0,-0.15116869918699186,13.0,1.0,-0.03237878773034985,-0.15116869918699186,115.31253825760727,-242.75544676426426,-467.5570914933429,-595.0,-594.9999999999999,-1.1368683772161603e-13
51590,Danville city,42,Wholesale Trade,580.0,560.0,-20.0,-0.034482758620689655,7.0,7.0,-0.05056216076505557,-0.034482758620689655,16.992193137553915,-46.31824638128615,9.32605324373223,-20.0,-20.000000000000007,7.105427357601002e-15
51590,Danville city,44-45,Retail Trade,3830.0,3645.0,-185.0,-0.048302872062663184,10.0,4.0,-0.04443155394673292,-0.048302872062663184,112.20706847729569,-282.37992009328275,-14.827148384012911,-185.0,-184.99999999999994,-5.684341886080802e-14
51590,Danville city,52,Finance and Insurance,556.0,584.0,28.0,0.050359712230215826,5.0,9.0,-0.11480562033484625,0.050359712230215826,16.289067904275825,-80.12099281045033,91.83192490617452,28.0,28.000000000000014,-1.4210854715202004e-14
51590,Danville city,53,Real Estate and Rental and Leasing,239.0,358.0,119.0,0.497907949790795,3.0,11.0,0.09487335052328227,0.497907949790795,7.00195544806101,15.672775327003452,96.32526922493554,119.0,119.0,0.0
51590,Danville city,54,"Professional, Scientific, and Technical Services",593.0,689.0,96.0,0.16188870151770657,4.0,10.0,0.02597243052605177,0.16188870151770657,17.373052638912885,-1.9714013369641843,80.5983486980513,96.0,96.0,0.0
51590,Danville city,55,Management of Companies and Enterprises,225.0,181.0,-44.0,-0.19555555555555557,8.0,6.0,0.103242628498516,-0.19555555555555557,6.5917990619821225,16.637792350183975,-67.2295914121661,-44.0,-44.0,0.0
51590,Danville city,56,Administrative and Support and Waste Management,1319.0,1176.0,-143.0,-0.10841546626231995,9.0,5.0,-0.04737818404344833,-0.10841546626231995,38.6425909455752,-101.13441569888356,-80.50817524669166,-143.0,-143.00000000000003,2.842170943040401e-14
51590,Danville city,61,Educational Services,593.0,397.0,-196.0,-0.3305227655986509,11.0,3.0,0.02353954608582529,-0.3305227655986509,17.373052638912885,-3.414101810018487,-209.9589508288944,-196.0,-196.0,0.0
51590,Danville city,62,Health Care and Social Assistance,5178.0,4660.0,-518.0,-0.10003862495171881,12.0,2.0,0.13363830856047104,-0.10003862495171881,151.69926907974857,540.2798926463704,-1209.979161726119,-518.0,-518.0,0.0
51590,Danville city,71,"Arts, Entertainment, and Recreation",119.0,122.0,3.0,0.025210084033613446,6.0,8.0,0.20360393832435444,0.025210084033613446,3.486329281670545,20.742539378927635,-21.22886866059818,3.0,3.0,0.0
51590,Danville city,72,Accommodation and Food Services,2850.0,3971.0,1121.0,0.3933333333333333,1.0,13.0,-0.018053005411673755,0.3933333333333333,83.49612145177356,-134.94718687504374,1172.4510654232702,1121.0,1121.0,0.0
51590,Danville city,81,Other Services,717.0,865.0,148.0,0.20641562064156208,2.0,12.0,-0.04100189216848398,0.20641562064156208,21.00586634418303,-50.404223028986046,177.39835668480302,148.0,148.0,0.0
51595,Emporia city,44-45,Retail Trade,553.0,562.0,9.0,0.0162748643761302,2.0,4.0,-0.04443155394673292,0.0162748643761302,16.20117725011606,-40.771826582659365,33.570649332543304,9.0,9.0,0.0
51595,Emporia city,52,Finance and Insurance,54.0,44.0,-10.0,-0.18518518518518517,3.0,3.0,-0.11480562033484625,-0.18518518518518517,1.5820317748757096,-7.781535272957407,-3.8004965019183024,-10.0,-10.0,0.0
51595,Emporia city,53,Real Estate and Rental and Leasing,48.0,23.0,-25.0,-0.5208333333333334,5.0,1.0,0.09487335052328227,-0.5208333333333334,1.4062504665561861,3.1476703585613626,-29.55392082511755,-25.0,-25.0,0.0
51595,Emporia city,56,Administrative and Support and Waste Management,114.0,199.0,85.0,0.7456140350877193,1.0,5.0,-0.04737818404344833,0.7456140350877193,3.339844858070942,-8.740957839024052,90.4011129809531,85.0,84.99999999999999,1.4210854715202004e-14
51595,Emporia city,62,Health Care and Social Assistance,881.0,860.0,-21.0,-0.02383654937570942,4.0,2.0,0.13363830856047104,-0.02383654937570942,25.81055543825,91.92479440352498,-138.735349841775,-21.0,-21.0,0.0
51600,Fairfax city,42,Wholesale Trade,161.0,159.0,-2.0,-0.012422360248447204,8.0,5.0,-0.05056216076505557,-0.012422360248447204,4.716798439907208,-12.857306323081154,6.140507883173948,-2.0,-1.9999999999999982,-1.7763568394002505e-15
51600,Fairfax city,44-45,Retail Trade,3338.0,3170.0,-168.0,-0.05032953864589575,12.0,1.0,-0.04443155394673292,-0.05032953864589575,97.79300119509477,-246.10552826928927,-19.687472925805515,-168.0,-168.0,0.0
51600,Fairfax city,52,Finance and Insurance,927.0,894.0,-33.0,-0.03559870550161812,9.0,4.0,-0.11480562033484625,-0.03559870550161812,27.158212135366345,-133.5830221857688,73.42481005040246,-33.0,-33.000000000000014,1.4210854715202004e-14
51600,Fairfax city,53,Real Estate and Rental and Leasing,165.0,240.0,75.0,0.45454545454545453,6.0,7.0,0.09487335052328227,0.45454545454545453,4.83398597878689,10.820116857554684,59.34589716365842,75.0,75.0,0.0
51600,Fairfax city,54,"Professional, Scientific, and Technical Services",2975.0,3496.0,521.0,0.17512605042016807,3.0,10.0,0.02597243052605177,0.17512605042016807,87.15823204176363,-9.89025122675961,443.732019184996,521.0,521.0,0.0
51600,Fairfax city,55,Management of Companies and Enterprises,115.0,193.0,78.0,0.6782608695652174,5.0,8.0,0.103242628498516,0.6782608695652174,3.3691417427908625,8.503760534538475,66.12709772267065,78.0,78.0,0.0
51600,Fairfax city,56,Administrative and Support and Waste Management,1349.0,1863.0,514.0,0.3810229799851742,4.0,9.0,-0.04737818404344833,0.3810229799851742,39.521497487172816,-103.43466776178462,577.9131702746118,514.0,514.0,0.0
51600,Fairfax city,61,Educational Services,403.0,348.0,-55.0,-0.13647642679900746,10.0,3.0,0.02353954608582529,-0.13647642679900746,11.80664454212798,-2.3202074695403883,-64.48643707258759,-55.0,-55.0,0.0
51600,Fairfax city,62,Health Care and Social Assistance,3422.0,4624.0,1202.0,0.35125657510227937,1.0,12.0,0.13363830856047104,0.35125657510227937,100.2539395115681,357.0563523823638,744.6897081060681,1202.0,1202.0,0.0
51600,Fairfax city,71,"Arts, Entertainment, and Recreation",569.0,605.0,36.0,0.0632688927943761,7.0,6.0,0.20360393832435444,0.0632688927943761,16.66992740563479,99.18071350092289,-79.85064090655767,36.0,36.000000000000014,-1.4210854715202004e-14
51600,Fairfax city,72,Accommodation and Food Services,2516.0,3357.0,841.0,0.33426073131955486,2.0,11.0,-0.018053005411673755,0.33426073131955486,73.71096195532009,-119.13232357109125,886.4213616157712,841.0,841.0,0.0
51600,Fairfax city,81,Other Services,1038.0,927.0,-111.0,-0.1069364161849711,11.0,2.0,-0.04100189216848398,-0.1069364161849711,30.410166339277527,-72.97013041016389,-68.44003592911362,-111.0,-110.99999999999999,-1.4210854715202004e-14
51610,Falls Church city,23,Construction,378.0,476.0,98.0,0.25925925925925924,5.0,13.0,0.13591228420498483,0.25925925925925924,11.074222424129966,40.300621005354294,46.62515657051573,98.0,97.99999999999999,1.4210854715202004e-14
51610,Falls Church city,31-33,Manufacturing,59.0,54.0,-5.0,-0.0847457627118644,9.0,9.0,-0.03237878773034985,-0.0847457627118644,1.7285161984753121,-3.638864674565953,-3.0896515239093585,-5.0,-5.0,0.0
51610,Falls Church city,42,Wholesale Trade,72.0,112.0,40.0,0.5555555555555556,8.0,10.0,-0.05056216076505557,0.5555555555555556,2.1093756998342794,-5.749851274918281,43.640475575084004,40.0,40.0,0.0
51610,Falls Church city,44-45,Retail Trade,1222.0,1202.0,-20.0,-0.016366612111292964,11.0,7.0,-0.04443155394673292,-0.016366612111292964,35.80079312774291,-90.09615205065053,34.295358922907624,-20.0,-20.0,0.0
51610,Falls Church city,48-49,Transportation and Warehousing,97.0,53.0,-44.0,-0.4536082474226804,13.0,5.0,0.3346557282617785,-0.4536082474226804,2.841797817832293,29.61980782356022,-76.46160564139252,-44.0,-44.000000000000014,1.4210854715202004e-14
51610,Falls Church city,51,Information,246.0,361.0,115.0,0.46747967479674796,4.0,14.0,-0.026894309682406164,0.46747967479674796,7.2070336411004545,-13.823033822972372,121.61600018187193,115.0,115.00000000000001,-1.4210854715202004e-14
51610,Falls Church city,52,Finance and Insurance,193.0,271.0,78.0,0.40414507772020725,7.0,11.0,-0.11480562033484625,0.40414507772020725,5.654298750944665,-27.811783475569992,100.15748472462532,78.0,78.0,0.0
51610,Falls Church city,53,Real Estate and Rental and Leasing,304.0,388.0,84.0,0.27631578947368424,6.0,12.0,0.09487335052328227,0.27631578947368424,8.906252954855846,19.935245604221965,55.158501440922194,84.0,84.0,0.0
51610,Falls Church city,54,"Professional, Scientific, and Technical Services",1300.0,1166.0,-134.0,-0.10307692307692308,16.0,2.0,0.02597243052605177,-0.10307692307692308,38.08595013589671,-4.3217904520294095,-167.7641596838673,-134.0,-134.0,0.0
51610,Falls Church city,55,Management of Companies and Enterprises,75.0,12.0,-63.0,-0.84,14.0,4.0,0.103242628498516,-0.84,2.197266353994041,5.545930783394659,-70.74319713738869,-63.0,-62.99999999999999,-7.105427357601002e-15
51610,Falls Church city,56,Administrative and Support and Waste Management,1127.0,192.0,-935.0,-0.8296362023070097,17.0,1.0,-0.04737818404344833,-0.8296362023070097,33.01758907935046,-86.41280249631673,-881.6047865830337,-935.0,-935.0,0.0
51610,Falls Church city,61,Educational Services,502.0,622.0,120.0,0.23904382470119523,3.0,15.0,0.02353954608582529,0.23904382470119523,14.707036129400114,-2.8901839943158185,108.18314786491571,120.0,120.0,0.0
51610,Falls Church city,62,Health Care and Social Assistance,1685.0,1989.0,304.0,0.1804154302670623,1.0,17.0,0.13363830856047104,0.1804154302670623,49.36525075306612,175.81529917132758,78.81945007560628,304.0,304.0,0.0
51610,Falls Church city,71,"Arts, Entertainment, and Recreation",438.0,305.0,-133.0,-0.3036529680365297,15.0,3.0,0.20360393832435444,-0.3036529680365297,12.832035507325198,76.34648947874206,-222.17852498606726,-133.0,-133.0,0.0
51610,Falls Church city,72,Accommodation and Food Services,1268.0,1538.0,270.0,0.21293375394321767,2.0,16.0,-0.018053005411673755,0.21293375394321767,37.14844982485925,-60.039660686861566,292.89121086200237,270.0,270.00000000000006,-5.684341886080802e-14
51610,Falls Church city,81,Other Services,668.0,626.0,-42.0,-0.06287425149700598,12.0,6.0,-0.04100189216848398,-0.06287425149700598,19.570318992906923,-46.959582961454224,-14.610736031452698,-42.0,-42.0,0.0
51610,Falls Church city,99,Unclassified,48.0,41.0,-7.0,-0.14583333333333334,10.0,8.0,0.16838424733161575,-0.14583333333333334,1.4062504665561861,6.676193405361371,-15.082443871917556,-7.0,-7.0,0.0
51620,Franklin city,31-33,Manufacturing,34.0,102.0,68.0,2.0,1.0,5.0,-0.03237878773034985,2.0,0.9960940804772985,-2.096972863309193,69.1008787828319,68.0,68.0,0.0
51620,Franklin city,44-45,Retail Trade,972.0,838.0,-134.0,-0.13786008230452676,5.0,1.0,-0.04443155394673292,-0.13786008230452676,28.47657194776277,-71.66404238398717,-90.81252956377561,-134.0,-134.0,0.0
51620,Franklin city,52,Finance and Insurance,147.0,112.0,-35.0,-0.23809523809523808,3.0,3.0,-0.11480562033484625,-0.23809523809523808,4.3066420538283205,-21.18306824305072,-18.1235738107776,-35.0,-35.0,0.0
51620,Franklin city,53,Real Estate and Rental and Leasing,27.0,14.0,-13.0,-0.48148148148148145,2.0,4.0,0.09487335052328227,-0.48148148148148145,0.7910158874378548,1.7705645766907665,-15.561580464128623,-13.0,-13.000000000000002,1.7763568394002505e-15
51620,Franklin city,81,Other Services,165.0,92.0,-73.0,-0.44242424242424244,4.0,2.0,-0.04100189216848398,-0.44242424242424244,4.83398597878689,-11.599298186586747,-66.23468779220015,-73.0,-73.0,0.0
51630,Fredericksburg city,23,Construction,598.0,625.0,27.0,0.0451505016722408,6.0,6.0,0.13591228420498483,0.0451505016722408,17.519537062512487,63.75600889206844,-54.27554595458093,27.0,26.999999999999993,7.105427357601002e-15
51630,Fredericksburg city,42,Wholesale Trade,375.0,286.0,-89.0,-0.23733333333333334,8.0,4.0,-0.05056216076505557,-0.23733333333333334,10.986331769970205,-29.947142056866046,-70.03918971310416,-89.0,-89.0,0.0
51630,Fredericksburg city,44-45,Retail Trade,3662.0,3349.0,-313.0,-0.08547241944292736,11.0,1.0,-0.04443155394673292,-0.08547241944292736,107.28519184434904,-269.99354239728495,-150.29164944706403,-313.0,-312.99999999999994,-5.684341886080802e-14
51630,Fredericksburg city,52,Finance and Insurance,688.0,526.0,-162.0,-0.23546511627906977,10.0,2.0,-0.11480562033484625,-0.23546511627906977,20.156256687305337,-99.14252347767956,-83.01373320962578,-162.0,-162.0,0.0
51630,Fredericksburg city,53,Real Estate and Rental and Leasing,367.0,472.0,105.0,0.28610354223433243,4.0,8.0,0.09487335052328227,0.28610354223433243,10.75195669221084,24.066562949833752,70.18148035795541,105.0,105.0,0.0
51630,Fredericksburg city,54,"Professional, Scientific, and Technical Services",1483.0,1685.0,202.0,0.13621038435603505,2.0,10.0,0.02597243052605177,0.13621038435603505,43.447280039642166,-4.930165569507395,163.4828855298652,202.0,201.99999999999997,2.842170943040401e-14
51630,Fredericksburg city,61,Educational Services,186.0,133.0,-53.0,-0.2849462365591398,7.0,5.0,0.02353954608582529,-0.2849462365591398,5.449220557905221,-1.0708649859417176,-57.37835557196351,-53.0,-53.00000000000001,7.105427357601002e-15
51630,Fredericksburg city,62,Health Care and Social Assistance,5792.0,7066.0,1274.0,0.2199585635359116,1.0,11.0,0.13363830856047104,0.2199585635359116,169.6875562977798,604.3455268844684,499.96691681775167,1274.0,1274.0,0.0
51630,Fredericksburg city,71,"Arts, Entertainment, and Recreation",371.0,522.0,151.0,0.40700808625336926,3.0,9.0,0.20360393832435444,0.40700808625336926,10.869144231090523,64.66791688724498,75.4629388816645,151.0,151.0,0.0
51630,Fredericksburg city,72,Accommodation and Food Services,4189.0,4078.0,-111.0,-0.02649797087610408,9.0,3.0,-0.018053005411673755,-0.02649797087610408,122.72465009174716,-198.34868976124852,-35.375960330498636,-111.0,-111.0,0.0
51630,Fredericksburg city,81,Other Services,764.0,792.0,28.0,0.03664921465968586,5.0,7.0,-0.04100189216848398,0.03664921465968586,22.382819926019298,-53.70826554274105,59.32544561672175,28.0,27.999999999999996,3.552713678800501e-15
51640,Galax city,31-33,Manufacturing,1325.0,1007.0,-318.0,-0.24,8.0,1.0,-0.03237878773034985,-0.24,38.81837225389472,-81.72026599660826,-275.0981062572864,-318.0,-317.99999999999994,-5.684341886080802e-14
51640,Galax city,44-45,Retail Trade,942.0,999.0,57.0,0.06050955414012739,1.0,8.0,-0.04443155394673292,0.06050955414012739,27.597665406165152,-69.45218922398756,98.85452381782241,57.0,57.0,0.0
51640,Galax city,52,Finance and Insurance,113.0,101.0,-12.0,-0.10619469026548672,6.0,3.0,-0.11480562033484625,-0.10619469026548672,3.3105479733510217,-16.283583071188648,0.9730350978376259,-12.0,-12.000000000000002,1.7763568394002505e-15
51640,Galax city,53,Real Estate and Rental and Leasing,48.0,46.0,-2.0,-0.041666666666666664,4.0,5.0,0.09487335052328227,-0.041666666666666664,1.4062504665561861,3.1476703585613626,-6.553920825117549,-2.0,-2.0,0.0
51640,Galax city,56,Administrative and Support and Waste Management,183.0,166.0,-17.0,-0.09289617486338798,7.0,2.0,-0.04737818404344833,-0.09289617486338798,5.36132990374546,-14.031537583696505,-8.329792320048956,-17.0,-17.0,0.0
51640,Galax city,71,"Arts, Entertainment, and Recreation",21.0,41.0,20.0,0.9523809523809523,2.0,7.0,0.20360393832435444,0.9523809523809523,0.6152345791183315,3.660448125693112,15.724317295188555,20.0,20.0,0.0
51640,Galax city,72,Accommodation and Food Services,489.0,490.0,1.0,0.002044989775051125,3.0,6.0,-0.018053005411673755,0.002044989775051125,14.326176628041146,-23.154096274349612,9.827919646308466,1.0,1.0,0.0
51640,Galax city,81,Other Services,108.0,105.0,-3.0,-0.027777777777777776,5.0,4.0,-0.04100189216848398,-0.027777777777777776,3.164063549751419,-7.592267903947689,1.4282043541962701,-3.0,-2.9999999999999996,-4.440892098500626e-16
51650,Hampton city,44-45,Retail Trade,5934.0,5231.0,-703.0,-0.11846983485001686,11.0,2.0,-0.04443155394673292,-0.11846983485001686,173.84771392800852,-437.50455504792166,-439.34315888008683,-703.0,-703.0,0.0
51650,Hampton city,48-49,Transportation and Warehousing,1132.0,2095.0,963.0,0.8507067137809188,1.0,12.0,0.3346557282617785,0.8507067137809188,33.16407350295006,345.6662108893832,584.1697156076668,963.0,963.0000000000001,-1.1368683772161603e-13
51650,Hampton city,52,Finance and Insurance,643.0,545.0,-98.0,-0.15241057542768274,5.0,8.0,-0.11480562033484625,-0.15241057542768274,18.83789687490891,-92.65791075021505,-24.17998612469387,-98.0,-98.00000000000001,1.4210854715202004e-14
51650,Hampton city,53,Real Estate and Rental and Leasing,579.0,405.0,-174.0,-0.3005181347150259,6.0,7.0,0.09487335052328227,-0.3005181347150259,16.962896252833996,37.968773700146436,-228.93166995298046,-174.0,-174.00000000000003,2.842170943040401e-14
51650,Hampton city,54,"Professional, Scientific, and Technical Services",4631.0,4163.0,-468.0,-0.10105808680630533,10.0,3.0,0.02597243052605177,-0.10105808680630533,135.67387313795206,-15.395547371806302,-588.2783257661457,-468.0,-467.99999999999994,-5.684341886080802e-14
51650,Hampton city,55,Management of Companies and Enterprises,273.0,258.0,-15.0,-0.054945054945054944,3.0,10.0,0.103242628498516,-0.054945054945054944,7.998049528538309,20.187188051556557,-43.185237580094864,-15.0,-14.999999999999996,-3.552713678800501e-15
51650,Hampton city,56,Administrative and Support and Waste Management,3618.0,2124.0,-1494.0,-0.4129353233830846,12.0,1.0,-0.04737818404344833,-0.4129353233830846,105.99612891667253,-277.4103987858686,-1322.585730130804,-1494.0,-1494.0,0.0
51650,Hampton city,61,Educational Services,1446.0,1358.0,-88.0,-0.06085753803596127,4.0,9.0,0.02353954608582529,-0.06085753803596127,42.36329530500511,-8.32511166490174,-122.03818364010337,-88.0,-88.0,0.0
51650,Hampton city,62,Health Care and Social Assistance,6918.0,6675.0,-243.0,-0.03512575888985256,7.0,6.0,0.13363830856047104,-0.03512575888985256,202.67584849241032,721.8339701289283,-1167.5098186213386,-243.0,-243.0,0.0
51650,Hampton city,71,"Arts, Entertainment, and Recreation",402.0,737.0,335.0,0.8333333333333334,2.0,11.0,0.20360393832435444,0.8333333333333334,11.77734765740806,70.07143554898244,253.15121679360954,335.0,335.0,0.0
51650,Hampton city,72,Accommodation and Food Services,5797.0,5493.0,-304.0,-0.052440917716060034,9.0,4.0,-0.018053005411673755,-0.052440917716060034,169.8340407213794,-274.48731309285216,-199.34672762852728,-304.0,-304.0,0.0
51650,Hampton city,81,Other Services,1307.0,1048.0,-259.0,-0.1981637337413925,8.0,5.0,-0.04100189216848398,-0.1981637337413925,38.29102832893615,-91.88050139314471,-205.41052693579144,-259.0,-259.0,0.0
51660,Harrisonburg city,31-33,Manufacturing,3323.0,3884.0,561.0,0.1688233523924165,1.0,14.0,-0.03237878773034985,0.1688233523924165,97.35354792429597,-204.94825955224852,668.5947116279526,561.0,561.0000000000001,-1.1368683772161603e-13
51660,Harrisonburg city,42,Wholesale Trade,1162.0,909.0,-253.0,-0.21772805507745266,12.0,3.0,-0.05056216076505557,-0.21772805507745266,34.042980044547676,-92.79621085354225,-194.24676919100543,-253.0,-253.0,0.0
51660,Harrisonburg city,44-45,Retail Trade,4685.0,4341.0,-344.0,-0.07342582710779082,14.0,1.0,-0.04443155394673292,-0.07342582710779082,137.25590491282776,-345.41773515327145,-135.83816975955625,-344.0,-343.99999999999994,-5.684341886080802e-14
51660,Harrisonburg city,48-49,Transportation and Warehousing,270.0,371.0,101.0,0.37407407407407406,2.0,13.0,0.3346557282617785,0.37407407407407406,7.910158874378547,82.44688775630165,10.642953369319809,101.0,101.00000000000001,-1.4210854715202004e-14
51660,Harrisonburg city,52,Finance and Insurance,917.0,712.0,-205.0,-0.22355507088331517,10.0,5.0,-0.11480562033484625,-0.22355507088331517,26.86524328816714,-132.14199713522115,-99.723246152946,-205.0,-205.0,0.0
51660,Harrisonburg city,53,Real Estate and Rental and Leasing,414.0,338.0,-76.0,-0.18357487922705315,9.0,6.0,0.09487335052328227,-0.18357487922705315,12.128910274047106,27.148656842591755,-115.27756711663888,-76.0,-76.00000000000001,1.4210854715202004e-14
51660,Harrisonburg city,54,"Professional, Scientific, and Technical Services",1005.0,981.0,-24.0,-0.023880597014925373,6.0,9.0,0.02597243052605177,-0.023880597014925373,29.443369143520147,-3.34107646483812,-50.10229267868203,-24.0,-24.000000000000007,7.105427357601002e-15
51660,Harrisonburg city,55,Management of Companies and Enterprises,105.0,200.0,95.0,0.9047619047619048,4.0,11.0,0.103242628498516,0.9047619047619048,3.0761728955916574,7.7643030967525215,84.15952400765582,95.0,95.0,0.0
51660,Harrisonburg city,56,Administrative and Support and Waste Management,557.0,654.0,97.0,0.1741472172351885,3.0,12.0,-0.04737818404344833,0.1741472172351885,16.318364788995744,-42.708013301196466,123.38964851220072,97.0,97.0,0.0
51660,Harrisonburg city,61,Educational Services,612.0,577.0,-35.0,-0.05718954248366013,7.0,8.0,0.02353954608582529,-0.05718954248366013,17.929693448591372,-3.523491244066297,-49.40620220452508,-35.0,-35.0,0.0
51660,Harrisonburg city,62,Health Care and Social Assistance,3349.0,3044.0,-305.0,-0.09107196177963571,13.0,2.0,0.13363830856047104,-0.09107196177963571,98.1152669270139,349.4394284420036,-752.5546953690175,-305.0,-305.0,0.0
51660,Harrisonburg city,71,"Arts, Entertainment, and Recreation",178.0,214.0,36.0,0.20224719101123595,5.0,10.0,0.20360393832435444,0.20224719101123595,5.214845480145857,31.026655541589236,-0.24150102173509208,36.0,36.0,0.0
51660,Harrisonburg city,72,Accommodation and Food Services,5149.0,4936.0,-213.0,-0.04136725577782094,11.0,4.0,-0.018053005411673755,-0.04136725577782094,150.8496594228709,-243.80458428757905,-120.04507513529185,-213.0,-213.0,0.0
51660,Harrisonburg city,81,Other Services,780.0,742.0,-38.0,-0.04871794871794872,8.0,7.0,-0.04100189216848398,-0.04871794871794872,22.851570081538025,-54.83304597295553,-6.018524108582494,-38.0,-38.0,0.0
51670,Hopewell city,42,Wholesale Trade,131.0,134.0,3.0,0.022900763358778626,1.0,7.0,-0.05056216076505557,0.022900763358778626,3.8378918983095915,-10.461534958531871,9.62364306022228,3.0,3.0,0.0
51670,Hopewell city,44-45,Retail Trade,672.0,521.0,-151.0,-0.22470238095238096,7.0,1.0,-0.04443155394673292,-0.22470238095238096,19.687506531786607,-49.545510783991126,-121.14199574779548,-151.0,-151.0,0.0
51670,Hopewell city,52,Finance and Insurance,110.0,83.0,-27.0,-0.24545454545454545,4.0,4.0,-0.11480562033484625,-0.24545454545454545,3.22265731919126,-15.851275556024348,-14.371381763166914,-27.0,-27.0,0.0
51670,Hopewell city,56,Administrative and Support and Waste Management,334.0,319.0,-15.0,-0.04491017964071856,2.0,5.0,-0.04737818404344833,-0.04491017964071856,9.785159496453462,-25.609472966965207,0.8243134705117429,-15.0,-15.000000000000002,1.7763568394002505e-15
51670,Hopewell city,71,"Arts, Entertainment, and Recreation",30.0,15.0,-15.0,-0.5,3.0,6.0,0.20360393832435444,-0.5,0.8789065415976164,5.229211608133017,-21.108118149730632,-15.0,-15.0,0.0
51670,Hopewell city,72,Accommodation and Food Services,792.0,748.0,-44.0,-0.05555555555555555,5.0,3.0,-0.018053005411673755,-0.05555555555555555,23.203132698177072,-37.50111298422269,-29.702019713954385,-44.0,-44.0,0.0
51670,Hopewell city,81,Other Services,201.0,152.0,-49.0,-0.24378109452736318,6.0,2.0,-0.04100189216848398,-0.24378109452736318,5.88867382870403,-14.13005415456931,-40.75861967413472,-49.0,-49.0,0.0
51678,Lexington city,52,Finance and Insurance,89.0,109.0,20.0,0.2247191011235955,2.0,4.0,-0.11480562033484625,0.2247191011235955,2.6074227400729284,-12.825122949874245,30.217700209801315,20.0,20.0,0.0
51678,Lexington city,53,Real Estate and Rental and Leasing,46.0,25.0,-21.0,-0.45652173913043476,5.0,1.0,0.09487335052328227,-0.45652173913043476,1.347656697116345,3.0165174269546395,-25.36417412407098,-21.0,-20.999999999999996,-3.552713678800501e-15
51678,Lexington city,54,"Professional, Scientific, and Technical Services",81.0,145.0,64.0,0.7901234567901234,1.0,5.0,0.02597243052605177,0.7901234567901234,2.373047662313564,-0.2692807897033709,61.8962331273898,64.0,63.99999999999999,7.105427357601002e-15
51678,Lexington city,56,Administrative and Support and Waste Management,3.0,11.0,8.0,2.6666666666666665,3.0,2.0,-0.04737818404344833,2.6666666666666665,0.08789065415976163,-0.23002520629010664,8.142134552130344,8.0,7.999999999999998,1.7763568394002505e-15
51678,Lexington city,81,Other Services,151.0,159.0,8.0,0.052980132450331126,4.0,3.0,-0.04100189216848398,0.052980132450331126,4.423829592708002,-10.615115310149083,14.191285717441081,8.0,8.0,0.0
51680,Lynchburg city,31-33,Manufacturing,6203.0,5343.0,-860.0,-0.13864259229405126,13.0,3.0,-0.03237878773034985,-0.13864259229405126,181.72857591766714,-382.57419620902726,-659.1543797086398,-860.0,-859.9999999999999,-1.1368683772161603e-13
51680,Lynchburg city,42,Wholesale Trade,1484.0,1297.0,-187.0,-0.12601078167115903,8.0,8.0,-0.05056216076505557,-0.12601078167115903,43.47657692436209,-118.51082349970456,-111.96575342465754,-187.0,-187.0,0.0
51680,Lynchburg city,44-45,Retail Trade,6652.0,5574.0,-1078.0,-0.16205652435357787,14.0,2.0,-0.04443155394673292,-0.16205652435357787,194.88287715691146,-490.44157401057885,-782.4413031463325,-1078.0,-1078.0,0.0
51680,Lynchburg city,51,Information,449.0,366.0,-83.0,-0.18485523385300667,5.0,11.0,-0.026894309682406164,-0.18485523385300667,13.154301239244324,-25.229846286644694,-70.92445495259963,-83.0,-83.0,0.0
51680,Lynchburg city,52,Finance and Insurance,1833.0,1597.0,-236.0,-0.1287506819421713,9.0,7.0,-0.11480562033484625,-0.1287506819421713,53.70118969161436,-264.1398917653875,-25.56129792622681,-236.0,-235.99999999999997,-2.842170943040401e-14
51680,Lynchburg city,53,Real Estate and Rental and Leasing,716.0,560.0,-156.0,-0.21787709497206703,7.0,9.0,0.09487335052328227,-0.21787709497206703,20.97656945946311,46.952749515206996,-223.9293189746701,-156.0,-156.0,0.0
51680,Lynchburg city,54,"Professional, Scientific, and Technical Services",2993.0,3205.0,212.0,0.07083194119612429,2.0,14.0,0.02597243052605177,0.07083194119612429,87.6855759667222,-9.950091402249248,134.26451543552707,212.0,212.00000000000003,-2.842170943040401e-14
51680,Lynchburg city,55,Management of Companies and Enterprises,935.0,899.0,-36.0,-0.038502673796791446,4.0,12.0,0.103242628498516,-0.038502673796791446,27.39258721312571,69.13927043298675,-132.53185764611246,-36.0,-36.0,0.0
51680,Lynchburg city,56,Administrative and Support and Waste Management,2666.0,1203.0,-1463.0,-0.5487621905476369,15.0,1.0,-0.04737818404344833,-0.5487621905476369,78.10549466330818,-204.41573332314144,-1336.6897613401668,-1463.0,-1463.0,0.0
51680,Lynchburg city,61,Educational Services,1966.0,1707.0,-259.0,-0.13173957273652084,10.0,5.0,0.02353954608582529,-0.13173957273652084,57.59767535936379,-11.318927754631273,-305.2787476047325,-259.0,-258.99999999999994,-5.684341886080802e-14
51680,Lynchburg city,62,Health Care and Social Assistance,11224.0,10594.0,-630.0,-0.05612972202423378,12.0,4.0,0.13363830856047104,-0.05612972202423378,328.8282340963882,1171.1281411863388,-2129.9563752827266,-630.0,-629.9999999999995,-4.547473508864641e-13
51680,Lynchburg city,71,"Arts, Entertainment, and Recreation",486.0,842.0,356.0,0.7325102880658436,1.0,15.0,0.20360393832435444,0.7325102880658436,14.238285973881386,84.71322805175488,257.04848597436376,356.0,356.0,0.0
51680,Lynchburg city,72,Accommodation and Food Services,5662.0,5546.0,-116.0,-0.020487460261391734,6.0,10.0,-0.018053005411673755,-0.020487460261391734,165.87896128419013,-268.0950779250869,-13.783883359103198,-116.0,-115.99999999999999,-1.4210854715202004e-14
51680,Lynchburg city,81,Other Services,1643.0,1384.0,-259.0,-0.15763846622032868,11.0,6.0,-0.04100189216848398,-0.15763846622032868,48.134781594829455,-115.50089042764863,-191.63389116718082,-259.0,-259.0,0.0
51680,Lynchburg city,99,Unclassified,83.0,88.0,5.0,0.060240963855421686,3.0,13.0,0.16838424733161575,0.060240963855421686,2.4316414317534054,11.544251096770703,-8.975892528524108,5.0,5.0,0.0
51683,Manassas city,42,Wholesale Trade,386.0,510.0,124.0,0.32124352331606215,4.0,7.0,-0.05056216076505557,0.32124352331606215,11.30859750188933,-30.82559155720078,143.51699405531144,124.0,124.0,0.0
51683,Manassas city,44-45,Retail Trade,2139.0,2293.0,154.0,0.07199625993454885,3.0,8.0,-0.04443155394673292,0.07199625993454885,62.66603641591005,-157.70513030797176,249.0390938920617,154.0,153.99999999999997,2.842170943040401e-14
51683,Manassas city,52,Finance and Insurance,362.0,319.0,-43.0,-0.11878453038674033,9.0,2.0,-0.11480562033484625,-0.11878453038674033,10.605472268611237,-52.16510682982558,-1.44036543878566,-43.0,-43.00000000000001,7.105427357601002e-15
51683,Manassas city,53,Real Estate and Rental and Leasing,265.0,264.0,-1.0,-0.0037735849056603774,8.0,3.0,0.09487335052328227,-0.0037735849056603774,7.763674450778945,17.377763437890856,-26.141437888669802,-1.0,-1.0000000000000036,3.552713678800501e-15
51683,Manassas city,54,"Professional, Scientific, and Technical Services",3141.0,3483.0,342.0,0.10888252148997135,2.0,9.0,0.02597243052605177,0.10888252148997135,92.02151490527044,-10.442110622941826,260.4205957176714,342.0,342.0,0.0
51683,Manassas city,61,Educational Services,313.0,269.0,-44.0,-0.14057507987220447,10.0,1.0,0.02353954608582529,-0.14057507987220447,9.16992491733513,-1.8020469924718152,-51.367877924863315,-44.0,-44.0,0.0
51683,Manassas city,62,Health Care and Social Assistance,4176.0,4544.0,368.0,0.08812260536398467,1.0,10.0,0.13363830856047104,0.08812260536398467,122.3437905903882,435.72978595813885,-190.0735765485271,368.0,368.0,0.0
51683,Manassas city,71,"Arts, Entertainment, and Recreation",137.0,162.0,25.0,0.18248175182481752,7.0,4.0,0.20360393832435444,0.18248175182481752,4.0136732066291145,23.880066343807446,-2.893739550436559,25.0,25.0,0.0
51683,Manassas city,72,Accommodation and Food Services,2050.0,2103.0,53.0,0.025853658536585365,5.0,6.0,-0.018053005411673755,0.025853658536585365,60.058613675837115,-97.0672747697683,90.0086610939312,53.0,53.00000000000001,-7.105427357601002e-15
51683,Manassas city,81,Other Services,861.0,895.0,34.0,0.03948896631823461,6.0,5.0,-0.04100189216848398,0.03948896631823461,25.22461774385159,-60.527246900916296,69.30262915706471,34.0,34.00000000000001,-7.105427357601002e-15
51685,Manassas Park city,23,Construction,1272.0,1078.0,-194.0,-0.15251572327044025,7.0,1.0,0.13591228420498483,-0.15251572327044025,37.26563736373893,135.61478814500177,-366.8804255087407,-194.0,-194.0,0.0
51685,Manassas Park city,42,Wholesale Trade,242.0,300.0,58.0,0.2396694214876033,2.0,6.0,-0.05056216076505557,0.2396694214876033,7.089846102220772,-19.32588900736422,70.23604290514345,58.0,58.0,0.0
51685,Manassas Park city,44-45,Retail Trade,222.0,125.0,-97.0,-0.4369369369369369,6.0,2.0,-0.04443155394673292,-0.4369369369369369,6.503908407822361,-16.367713383997067,-87.13619502382528,-97.0,-96.99999999999999,-1.4210854715202004e-14
51685,Manassas Park city,52,Finance and Insurance,14.0,11.0,-3.0,-0.21428571428571427,3.0,5.0,-0.11480562033484625,-0.21428571428571427,0.41015638607888766,-2.017435070766735,-1.3927213153121525,-3.0,-3.0,0.0
51685,Manassas Park city,53,Real Estate and Rental and Leasing,54.0,22.0,-32.0,-0.5925925925925926,4.0,4.0,0.09487335052328227,-0.5925925925925926,1.5820317748757096,3.541129153381533,-37.12316092825724,-32.0,-32.0,0.0
51685,Manassas Park city,56,Administrative and Support and Waste Management,345.0,458.0,113.0,0.32753623188405795,1.0,7.0,-0.04737818404344833,0.32753623188405795,10.107425228372588,-26.452898723362264,129.34547349498968,113.0,113.0,0.0
51685,Manassas Park city,81,Other Services,170.0,127.0,-43.0,-0.2529411764705882,5.0,3.0,-0.04100189216848398,-0.2529411764705882,4.9804704023864925,-11.950792071028769,-36.02967833135772,-43.0,-43.0,0.0
51690,Martinsville city,31-33,Manufacturing,847.0,840.0,-7.0,-0.008264462809917356,5.0,6.0,-0.03237878773034985,-0.008264462809917356,24.814461357772704,-52.23929456537902,20.424833207606323,-7.0,-6.999999999999993,-7.105427357601002e-15
51690,Martinsville city,44-45,Retail Trade,1434.0,896.0,-538.0,-0.37517433751743373,10.0,1.0,-0.04443155394673292,-0.37517433751743373,42.01173268836606,-105.72658104798107,-474.285151640385,-538.0,-538.0,0.0
51690,Martinsville city,52,Finance and Insurance,194.0,140.0,-54.0,-0.27835051546391754,8.0,3.0,-0.11480562033484625,-0.27835051546391754,5.683595635664586,-27.955885980624757,-31.727709655039828,-54.0,-54.0,0.0
51690,Martinsville city,53,Real Estate and Rental and Leasing,76.0,51.0,-25.0,-0.32894736842105265,6.0,5.0,0.09487335052328227,-0.32894736842105265,2.2265632387139616,4.983811401055491,-32.210374639769455,-25.0,-25.0,0.0
51690,Martinsville city,54,"Professional, Scientific, and Technical Services",137.0,225.0,88.0,0.6423357664233577,2.0,9.0,0.02597243052605177,0.6423357664233577,4.0136732066291145,-0.4554502245600223,84.4417770179309,88.0,88.0,0.0
51690,Martinsville city,55,Management of Companies and Enterprises,104.0,194.0,90.0,0.8653846153846154,1.0,10.0,0.103242628498516,0.8653846153846154,3.0468760108717365,7.690357352973926,79.26276663615434,90.0,90.0,0.0
51690,Martinsville city,56,Administrative and Support and Waste Management,1173.0,891.0,-282.0,-0.24040920716112532,9.0,2.0,-0.04737818404344833,-0.24040920716112532,34.3652457764668,-89.9398556594317,-226.42539011703514,-282.0,-282.00000000000006,5.684341886080802e-14
51690,Martinsville city,71,"Arts, Entertainment, and Recreation",19.0,29.0,10.0,0.5263157894736842,4.0,7.0,0.20360393832435444,0.5263157894736842,0.5566408096784904,3.311834018484244,6.131525171837265,10.0,10.0,0.0
51690,Martinsville city,72,Accommodation and Food Services,747.0,718.0,-29.0,-0.038821954484605084,7.0,4.0,-0.018053005411673755,-0.038821954484605084,21.88477288578065,-35.37036792830094,-15.514404957479703,-29.0,-28.999999999999993,-7.105427357601002e-15
51690,Martinsville city,81,Other Services,351.0,369.0,18.0,0.05128205128205128,3.0,8.0,-0.04100189216848398,0.05128205128205128,10.283206536692111,-24.674870687829987,32.391664151137874,18.0,18.0,0.0
51700,Newport News city,31-33,Manufacturing,28587.0,27916.0,-671.0,-0.023472207646832475,12.0,2.0,-0.03237878773034985,-0.023472207646832475,837.5100434883686,-1763.1224483358797,254.6124048475112,-671.0,-670.9999999999998,-2.2737367544323206e-13
51700,Newport News city,42,Wholesale Trade,1873.0,2307.0,434.0,0.23171382808328883,2.0,12.0,-0.05056216076505557,0.23171382808328883,54.87306508041118,-149.57599219336026,528.702927112949,434.0,434.0,0.0
51700,Newport News city,44-45,Retail Trade,9055.0,8490.0,-565.0,-0.0623964660408614,11.0,3.0,-0.04443155394673292,-0.0623964660408614,265.28329113888054,-667.611012126547,-162.6722790123334,-565.0,-564.9999999999999,-1.1368683772161603e-13
51700,Newport News city,52,Finance and Insurance,1470.0,1266.0,-204.0,-0.13877551020408163,8.0,6.0,-0.11480562033484625,-0.13877551020408163,43.066420538283204,-211.83068243050718,-35.235738107776015,-204.0,-204.0,0.0
51700,Newport News city,53,Real Estate and Rental and Leasing,1805.0,1805.0,0.0,0.0,5.0,9.0,0.09487335052328227,0.0,52.88087691945658,118.3655207750679,-171.24639769452452,0.0,-2.842170943040401e-14,2.842170943040401e-14
51700,Newport News city,54,"Professional, Scientific, and Technical Services",4653.0,4834.0,181.0,0.03889963464431549,3.0,10.0,0.02597243052605177,0.03889963464431549,136.3184046017903,-15.468685364071415,60.1502807622811,181.0,180.99999999999997,2.842170943040401e-14
51700,Newport News city,55,Management of Companies and Enterprises,2393.0,2070.0,-323.0,-0.13497701629753447,9.0,5.0,0.103242628498516,-0.13497701629753447,70.10744513476986,176.9521648621789,-570.0596099969488,-323.0,-323.0,0.0
51700,Newport News city,56,Administrative and Support and Waste Management,6278.0,3821.0,-2457.0,-0.3913666772857598,13.0,1.0,-0.04737818404344833,-0.3913666772857598,183.9258422716612,-481.36608169642983,-2159.5597605752314,-2457.0,-2457.0,0.0
51700,Newport News city,61,Educational Services,911.0,1092.0,181.0,0.1986827661909989,4.0,11.0,0.02353954608582529,0.1986827661909989,26.689461979847618,-5.244935495660778,159.55547351581316,181.0,181.0,0.0
51700,Newport News city,62,Health Care and Social Assistance,12973.0,15266.0,2293.0,0.17675171510059354,1.0,13.0,0.13363830856047104,0.17675171510059354,380.06848547152924,1353.6212914834616,559.3102230450091,2293.0,2293.0,0.0
51700,Newport News city,71,"Arts, Entertainment, and Recreation",1072.0,1018.0,-54.0,-0.05037313432835821,7.0,7.0,0.20360393832435444,-0.05037313432835821,31.406260419754826,186.85716146395316,-272.26342188370796,-54.0,-53.99999999999997,-2.842170943040401e-14
51700,Newport News city,72,Accommodation and Food Services,7554.0,7084.0,-470.0,-0.06221869208366428,10.0,4.0,-0.018053005411673755,-0.06221869208366428,221.3086671742798,-357.6810700540633,-333.6275971202165,-470.0,-470.0,0.0
51700,Newport News city,81,Other Services,2249.0,2200.0,-49.0,-0.021787461093819474,6.0,8.0,-0.04100189216848398,-0.021787461093819474,65.88869373510131,-158.10194922202177,43.21325548692048,-49.0,-48.99999999999998,-2.1316282072803006e-14
51710,Norfolk city,44-45,Retail Trade,10539.0,9565.0,-974.0,-0.09241863554416928,10.0,3.0,-0.04443155394673292,-0.09241863554416928,308.7598680632426,-777.0240151078608,-505.7358529553818,-974.0,-974.0,0.0
51710,Norfolk city,48-49,Transportation and Warehousing,7784.0,8572.0,788.0,0.10123329907502569,3.0,10.0,0.3346557282617785,0.10123329907502569,228.04695065986152,2376.9132381298223,-1816.9601887896836,788.0,788.0000000000002,-2.2737367544323206e-13
51710,Norfolk city,52,Finance and Insurance,5302.0,4641.0,-661.0,-0.12466993587325538,8.0,5.0,-0.11480562033484625,-0.12466993587325538,155.33208278501874,-764.0314818003735,-52.300600984645236,-661.0,-661.0,0.0
51710,Norfolk city,53,Real Estate and Rental and Leasing,2431.0,2372.0,-59.0,-0.024269847799259565,7.0,6.0,0.09487335052328227,-0.024269847799259565,71.22072675412684,159.41638836797236,-289.6371151220992,-59.0,-59.0,0.0
51710,Norfolk city,54,"Professional, Scientific, and Technical Services",8610.0,11723.0,3113.0,0.36155632984901276,2.0,11.0,0.02597243052605177,0.36155632984901276,252.2461774385159,-28.623550609210163,2889.377373170694,3113.0,3113.0,0.0
51710,Norfolk city,55,Management of Companies and Enterprises,1681.0,1916.0,235.0,0.13979773944080903,5.0,8.0,0.103242628498516,0.13979773944080903,49.24806321418644,124.30279529181894,61.449141493994595,235.0,234.99999999999997,2.842170943040401e-14
51710,Norfolk city,56,Administrative and Support and Waste Management,8931.0,8968.0,37.0,0.004142873138506326,6.0,7.0,-0.04737818404344833,0.004142873138506326,261.6504774336104,-684.7850391256475,460.13456169203704,37.0,36.99999999999994,5.684341886080802e-14
51710,Norfolk city,61,Educational Services,3374.0,1746.0,-1628.0,-0.4825133372851215,12.0,1.0,0.02353954608582529,-0.4825133372851215,98.84768904501192,-19.425260551437393,-1707.4224284935744,-1628.0,-1628.0,0.0
51710,Norfolk city,62,Health Care and Social Assistance,19792.0,23268.0,3476.0,0.17562651576394503,1.0,12.0,0.13363830856047104,0.17562651576394503,579.8439423766674,2065.125460652175,831.0305969711571,3476.0,3476.0,0.0
51710,Norfolk city,71,"Arts, Entertainment, and Recreation",1244.0,1702.0,458.0,0.36816720257234725,4.0,9.0,0.20360393832435444,0.36816720257234725,36.44532459158116,216.83797468391577,204.71670072450306,458.0,458.0,0.0
51710,Norfolk city,72,Accommodation and Food Services,11644.0,10440.0,-1204.0,-0.10340089316386121,11.0,2.0,-0.018053005411673755,-0.10340089316386121,341.1329256787548,-551.342120692284,-993.7908049864708,-1204.0,-1204.0,0.0
51710,Norfolk city,81,Other Services,4180.0,3484.0,-696.0,-0.16650717703349283,9.0,4.0,-0.04100189216848398,-0.16650717703349283,122.46097812926789,-293.8488873935309,-524.612090735737,-696.0,-696.0,0.0
51720,Norton city,31-33,Manufacturing,122.0,129.0,7.0,0.05737704918032787,2.0,7.0,-0.03237878773034985,0.05737704918032787,3.5742199358303064,-7.5244320389329875,10.950212103102682,7.0,7.000000000000002,-1.7763568394002505e-15
51720,Norton city,42,Wholesale Trade,81.0,84.0,3.0,0.037037037037037035,4.0,5.0,-0.05056216076505557,0.037037037037037035,2.373047662313564,-6.468582684283065,7.095535021969501,3.0,2.999999999999999,8.881784197001252e-16
51720,Norton city,44-45,Retail Trade,610.0,642.0,32.0,0.05245901639344262,1.0,8.0,-0.04443155394673292,0.05245901639344262,17.871099679151534,-44.97434758665861,59.103247907507075,32.0,32.0,0.0
51720,Norton city,52,Finance and Insurance,43.0,36.0,-7.0,-0.16279069767441862,5.0,4.0,-0.11480562033484625,-0.16279069767441862,1.2597660429565836,-6.1964077173549725,-2.063358325601612,-7.0,-7.000000000000002,1.7763568394002505e-15
51720,Norton city,53,Real Estate and Rental and Leasing,38.0,23.0,-15.0,-0.39473684210526316,6.0,3.0,0.09487335052328227,-0.39473684210526316,1.1132816193569808,2.4919057005277456,-18.605187319884728,-15.0,-15.0,0.0
51720,Norton city,62,Health Care and Social Assistance,1054.0,891.0,-163.0,-0.15464895635673626,8.0,1.0,0.13363830856047104,-0.15464895635673626,30.878916494796254,109.97586072794022,-303.8547772227365,-163.0,-163.00000000000006,5.684341886080802e-14
51720,Norton city,72,Accommodation and Food Services,460.0,427.0,-33.0,-0.07173913043478261,7.0,2.0,-0.018053005411673755,-0.07173913043478261,13.47656697116345,-21.780949460533378,-24.695617510630075,-33.0,-33.0,0.0
51720,Norton city,81,Other Services,55.0,59.0,4.0,0.07272727272727272,3.0,6.0,-0.04100189216848398,0.07272727272727272,1.61132865959563,-3.866432728862249,6.255104069266619,4.0,4.0,0.0
51730,Petersburg city,31-33,Manufacturing,913.0,939.0,26.0,0.028477546549835708,2.0,6.0,-0.03237878773034985,0.028477546549835708,26.74805574928746,-56.309888947096866,55.56183319780941,26.0,26.000000000000007,-7.105427357601002e-15
51730,Petersburg city,42,Wholesale Trade,314.0,293.0,-21.0,-0.06687898089171974,3.0,5.0,-0.05056216076505557,-0.06687898089171974,9.199221802055051,-25.075740282282503,-5.123481519772551,-21.0,-21.000000000000004,3.552713678800501e-15
51730,Petersburg city,44-45,Retail Trade,1372.0,1187.0,-185.0,-0.1348396501457726,6.0,2.0,-0.04443155394673292,-0.1348396501457726,40.19532583573099,-101.15541785064855,-124.03990798508242,-185.0,-184.99999999999997,-2.842170943040401e-14
51730,Petersburg city,52,Finance and Insurance,187.0,117.0,-70.0,-0.37433155080213903,5.0,3.0,-0.11480562033484625,-0.37433155080213903,5.478517442625142,-26.94716844524139,-48.53134899738375,-70.0,-70.0,0.0
51730,Petersburg city,53,Real Estate and Rental and Leasing,166.0,121.0,-45.0,-0.2710843373493976,4.0,4.0,0.09487335052328227,-0.2710843373493976,4.863282863506811,10.885693323358046,-60.74897618686485,-45.0,-44.99999999999999,-7.105427357601002e-15
51730,Petersburg city,56,Administrative and Support and Waste Management,688.0,737.0,49.0,0.07122093023255814,1.0,7.0,-0.04737818404344833,0.07122093023255814,20.156256687305337,-52.75244730919779,81.59619062189245,49.0,48.99999999999999,7.105427357601002e-15
51730,Petersburg city,81,Other Services,802.0,549.0,-253.0,-0.31546134663341646,7.0,1.0,-0.04100189216848398,-0.31546134663341646,23.496101545376277,-56.37961906450043,-220.11648248087585,-253.0,-253.0,0.0
51735,Poquoson city,44-45,Retail Trade,217.0,219.0,2.0,0.009216589861751152,4.0,1.0,-0.04443155394673292,0.009216589861751152,6.357423984222758,-15.999071190663802,11.641647206441045,2.0,2.0000000000000018,-1.7763568394002505e-15
51735,Poquoson city,52,Finance and Insurance,41.0,44.0,3.0,0.07317073170731707,3.0,3.0,-0.11480562033484625,0.07317073170731707,1.2011722735167423,-5.908202707245438,7.707030433728696,3.0,3.0,0.0
51735,Poquoson city,53,Real Estate and Rental and Leasing,28.0,30.0,2.0,0.07142857142857142,5.0,2.0,0.09487335052328227,0.07142857142857142,0.8203127721577753,1.8361410424941282,-0.6564538146519038,2.0,2.0,0.0
51735,Poquoson city,56,Administrative and Support and Waste Management,114.0,140.0,26.0,0.22807017543859648,2.0,4.0,-0.04737818404344833,0.22807017543859648,3.339844858070942,-8.740957839024052,31.40111298095311,26.0,26.0,0.0
51735,Poquoson city,81,Other Services,97.0,124.0,27.0,0.27835051546391754,1.0,5.0,-0.04100189216848398,0.27835051546391754,2.841797817832293,-6.818981358175239,30.97718354034295,27.0,27.000000000000004,-3.552713678800501e-15
51740,Portsmouth city,23,Construction,1954.0,1980.0,26.0,0.01330603889457523,7.0,7.0,0.13591228420498483,0.01330603889457523,57.24611274272475,208.3264905938156,-239.57260333654037,26.0,25.99999999999997,2.842170943040401e-14
51740,Portsmouth city,44-45,Retail Trade,2913.0,2565.0,-348.0,-0.11946446961894953,12.0,2.0,-0.04443155394673292,-0.11946446961894953,85.34182518912854,-214.77094183596154,-218.570883353167,-348.0,-348.0,0.0
51740,Portsmouth city,48-49,Transportation and Warehousing,2037.0,1867.0,-170.0,-0.08345606283750613,9.0,5.0,0.3346557282617785,-0.08345606283750613,59.67775417447815,622.0159642947647,-851.6937184692428,-170.0,-169.9999999999999,-1.1368683772161603e-13
51740,Portsmouth city,52,Finance and Insurance,430.0,465.0,35.0,0.08139534883720931,6.0,8.0,-0.11480562033484625,0.08139534883720931,12.597660429565835,-61.96407717354972,84.36641674398388,35.0,34.99999999999999,7.105427357601002e-15
51740,Portsmouth city,53,Real Estate and Rental and Leasing,418.0,390.0,-28.0,-0.06698564593301436,8.0,6.0,0.09487335052328227,-0.06698564593301436,12.246097812926788,27.4109627058052,-67.657060518732,-28.0,-28.000000000000007,7.105427357601002e-15
51740,Portsmouth city,54,"Professional, Scientific, and Technical Services",1409.0,1207.0,-202.0,-0.1433640880056778,10.0,4.0,0.02597243052605177,-0.1433640880056778,41.27931057036805,-4.684155959161106,-238.59515461120697,-202.0,-202.00000000000003,2.842170943040401e-14
51740,Portsmouth city,55,Management of Companies and Enterprises,37.0,80.0,43.0,1.162162162162162,5.0,9.0,0.103242628498516,1.162162162162162,1.0839847346370601,2.7359925198080317,39.18002274555491,43.0,43.0,0.0
51740,Portsmouth city,56,Administrative and Support and Waste Management,2478.0,2958.0,480.0,0.1937046004842615,2.0,12.0,-0.04737818404344833,0.1937046004842615,72.5976803359631,-190.0008203956281,597.4031400596649,480.0,479.9999999999999,1.1368683772161603e-13
51740,Portsmouth city,61,Educational Services,116.0,197.0,81.0,0.6982758620689655,4.0,10.0,0.02353954608582529,0.6982758620689655,3.3984386275107834,-0.6678512815550497,78.26941265404426,81.0,81.0,0.0
51740,Portsmouth city,62,Health Care and Social Assistance,7082.0,5637.0,-1445.0,-0.20403840722959615,13.0,1.0,0.13363830856047104,-0.20403840722959615,207.4805375864773,738.9459636387786,-2391.426501225256,-1445.0,-1445.0,0.0
51740,Portsmouth city,71,"Arts, Entertainment, and Recreation",140.0,1365.0,1225.0,8.75,1.0,13.0,0.20360393832435444,8.75,4.101563860788876,24.402987504620747,1196.4954486345903,1225.0,1225.0,0.0
51740,Portsmouth city,72,Accommodation and Food Services,2203.0,2380.0,177.0,0.08034498411257376,3.0,11.0,-0.018053005411673755,0.08034498411257376,64.54103703798496,-104.31180795990224,216.7707709219173,177.0,177.0,0.0
51740,Portsmouth city,81,Other Services,1490.0,1255.0,-235.0,-0.15771812080536912,11.0,3.0,-0.04100189216848398,-0.15771812080536912,43.652358232681614,-104.74517756372273,-173.90718066895886,-235.0,-234.99999999999997,-2.842170943040401e-14
51750,Radford city,31-33,Manufacturing,828.0,784.0,-44.0,-0.05314009661835749,8.0,2.0,-0.03237878773034985,-0.05314009661835749,24.257820548094212,-51.06745678882388,-17.190363759270326,-44.0,-44.0,0.0
51750,Radford city,42,Wholesale Trade,87.0,58.0,-29.0,-0.3333333333333333,7.0,3.0,-0.05056216076505557,-0.3333333333333333,2.5488289706330876,-6.947736957192922,-24.601092013440166,-29.0,-29.0,0.0
51750,Radford city,44-45,Retail Trade,351.0,349.0,-2.0,-0.005698005698005698,2.0,8.0,-0.04443155394673292,-0.005698005698005698,10.283206536692111,-25.878681971995366,13.595475435303253,-2.0,-2.0000000000000018,1.7763568394002505e-15
51750,Radford city,52,Finance and Insurance,92.0,68.0,-24.0,-0.2608695652173913,5.0,5.0,-0.11480562033484625,-0.2608695652173913,2.69531339423269,-13.257430465038546,-13.437882929194144,-24.0,-24.0,0.0
51750,Radford city,53,Real Estate and Rental and Leasing,115.0,99.0,-16.0,-0.1391304347826087,3.0,6.0,0.09487335052328227,-0.1391304347826087,3.3691417427908625,7.541293567386599,-26.910435310177462,-16.0,-16.0,0.0
51750,Radford city,56,Administrative and Support and Waste Management,388.0,482.0,94.0,0.2422680412371134,1.0,9.0,-0.04737818404344833,0.2422680412371134,11.367191271329173,-29.749926680187126,112.38273540885795,94.0,94.0,0.0
51750,Radford city,71,"Arts, Entertainment, and Recreation",31.0,15.0,-16.0,-0.5161290322580645,4.0,7.0,0.20360393832435444,-0.5161290322580645,0.9082034263175369,5.4035186617374515,-22.311722088054985,-16.0,-15.999999999999996,-3.552713678800501e-15
51750,Radford city,72,Accommodation and Food Services,722.0,570.0,-152.0,-0.21052631578947367,9.0,1.0,-0.018053005411673755,-0.21052631578947367,21.152350767782632,-34.186620675011085,-138.96573009277154,-152.0,-152.0,0.0
51750,Radford city,81,Other Services,91.0,65.0,-26.0,-0.2857142857142857,6.0,4.0,-0.04100189216848398,-0.2857142857142857,2.6660165095127697,-6.397188696844812,-22.268827812667954,-26.0,-25.999999999999996,-3.552713678800501e-15
51760,Richmond city,11,"Agriculture, Forestry, Fishing and Hunting",23.0,15.0,-8.0,-0.34782608695652173,12.0,9.0,-0.0450656018254421,-0.34782608695652173,0.6738283485581725,-1.7103371905433409,-6.963491158014831,-8.0,-7.999999999999999,-8.881784197001252e-16
51760,Richmond city,21,"Mining, Quarrying, and Oil and Gas Extraction",29.0,33.0,4.0,0.13793103448275862,11.0,10.0,-0.17446043165467626,0.13793103448275862,0.8496096568776959,-5.908962174863307,9.05935251798561,4.0,4.0,0.0
51760,Richmond city,22,Utilities,307.0,196.0,-111.0,-0.36156351791530944,15.0,6.0,0.00744013020227854,-0.36156351791530944,8.994143609015607,-6.7100236369160955,-113.2841199720995,-111.0,-110.99999999999999,-1.4210854715202004e-14
51760,Richmond city,23,Construction,5909.0,5751.0,-158.0,-0.02673887290573701,17.0,4.0,0.13591228420498483,-0.02673887290573701,173.1152918100105,629.9903955572448,-961.1056873672553,-158.0,-158.0,0.0
51760,Richmond city,31-33,Manufacturing,5694.0,4883.0,-811.0,-0.1424306287319986,20.0,1.0,-0.03237878773034985,-0.1424306287319986,166.8164615952276,-351.1812789318396,-626.6351826633879,-811.0,-810.9999999999999,-1.1368683772161603e-13
51760,Richmond city,42,Wholesale Trade,4184.0,4060.0,-124.0,-0.029636711281070746,16.0,5.0,-0.05056216076505557,-0.029636711281070746,122.57816566814756,-334.1302463091401,87.5520806409925,-124.0,-124.00000000000003,2.842170943040401e-14
51760,Richmond city,44-45,Retail Trade,7654.0,7598.0,-56.0,-0.0073164358505356675,13.0,8.0,-0.04443155394673292,-0.0073164358505356675,224.23835564627186,-564.3174695545656,284.0791139082938,-56.0,-55.99999999999994,-5.684341886080802e-14
51760,Richmond city,48-49,Transportation and Warehousing,3657.0,3574.0,-83.0,-0.02269619907027618,14.0,7.0,0.3346557282617785,-0.02269619907027618,107.13870742074944,1116.6972908325745,-1306.8359982533239,-83.0,-83.0,0.0
51760,Richmond city,51,Information,1408.0,1197.0,-211.0,-0.14985795454545456,18.0,3.0,-0.026894309682406164,-0.14985795454545456,41.25001368564813,-79.11720171847601,-173.13281196717213,-211.0,-211.0,0.0
51760,Richmond city,52,Finance and Insurance,8624.0,8896.0,272.0,0.03153988868274583,8.0,13.0,-0.11480562033484625,0.03153988868274583,252.65633382459478,-1242.7400035923088,1262.0836697677141,272.0,272.0000000000001,-1.1368683772161603e-13
51760,Richmond city,53,Real Estate and Rental and Leasing,2094.0,5147.0,3053.0,1.4579751671442216,2.0,19.0,0.09487335052328227,1.4579751671442216,61.34767660351362,137.31711939223945,2854.335204004247,3053.0,3053.0,0.0
51760,Richmond city,54,"Professional, Scientific, and Technical Services",10462.0,11425.0,963.0,0.09204740967310265,4.0,17.0,0.02597243052605177,0.09204740967310265,306.50400793980873,-34.780439776255136,691.2764318364462,963.0,962.9999999999998,2.2737367544323206e-13
51760,Richmond city,55,Management of Companies and Enterprises,9128.0,9234.0,106.0,0.01161262050832603,9.0,12.0,0.103242628498516,0.01161262050832603,267.4219637234347,674.9767492110192,-836.398712934454,106.0,105.99999999999989,1.1368683772161603e-13
51760,Richmond city,56,Administrative and Support and Waste Management,9170.0,12240.0,3070.0,0.33478735005452565,1.0,20.0,-0.04737818404344833,0.33478735005452565,268.6524328816714,-703.1103805600926,3504.4579476784215,3070.0,3070.0000000000005,-4.547473508864641e-13
51760,Richmond city,61,Educational Services,3765.0,4280.0,515.0,0.13678618857901725,6.0,15.0,0.02353954608582529,0.13678618857901725,110.30277097050086,-21.67637995736864,426.37360898686774,515.0,515.0,0.0
51760,Richmond city,62,Health Care and Social Assistance,23898.0,26348.0,2450.0,0.10251903925014645,3.0,18.0,0.13363830856047104,0.10251903925014645,700.1369510366612,2493.5513469414755,-743.688297978137,2450.0,2449.9999999999995,4.547473508864641e-13
51760,Richmond city,71,"Arts, Entertainment, and Recreation",2511.0,2957.0,446.0,0.1776184786937475,7.0,14.0,0.20360393832435444,0.1776184786937475,73.56447753172048,437.68501160073356,-65.24948913245403,446.0,446.00000000000006,-5.684341886080802e-14
51760,Richmond city,72,Accommodation and Food Services,12830.0,12217.0,-613.0,-0.04777864380358535,19.0,2.0,-0.018053005411673755,-0.04777864380358535,375.8790309565806,-607.4990903883548,-381.3799405682257,-613.0,-613.0,0.0
51760,Richmond city,81,Other Services,5107.0,5669.0,562.0,0.1100450362247895,5.0,16.0,-0.04100189216848398,0.1100450362247895,149.61919026463423,-359.0158535690819,771.3966633044478,562.0,562.0000000000001,-1.1368683772161603e-13
51760,Richmond city,99,Unclassified,308.0,367.0,59.0,0.19155844155844157,10.0,11.0,0.16838424733161575,0.19155844155844157,9.023440493735528,42.83890768440212,7.1376518218623515,59.0,59.0,0.0
51770,Roanoke city,23,Construction,3997.0,4787.0,790.0,0.19764823617713284,3.0,11.0,0.13591228420498483,0.19764823617713284,117.09964822552242,426.14175174180195,246.75860003267562,790.0,790.0,0.0
51770,Roanoke city,44-45,Retail Trade,7539.0,6721.0,-818.0,-0.10850245390635363,12.0,2.0,-0.04443155394673292,-0.10850245390635363,220.86921390348098,-555.8386991079004,-483.0305147955805,-818.0,-818.0,0.0
51770,Roanoke city,48-49,Transportation and Warehousing,3901.0,4008.0,107.0,0.027428864393745193,6.0,8.0,0.3346557282617785,0.027428864393745193,114.28714729241005,1191.2048486567878,-1198.4919959491979,107.0,107.0,0.0
51770,Roanoke city,52,Finance and Insurance,3022.0,2107.0,-915.0,-0.3027796161482462,13.0,1.0,-0.11480562033484625,-0.3027796161482462,88.53518562359989,-435.47777027550524,-568.0574153480947,-915.0,-915.0,0.0
51770,Roanoke city,53,Real Estate and Rental and Leasing,876.0,859.0,-17.0,-0.019406392694063926,8.0,6.0,0.09487335052328227,-0.019406392694063926,25.664071014650396,57.444984043744874,-100.10905505839527,-17.0,-17.0,0.0
51770,Roanoke city,54,"Professional, Scientific, and Technical Services",2593.0,2850.0,257.0,0.09911299652911686,5.0,9.0,0.02597243052605177,0.09911299652911686,75.96682207875398,-8.620309724701738,189.6534876459478,257.0,257.0,0.0
51770,Roanoke city,55,Management of Companies and Enterprises,2868.0,3364.0,496.0,0.17294281729428174,4.0,10.0,0.103242628498516,0.17294281729428174,84.02346537673212,212.07639315701175,199.90014146625614,496.0,496.0,0.0
51770,Roanoke city,56,Administrative and Support and Waste Management,2811.0,2412.0,-399.0,-0.14194236926360726,9.0,5.0,-0.04737818404344833,-0.14194236926360726,82.35354294769665,-215.53361829382993,-265.81992465386674,-399.0,-399.0,0.0
51770,Roanoke city,61,Educational Services,490.0,541.0,51.0,0.10408163265306122,7.0,7.0,0.02353954608582529,0.10408163265306122,14.355473512761067,-2.8210959307066754,39.46562241794561,51.0,51.0,0.0
51770,Roanoke city,62,Health Care and Social Assistance,12741.0,13880.0,1139.0,0.08939643670041598,1.0,13.0,0.13363830856047104,0.08939643670041598,373.2716082165077,1329.4140811524537,-563.6856893689614,1139.0,1139.0,0.0
51770,Roanoke city,71,"Arts, Entertainment, and Recreation",653.0,1624.0,971.0,1.4869831546707504,2.0,12.0,0.20360393832435444,1.4869831546707504,19.130865722108116,113.82250600369534,838.0466282741966,971.0,971.0,0.0
51770,Roanoke city,72,Accommodation and Food Services,6308.0,5718.0,-590.0,-0.09353202282815472,10.0,4.0,-0.018053005411673755,-0.09353202282815472,184.8047488132588,-298.6831069500968,-476.121641863162,-590.0,-590.0,0.0
51770,Roanoke city,81,Other Services,2880.0,2218.0,-662.0,-0.2298611111111111,11.0,3.0,-0.04100189216848398,-0.2298611111111111,84.37502799337118,-202.46047743860504,-543.914550554766,-662.0,-661.9999999999999,-1.1368683772161603e-13
51775,Salem city,31-33,Manufacturing,2749.0,2835.0,86.0,0.03128410331029465,3.0,9.0,-0.03237878773034985,0.03128410331029465,80.53713609506158,-169.5464235657933,175.00928747073172,86.0,86.0,0.0
51775,Salem city,42,Wholesale Trade,1633.0,1956.0,323.0,0.19779546846295162,1.0,11.0,-0.05056216076505557,0.19779546846295162,47.84181274763025,-130.409821276966,405.56800852933577,323.0,323.0,0.0
51775,Salem city,44-45,Retail Trade,1842.0,1546.0,-296.0,-0.16069489685124863,10.0,2.0,-0.04443155394673292,-0.16069489685124863,53.964861654093646,-135.80778402397567,-214.15707763011793,-296.0,-295.99999999999994,-5.684341886080802e-14
51775,Salem city,52,Finance and Insurance,531.0,436.0,-95.0,-0.17890772128060264,9.0,3.0,-0.11480562033484625,-0.17890772128060264,15.55664578627781,-76.51843018408117,-34.03821560219665,-95.0,-95.0,0.0
51775,Salem city,53,Real Estate and Rental and Leasing,188.0,165.0,-23.0,-0.12234042553191489,7.0,5.0,0.09487335052328227,-0.12234042553191489,5.507814327345063,12.328375571032005,-40.836189898377064,-23.0,-22.999999999999996,-3.552713678800501e-15
51775,Salem city,54,"Professional, Scientific, and Technical Services",619.0,568.0,-51.0,-0.08239095315024232,8.0,4.0,0.02597243052605177,-0.08239095315024232,18.134771641630817,-2.0578371460047724,-67.07693449562603,-51.0,-50.999999999999986,-1.4210854715202004e-14
51775,Salem city,55,Management of Companies and Enterprises,254.0,258.0,4.0,0.015748031496062992,6.0,6.0,0.103242628498516,0.015748031496062992,7.441408718859819,18.782218919763242,-22.223627638623064,4.0,3.9999999999999964,3.552713678800501e-15
51775,Salem city,56,Administrative and Support and Waste Management,866.0,909.0,43.0,0.049653579676674366,5.0,7.0,-0.04737818404344833,0.049653579676674366,25.37110216745119,-66.40060954907744,84.02950738162626,43.0,43.00000000000001,-7.105427357601002e-15
51775,Salem city,71,"Arts, Entertainment, and Recreation",173.0,268.0,95.0,0.5491329479768786,2.0,10.0,0.20360393832435444,0.5491329479768786,5.068361056546254,30.155120273567068,59.776518669886684,95.0,95.0,0.0
51775,Salem city,72,Accommodation and Food Services,1803.0,1475.0,-328.0,-0.18191902384914033,11.0,1.0,-0.018053005411673755,-0.18191902384914033,52.822283150016744,-85.37185190726451,-295.45043124275224,-328.0,-328.0,0.0
51775,Salem city,81,Other Services,558.0,637.0,79.0,0.14157706093189965,4.0,8.0,-0.04100189216848398,0.14157706093189965,16.347661673715663,-39.22671750372972,101.87905583001407,79.0,79.0,0.0
51790,Staunton city,31-33,Manufacturing,493.0,326.0,-167.0,-0.33874239350912777,12.0,1.0,-0.03237878773034985,-0.33874239350912777,14.443364166920828,-30.406106517983304,-151.0372576489375,-167.0,-166.99999999999997,-2.842170943040401e-14
51790,Staunton city,44-45,Retail Trade,1568.0,1532.0,-36.0,-0.02295918367346939,9.0,4.0,-0.04443155394673292,-0.02295918367346939,45.93751524083542,-115.60619182931262,33.66867658847722,-36.0,-35.99999999999999,-7.105427357601002e-15
51790,Staunton city,52,Finance and Insurance,381.0,314.0,-67.0,-0.17585301837270342,11.0,2.0,-0.11480562033484625,-0.17585301837270342,11.162113078289728,-54.903054425866145,-23.259058652423587,-67.0,-67.0,0.0
51790,Staunton city,53,Real Estate and Rental and Leasing,169.0,125.0,-44.0,-0.2603550295857988,10.0,3.0,0.09487335052328227,-0.2603550295857988,4.9511735176665725,11.08242272076813,-60.033596238434704,-44.0,-44.0,0.0
51790,Staunton city,54,"Professional, Scientific, and Technical Services",333.0,378.0,45.0,0.13513513513513514,4.0,9.0,0.02597243052605177,0.13513513513513514,9.755862611733543,-1.1070432465583024,36.35118063482476,45.0,45.0,0.0
51790,Staunton city,55,Management of Companies and Enterprises,336.0,402.0,66.0,0.19642857142857142,2.0,11.0,0.103242628498516,0.19642857142857142,9.843753265893303,24.84576990960807,31.310476824498625,66.0,66.0,0.0
51790,Staunton city,56,Administrative and Support and Waste Management,247.0,300.0,53.0,0.2145748987854251,3.0,10.0,-0.04737818404344833,0.2145748987854251,7.2363305258203745,-18.938741984552113,64.70241145873173,53.0,52.99999999999999,7.105427357601002e-15
51790,Staunton city,61,Educational Services,585.0,564.0,-21.0,-0.035897435897435895,6.0,7.0,0.02353954608582529,-0.035897435897435895,17.138677561153518,-3.368043100945725,-34.77063446020779,-21.0,-20.999999999999993,-7.105427357601002e-15
51790,Staunton city,62,Health Care and Social Assistance,1564.0,1700.0,136.0,0.08695652173913043,1.0,12.0,0.13363830856047104,0.08695652173913043,45.82032770195573,163.18998688662097,-73.01031458857672,136.0,136.0,0.0
51790,Staunton city,71,"Arts, Entertainment, and Recreation",99.0,142.0,43.0,0.43434343434343436,5.0,8.0,0.20360393832435444,0.43434343434343436,2.900391587272134,17.256398306838957,22.84321010588891,43.0,43.0,0.0
51790,Staunton city,72,Accommodation and Food Services,1420.0,1393.0,-27.0,-0.019014084507042252,7.0,5.0,-0.018053005411673755,-0.019014084507042252,41.60157630228718,-67.2368439868639,-1.3647323154232671,-27.0,-26.999999999999993,-7.105427357601002e-15
51790,Staunton city,81,Other Services,567.0,540.0,-27.0,-0.047619047619047616,8.0,6.0,-0.04100189216848398,-0.047619047619047616,16.61133363619495,-39.859406495725366,-3.7519271404695806,-27.0,-26.999999999999996,-3.552713678800501e-15
51800,Suffolk city,23,Construction,1238.0,1855.0,617.0,0.4983844911147011,4.0,13.0,0.13591228420498483,0.4983844911147011,36.26954328326163,131.98986456250958,448.74059215422875,617.0,617.0,0.0
51800,Suffolk city,31-33,Manufacturing,2129.0,2190.0,61.0,0.028651949271958667,8.0,9.0,-0.03237878773034985,0.028651949271958667,62.373067568710844,-131.30750664662565,129.93443907791482,61.0,61.0,0.0
51800,Suffolk city,44-45,Retail Trade,3791.0,3904.0,113.0,0.02980743867053548,7.0,10.0,-0.04443155394673292,0.02980743867053548,111.06448997321878,-279.5045109852833,281.4400210120645,113.0,113.0,0.0
51800,Suffolk city,48-49,Transportation and Warehousing,2323.0,9944.0,7621.0,3.280671545415411,1.0,16.0,0.3346557282617785,3.280671545415411,68.05666320437543,709.348593547736,6843.594743247888,7621.0,7620.999999999999,9.094947017729282e-13
51800,Suffolk city,51,Information,160.0,133.0,-27.0,-0.16875,14.0,3.0,-0.026894309682406164,-0.16875,4.687501555187287,-8.990591104372275,-22.696910450815015,-27.0,-27.0,0.0
51800,Suffolk city,52,Finance and Insurance,479.0,852.0,373.0,0.778705636743215,5.0,12.0,-0.11480562033484625,0.778705636743215,14.033207780841941,-69.02509992123329,427.9918921403913,373.0,372.99999999999994,5.684341886080802e-14
51800,Suffolk city,53,Real Estate and Rental and Leasing,246.0,240.0,-6.0,-0.024390243902439025,13.0,4.0,0.09487335052328227,-0.024390243902439025,7.2070336411004545,16.131810587626983,-29.33884422872744,-6.0,-6.0,0.0
51800,Suffolk city,54,"Professional, Scientific, and Technical Services",2936.0,3709.0,773.0,0.263283378746594,3.0,14.0,0.02597243052605177,0.263283378746594,86.01565353768672,-9.760597513198727,696.744943975512,773.0,773.0,0.0
51800,Suffolk city,55,Management of Companies and Enterprises,617.0,576.0,-41.0,-0.06645056726094004,15.0,1.0,0.103242628498516,-0.06645056726094004,18.076177872190975,45.62452391139339,-104.70070178358436,-41.0,-41.0,0.0
51800,Suffolk city,56,Administrative and Support and Waste Management,1146.0,1480.0,334.0,0.2914485165794066,6.0,11.0,-0.04737818404344833,0.2914485165794066,33.57422988902894,-87.86962880282074,388.2953989137918,334.0,334.0,0.0
51800,Suffolk city,61,Educational Services,349.0,368.0,19.0,0.054441260744985676,11.0,5.0,0.02353954608582529,0.054441260744985676,10.224612767252271,-2.0093111832992445,10.784698416046975,19.0,19.0,0.0
51800,Suffolk city,62,Health Care and Social Assistance,4838.0,5920.0,1082.0,0.22364613476643241,2.0,15.0,0.13363830856047104,0.22364613476643241,141.7383282749756,504.8038085405833,435.4578631844411,1082.0,1082.0,0.0
51800,Suffolk city,71,"Arts, Entertainment, and Recreation",263.0,303.0,40.0,0.1520912547528517,10.0,7.0,0.20360393832435444,0.1520912547528517,7.705080681339103,45.84275509796612,-13.54783577930522,40.0,40.0,0.0
51800,Suffolk city,72,Accommodation and Food Services,3135.0,3094.0,-41.0,-0.013078149920255184,16.0,2.0,-0.018053005411673755,-0.013078149920255184,91.84573359695091,-148.44190556254813,15.59617196559722,-41.0,-41.0,0.0
51800,Suffolk city,81,Other Services,897.0,948.0,51.0,0.056856187290969896,9.0,8.0,-0.04100189216848398,0.056856187290969896,26.27930559376873,-63.05800286889886,87.77869727513013,51.0,51.0,0.0
51800,Suffolk city,99,Unclassified,78.0,97.0,19.0,0.24358974358974358,12.0,6.0,0.16838424733161575,0.24358974358974358,2.2851570081538024,10.848814283712226,5.866028708133971,19.0,19.0,0.0
51810,Virginia Beach city,23,Construction,10324.0,9264.0,-1060.0,-0.10267338240991863,13.0,3.0,0.13591228420498483,-0.10267338240991863,302.46103784845974,1100.6973842838036,-2463.1584221322632,-1060.0,-1060.0,0.0
51810,Virginia Beach city,31-33,Manufacturing,6369.0,6678.0,309.0,0.04851625058878945,4.0,12.0,-0.03237878773034985,0.04851625058878945,186.59185878117395,-392.8123578357721,515.2204990545982,309.0,309.0000000000001,-1.1368683772161603e-13
51810,Virginia Beach city,44-45,Retail Trade,22847.0,21635.0,-1212.0,-0.05304854028975358,14.0,2.0,-0.04443155394673292,-0.05304854028975358,669.3459251960247,-1684.4736382170317,-196.87228697899303,-1212.0,-1212.0,0.0
51810,Virginia Beach city,51,Information,3071.0,2082.0,-989.0,-0.32204493650276783,12.0,4.0,-0.026894309682406164,-0.32204493650276783,89.970732974876,-172.56315800954533,-906.4075749653306,-989.0,-988.9999999999999,-1.1368683772161603e-13
51810,Virginia Beach city,52,Finance and Insurance,8241.0,6224.0,-2017.0,-0.24475185050357967,15.0,1.0,-0.11480562033484625,-0.24475185050357967,241.43562697686522,-1187.5487441563332,-1070.886882820532,-2017.0,-2017.0,0.0
51810,Virginia Beach city,53,Real Estate and Rental and Leasing,4583.0,4476.0,-107.0,-0.023347152520183285,9.0,7.0,0.09487335052328227,-0.023347152520183285,134.26762267139586,300.53694277680677,-541.8045654482027,-107.0,-107.0,0.0
51810,Virginia Beach city,54,"Professional, Scientific, and Technical Services",13163.0,13767.0,604.0,0.04588619615589151,3.0,13.0,0.02597243052605177,0.04588619615589151,385.63489356831417,-43.7597905538947,262.12489698558056,604.0,604.0,0.0
51810,Virginia Beach city,55,Management of Companies and Enterprises,2736.0,2881.0,145.0,0.05299707602339181,6.0,10.0,0.103242628498516,0.05299707602339181,80.15627659370261,202.31555497823715,-137.47183157193976,145.0,145.00000000000003,-2.842170943040401e-14
51810,Virginia Beach city,56,Administrative and Support and Waste Management,11792.0,12013.0,221.0,0.018741519674355497,5.0,11.0,-0.04737818404344833,0.018741519674355497,345.4688646173031,-904.1524108576458,779.6835462403428,221.0,221.0000000000001,-1.1368683772161603e-13
51810,Virginia Beach city,61,Educational Services,3489.0,3534.0,45.0,0.012897678417884782,8.0,8.0,0.02353954608582529,0.012897678417884782,102.21683078780278,-20.087354494358348,-37.129476293444434,45.0,44.99999999999999,7.105427357601002e-15
51810,Virginia Beach city,62,Health Care and Social Assistance,23741.0,25375.0,1634.0,0.06882608146244892,1.0,15.0,0.13363830856047104,0.06882608146244892,695.5373401356337,2477.169743398509,-1538.707083534143,1634.0,1633.9999999999998,2.2737367544323206e-13
51810,Virginia Beach city,71,"Arts, Entertainment, and Recreation",3172.0,4216.0,1044.0,0.3291298865069357,2.0,14.0,0.20360393832435444,0.3291298865069357,92.92971833158796,552.9019740332643,398.16830763514776,1044.0,1044.0,0.0
51810,Virginia Beach city,72,Accommodation and Food Services,24906.0,24635.0,-271.0,-0.010880912229984743,11.0,5.0,-0.018053005411673755,-0.010880912229984743,729.6682108343412,-1179.2963636174875,178.62815278314653,-271.0,-270.9999999999998,-2.2737367544323206e-13
51810,Virginia Beach city,81,Other Services,6068.0,5904.0,-164.0,-0.02702702702702703,10.0,6.0,-0.04100189216848398,-0.02702702702702703,177.77349648047786,-426.5729781588386,84.79948167836079,-164.0,-163.99999999999997,-2.842170943040401e-14
51810,Virginia Beach city,99,Unclassified,494.0,555.0,61.0,0.12348178137651822,7.0,9.0,0.16838424733161575,0.12348178137651822,14.472661051640749,68.70915713017743,-22.18181818181818,61.0,61.00000000000001,-7.105427357601002e-15
51820,Waynesboro city,31-33,Manufacturing,1341.0,1124.0,-217.0,-0.16181953765846382,11.0,1.0,-0.03237878773034985,-0.16181953765846382,39.28712240941345,-82.7070767558126,-173.58004565360082,-217.0,-216.99999999999997,-2.842170943040401e-14
51820,Waynesboro city,44-45,Retail Trade,1857.0,2064.0,207.0,0.11147011308562198,2.0,10.0,-0.04443155394673292,0.11147011308562198,54.404314924892454,-136.9137106039755,289.509395679083,207.0,206.99999999999997,2.842170943040401e-14
51820,Waynesboro city,48-49,Transportation and Warehousing,185.0,980.0,795.0,4.297297297297297,1.0,11.0,0.3346557282617785,4.297297297297297,5.419923673185301,56.491386055243716,733.088690271571,795.0,795.0,0.0
51820,Waynesboro city,52,Finance and Insurance,201.0,169.0,-32.0,-0.15920398009950248,8.0,4.0,-0.11480562033484625,-0.15920398009950248,5.88867382870403,-28.964603516008125,-8.924070312695903,-32.0,-32.0,0.0
51820,Waynesboro city,53,Real Estate and Rental and Leasing,113.0,108.0,-5.0,-0.04424778761061947,7.0,5.0,0.09487335052328227,-0.04424778761061947,3.3105479733510217,7.410140635779875,-15.720688609130898,-5.0,-5.000000000000002,1.7763568394002505e-15
51820,Waynesboro city,54,"Professional, Scientific, and Technical Services",270.0,348.0,78.0,0.28888888888888886,4.0,8.0,0.02597243052605177,0.28888888888888886,7.910158874378547,-0.8976026323445696,70.98744375796602,78.0,78.0,0.0
51820,Waynesboro city,55,Management of Companies and Enterprises,438.0,522.0,84.0,0.1917808219178082,3.0,9.0,0.103242628498516,0.1917808219178082,12.832035507325198,32.3882357750248,38.77972871764999,84.0,83.99999999999999,1.4210854715202004e-14
51820,Waynesboro city,56,Administrative and Support and Waste Management,168.0,125.0,-43.0,-0.25595238095238093,10.0,2.0,-0.04737818404344833,-0.25595238095238093,4.921876632946652,-12.881411552245972,-35.04046508070068,-43.0,-43.0,0.0
51820,Waynesboro city,71,"Arts, Entertainment, and Recreation",45.0,84.0,39.0,0.8666666666666667,5.0,7.0,0.20360393832435444,0.8666666666666667,1.3183598123964246,7.843817412199526,29.837822775404053,39.0,39.0,0.0
51820,Waynesboro city,72,Accommodation and Food Services,1467.0,1473.0,6.0,0.00408997955010225,6.0,6.0,-0.018053005411673755,0.00408997955010225,42.97852988412344,-69.46228882304884,32.4837589389254,6.0,6.0,0.0
51820,Waynesboro city,81,Other Services,415.0,380.0,-35.0,-0.08433734939759036,9.0,3.0,-0.04100189216848398,-0.08433734939759036,12.158207158767027,-29.173992408687877,-17.984214750079143,-35.0,-34.99999999999999,-7.105427357601002e-15
51830,Williamsburg city,23,Construction,82.0,102.0,20.0,0.24390243902439024,3.0,4.0,0.13591228420498483,0.24390243902439024,2.4023445470334845,8.742462757775272,8.855192695191244,20.0,20.0,0.0
51830,Williamsburg city,44-45,Retail Trade,1317.0,1054.0,-263.0,-0.19969627942293092,6.0,1.0,-0.04443155394673292,-0.19969627942293092,38.583997176135355,-97.10035372398261,-204.48364345215276,-263.0,-263.0,0.0
51830,Williamsburg city,52,Finance and Insurance,166.0,123.0,-43.0,-0.25903614457831325,4.0,3.0,-0.11480562033484625,-0.25903614457831325,4.863282863506811,-23.92101583909129,-23.94226702441552,-43.0,-43.0,0.0
51830,Williamsburg city,53,Real Estate and Rental and Leasing,95.0,128.0,33.0,0.3473684210526316,2.0,5.0,0.09487335052328227,0.3473684210526316,2.783204048392452,6.229764251319364,23.987031700288185,33.0,33.0,0.0
51830,Williamsburg city,54,"Professional, Scientific, and Technical Services",588.0,372.0,-216.0,-0.3673469387755102,5.0,2.0,0.02597243052605177,-0.3673469387755102,17.226568215313282,-1.9547790659948403,-231.27178914931844,-216.0,-216.0,0.0
51830,Williamsburg city,81,Other Services,220.0,265.0,45.0,0.20454545454545456,1.0,6.0,-0.04100189216848398,0.20454545454545456,6.44531463838252,-15.465730915448995,54.02041627706648,45.0,45.00000000000001,-7.105427357601002e-15
51840,Winchester city,31-33,Manufacturing,1393.0,1368.0,-25.0,-0.017946877243359655,4.0,8.0,-0.03237878773034985,-0.017946877243359655,40.81056041484932,-85.91421172322666,20.10365130837734,-25.0,-24.999999999999996,-3.552713678800501e-15
51840,Winchester city,42,Wholesale Trade,360.0,263.0,-97.0,-0.26944444444444443,6.0,6.0,-0.05056216076505557,-0.26944444444444443,10.546878499171397,-28.749256374591404,-78.79762212457999,-97.0,-97.0,0.0
51840,Winchester city,44-45,Retail Trade,4192.0,3694.0,-498.0,-0.11879770992366412,11.0,1.0,-0.04443155394673292,-0.11879770992366412,122.81254074590693,-309.0696148906113,-311.74292585529554,-498.0,-497.99999999999994,-5.684341886080802e-14
51840,Winchester city,48-49,Transportation and Warehousing,273.0,171.0,-102.0,-0.37362637362637363,7.0,5.0,0.3346557282617785,-0.37362637362637363,7.998049528538309,83.36296428692722,-193.36101381546553,-102.0,-102.0,0.0
51840,Winchester city,52,Finance and Insurance,654.0,526.0,-128.0,-0.19571865443425077,8.0,4.0,-0.11480562033484625,-0.19571865443425077,19.160162606828038,-94.24303830581748,-52.91712430101056,-128.0,-128.0,0.0
51840,Winchester city,53,Real Estate and Rental and Leasing,363.0,214.0,-149.0,-0.41046831955922863,10.0,2.0,0.09487335052328227,-0.41046831955922863,10.634769153331158,23.804257086620307,-183.43902623995143,-149.0,-148.99999999999997,-2.842170943040401e-14
51840,Winchester city,61,Educational Services,1181.0,1036.0,-145.0,-0.12277730736663844,9.0,3.0,0.02353954608582529,-0.12277730736663844,34.59962085422617,-6.799416926866497,-172.80020392735966,-145.0,-145.0,0.0
51840,Winchester city,62,Health Care and Social Assistance,7188.0,7640.0,452.0,0.06288258208124652,1.0,11.0,0.13363830856047104,0.06288258208124652,210.5860073667889,750.006154565877,-508.5921619326659,452.0,451.99999999999994,5.684341886080802e-14
51840,Winchester city,71,"Arts, Entertainment, and Recreation",296.0,330.0,34.0,0.11486486486486487,2.0,10.0,0.20360393832435444,0.11486486486486487,8.671877877096481,51.59488786691244,-26.266765744008914,34.0,34.00000000000001,-7.105427357601002e-15
51840,Winchester city,72,Accommodation and Food Services,2680.0,2606.0,-74.0,-0.027611940298507463,5.0,7.0,-0.018053005411673755,-0.027611940298507463,78.51565104938706,-126.89770555267272,-25.617945496714338,-74.0,-74.0,0.0
51840,Winchester city,81,Other Services,655.0,685.0,30.0,0.04580152671755725,3.0,9.0,-0.04100189216848398,0.04580152671755725,19.189459491547957,-46.04569886190496,56.85623937035701,30.0,30.000000000000007,-7.105427357601002e-15
